# FC 26 player name table. Names only, by EA internal player_id.
# source: https://raw.githubusercontent.com/ismailoksuz/EAFC26-DataHub/main/data/players.csv
# imported: 2026-08-27T17:56:36.835Z
player_id,short_name,long_name
19541,G. Morris,Glenn James Morris
20801,Cristiano Ronaldo,Cristiano Ronaldo dos Santos Aveiro
25798,R. Santa Cruz,Roque Luis Santa Cruz Cantero
52679,J. Murphy,Joseph Murphy
53110,C. Gordon,Craig Sinclair Gordon
69957,J. Elordi,Juan Manuel Elordi
69963,A. Alaniz,Agustín Nicolás Alaniz Sani
69965,M. Melchior,Marcus Melchior
69967,Isaac Romero,Isaac Romero Bernal
69969,J. Zozaya,Juan Pablo Zozaya
69982,A. Rando,Alexander Rando
69986,R. Mitchell,Roald Mitchell
69987,R. Paula,Raul Carlos Vasko Caldaroska Paula
69992,M. Luković,Miloš Luković
69996,A. Platret,Aurélien Platret
69997,A. Avom Ebong,Arthur Avom Ebong
70004,S. Mayulu,Senny Mayulu
70005,A. Bermont,Anthony Bermont
70006,M. Bechikh,Mohamed Bechikh
70007,S. Andersen,Silas Andersen
70011,Y. Fofana,Yaya Kader Fofana
70012,N. Sangui,Nhoa Ryan Sangui
70013,P. Yıldırım,Engin Poyraz Efe Yıldırım
70014,E. Zuliani,Edhy Yvan Zuliani
70015,N. Wasbauer,Nicolas Wasbauer
70017,G. Yassine,Gessime Yassine
70018,C. Louis,Coleen Louis
70020,M. Amougou,Mathis Amougou
70022,R. Lutin,Rayan Lutin
70025,S. Bakayoko,Siaka Bakayoko
70026,C. Ashford,Cian Ty Ashford
70029,J. Okeke,Favour Jidechi Okeke
70030,J. Adams,Joe Adams
70035,M. Hamilton,Micah Philippe Jude Hamilton
70037,F. Onyeka,Francis-Ikechukwu Onyeka
70045,J. Murrell,Jacob Murrell
70049,K. Mutandwa,Kingstone Mutandwa
70050,A. Vinciguerra,Alessandro Vinciguerra
70053,P. Monje,Pablo Monje
70055,Xiao Kun,Xiao Kun
70056,Li Zhi,Li Zhi
70063,B. Brandtman,Bailey Anthony Brandtman
70065,M. Nourani,Motez Nourani
70066,G. Sloane-Rodrigues,Gabriel Edward Sloane-Rodrigues
70069,C. Hatenboer,Cedric Hatenboer
70079,A. Sipić,Adem Sipić
70084,A. Douglas,Alex Raymond Douglas
70092,L. Popp,Leander Nicolas Popp
70096,P. Åslund,Patric Karl Emil Åslund
70103,A. Cardaklija,Anes Čardaklija
70104,R. Frej,Robin Sixten Frej
70105,F. Beckman,Filip Beckman
70107,R. Wendin Thomasson,Robin Wendin Thomasson
70108,A. Wängberg,August Nils Tomas Wängberg
70109,J. Fagerjord,Joackim Åberg
70111,W. Milovanović,William Milovanovic
70113,F. Gustafsson,Filip Gustafsson
70114,A. Henriksson,Axel Henriksson
70115,Erick,Erick Nunes Barbosa dos Santos
70117,H. Jenssen,Håvar Grøntvedt Jenssen
70118,J. Fischer,Jonathan Frost Fischer
70119,O. Langbråten,Ole Langbråten
70120,S. Molde,Stian Stray Molde
70121,L. Begby,Ludvig Begby
70123,I. Hermansen,Imre Bech Hermansen
70124,J. Magnússon,Júlíus Magnússon
70125,Y. Bojang,Yahya Bojang
70126,J. Bjartalíð,Jóannes Bjartalíð
70129,G. Lundgren,Gustav Lundgren
70136,A. Bravo,Agustín Antonio Bravo
70137,J. Kadijevic,Julián Kadijevic
70138,F. Rieper,Frederik Thykær Rieper
70141,N. Pariano,Nick Pariano
70143,L. Tahwildaran,Liam Jonatan Tahwildaran
70149,S. Fukuda,Shio Fukuda
70155,T. Habroune,Taha Habroune
70160,T. Yegbe,Terry Yegbe
70162,M. Golding,Michael Heinz Golding
70163,L. Hasa,Luis Hasa
70164,T. Bach,Tobias Bach
70166,V. Halvorsen,Victor Emanuel Halvorsen
70168,M. Valenti,Matías Valenti
70170,João Pedro,João Pedro Reginaldo
70176,Ó. Quiñónez,Óscar Esteban Quiñónez Mendoza
70177,A. Hammond,Aydan Johnathan Hammond
70185,D. Hickson,David Hickson Gyedu
70186,A. Ersungur,Ali-Eren Ersungur
70187,C. Ibayi,Christopher Ibayi
70191,T. De Vlieger,Tibe De Vlieger
70192,H. Matthews,Hayden John Matthews
70195,A. Mekvabishvili,Anzor Mekvabishvili
70198,L. Herrera,Luciano Ramón Herrera
70203,K. Vázquez,Kevin Alejandro Vázquez
70214,Y. Murillo,Yeison Mena Murillo
70220,D. Kelly,Daniel Kelly
70222,W. Frederick,Wayne Alix Frederick II
70228,J. Gardner,Joseph Charles Gardner
70229,J. McDonnell,Jamie Carson McDonnell
70230,L. Orford,Lewis Orford
70237,N. Castelle,Niklas Horst Castelle
70240,B. Ersoy,Burhan Ersoy
70241,E. Bulut,Emrecan Bulut
70249,B. Burmaz,Borisav Burmaz
70251,A. Mazza,Andrea Sergio Mazza
70252,S. Goglichidze,Saba Goglichidze
70253,A. Ünyay,Arda Ünyay
70264,Rupérez,Iñaki Rupérez Urtasun
70265,Aldaír Ferreira,Aldaír Caputa Ferreira
70268,Ș. Bană,Ștefan Daniel Bană
70273,A. Ouattara,Abdoul Kader Ouattara
70275,J. Stokes,Joshua Dale Stokes
70277,A. Lapage,Amando Lapage
70279,M. Seiler,Mats Seiler
70281,D. Mina,Diego Emerson Mina
70283,Diogo Prioste,Diogo Ferreira Prioste
70284,Daniel Azevedo,Daniel Grilo Azevedo
70289,Sidny Cabral,Sidny Lopes Cabral
70291,S. Rivero,Simón Gonzalo Rivero
70295,H. Karlsson,Hlynur Freyr Karlsson
70297,N. Mikić,Noa Mikić
70298,João Lameira,João Pedro Santos Lameira
70301,Pablo Sáenz,Pablo Sáenz Ezquerra
70319,J. Bland,Jonathan Patrick Richard Bland
70322,V. Cespedes,Victor Imanol Céspedes Barreto
70327,O. Diawara,Ousmane Diawara
70328,S. Granaas,Sondre Milian Granaas
70330,A. Warneryd,Alexander Rickard Chadchai Thongla-Iad Warneryd
70331,A. Boudri,Amin Boudri
70332,R. Brazionis,Ignacio Ramiro Brazionis Suárez
70333,G. Petit,Gonzalo Ezequiel Petit Abad
70334,J. Recoba,Jeremía Alexandre Recoba Perrone
70335,L. Sanabria,Lucas Agustín Sanabria Magolé
70340,B. Araneda,Benjamín Sebastián Araneda Aravena
70344,A. Boiro,Adama Boiro Boiro
70415,E. Lepaul,Estéban Lepaul
70419,Italo,Italo Moreira Barcelos
70427,F. Surdez,Franck William Surdez
70430,B. Cabrera,Bruno Cabrera
70431,N. Claa,Nicolás Cláa
70432,B. Hatton,Ben Hatton
70435,F. Masuero,Facundo Andrés Masuero
70436,E. Kuhinja,Emir Kuhinja
70438,T. Parmo,Tomás Parmo
70439,M. Morro,Mateo Morro
70440,D. Tarzia,Diego Tarzia
70441,A. Luna,Alex Nahuel Luna
70442,T. Reid-Brown,Tahir Yazid Reid-Brown
70443,L. Palavecino,Lucas Agustín Palavecino
70444,M. Jones,Malachi Jones
70445,G. Knudsen,Gustav Nørregaard Knudsen
70446,M. Forbes,Michael Forbes
70448,A. Aznou,Adam Aznou Ben Cheikh
70450,F. Benaissa-Yahia,Fahem Benssouna Ali Benaïssa-Yahia
70458,L. Michal,Lucas Michal
70460,J. van de Haar,Jesse van de Haar
70462,H. Güreler,Hamza Güreler
70465,N. Jatta,Nuha David Jatta
70471,E. Akinsanmiro,Ebenezer Akinsanmiro
70473,T. Pouilly,Tom Tony Pouilly
70475,A. Mahamoud,Adel Mahamoud
70477,D. Tabibou,Dehmaine Tabibou Assoumani
70480,A. Njie,Alieu Eybi Njie
70481,A. Ciammaglichella,Aaron Ciammaglichella
70482,M. Ilić,Mihajlo Ilić
70483,S. Culbert,Sam Culbert
70492,Thiago Dombroski,Thiago Dombroski Moreira
70496,N. Adedeji-Sternberg,Noah Adedeji-Sternberg
70497,K. Karetsas,Konstantinos Karetsas
70500,C. Konietzke,Corsin Konietzke
70511,G. Diakité,Gaoussou Diakité
70513,H. Shillington,Harrison Thomas Shillington
70514,A. Padmanabhan,Ankith Padmanabhan
70515,A. Lebib,Andriano Lebib
70518,Z. Lisolajski,Zach Lisolajski
70520,W. Waweru,Wilson Waweru
70522,T. Doğan,Tyler Doğan
70524,F. Stolz,Franz Valentin Stolz
70539,L. Vennegoor of Hess.,Lucas Vennegoor of Hesselink
70541,O. Pona,Oumar Kalifa Pona
70545,K. de Rooij,Kaj de Rooij
70550,D. Morris,Darick Kobie Morris
70552,S. Malkoçoğlu,Salih Malkoçoğlu
70555,Tiago Gabriel,Tiago Gabriel Coelho Oliveira
70565,F. Machado,Facundo Machado Campos
70569,M. Linday,Marcus Linday
70571,Kevin,Kevin Santos Lopes de Macedo
70577,K. Gyamfi,Kingsley Gyamfi
70582,J. Petris,Jeremy Arnaud Petris
70584,N. Masoud,Nayef Khaled Rashid Mubarak Masoud
70585,João Luiz,João Luiz Alves Soares
70587,F. Moya,Flavio Martín Moya Ortega
70626,F. Ruíz,Freiver Stiven Ruíz Vallecilla
70628,D. Ďuriš,Dávid Ďuriš
70631,Yoon Jae Seok,Jae-seok Yoon
70634,Jung Jae Sang,Jae-sang Jeong
70636,Park Jin Young,Jin-young Park
70637,Jung Heon Taek,Heon-taek Jeong
70641,Kim Hyeon Jun,Hyeon-jun Kim
70642,Kim Min Young,Min-young Kim
70650,T. Fumagalli,Tommaso Fumagalli
70651,Kaio César,Kaio César Andrade Lima
70654,A. Vanlalrinchhana,Aron Vanlalrinchhana
70658,Abhijith PA,Abhijith PA
70661,J. Sunny,Joseph Sunny
70669,G. Chiaverano,Giovani Chiaverano Meroi
70670,T. Santamaría,Thiago Santamaría
70671,Chissumba,Francisco Edgar Chissumba Rodrigues
70676,N. Dubersarsky,Nicolás Dubersarsky
70679,T. Ramírez,Tobías Emanuel Ramírez Cardozo
70680,L. Gómez,Lucas Nicolás Gómez
70681,G. Siri,Gonzalo Siri Payer
70685,M. Perelló,Matías Mijail Perelló
70687,F. Medina,Federico Tomás Medina
70688,J. Lucco,Jeremías Nicolás Lucco Piccoli
70689,M. Benítez,Mauricio Leonel Benítez
70690,J. Saralegui,Jabes Esteban Saralegui
70693,T. Nemčík,Tomáš Nemčík
70694,T. Claes,Thomas Claes
70697,S. Flores,Santiago Gabriel Flores
70698,R. Borzone,Rodrigo Borzone
70699,J. Cortazzo,Juan Cruz Cortazzo
70700,F. Petrasso,Francisco Petrasso
70701,T. Ostchega,Tobias Ostchega
70703,M. Reali,Matías Reali
70709,C. Ortíz,Cristian Nicolás Ortíz
70710,D. González,David Daniel González Torres
70711,E. Ocampo,Elías Nahuel Ocampo
70712,A. Módica,Agustín Ignacio Módica
70723,T. Meynadier,Tom Meynadier
70725,S. Ouaissa,Sami Ouaissa
70726,A. Hadj-Moussa,Anis Hadj Moussa
70728,K. Wätjen,Kjell-Arik Wätjen
70730,M. Garananga,Munashe Peter Garananga
70744,L. Turner,Luke Turner
70745,Kazu,Christian Kendji Wagatsuma Ferreira
70746,T. Krouma,Thaer Krouma
70752,A. Chase,Anrie Chase
70753,B. Edet,Blessing Essien Edet
70754,L. Reinoso,Lucciano Fabrissio Reinoso Torin
70756,M. Vegas,Miguel Enrique Vegas Cordero
70759,Hwang Seo Ung,Seo-woong Hwang
70760,Kim Dong Min,Dong-min Kim
70761,Lee Dong Hyeop,Dong-hyeop Lee
70762,Lee Gyu Min,Kyu-min Lee
70763,Kim Dong Jin,Dong-jin Kim
70765,J. Ndiaye,Junior Ndiaye
70766,Y. Zague,Yoram Zague
70768,R. Nzingoula,Rabby Nzingoula
70780,B. Mayo,Bradley Paul Mayo
70781,B. Fredrick,Benjamin Chiemela Fredrick
70786,J. King,Joshua David Steven King
70787,J. Thomas,Jordan Reece Thomas
70794,S. Banerjee,Sayan Banerjee
70799,J. Anasmo,Joel Anasmo
70801,S. Ørjasæter,Sondre Holmlund Ørjasæter
70810,Luís Asué,Luís Miguel Nlavo Asué
70819,T. Pittino,Tommaso Pittino
70821,A. Raychev,Adrian Raychev
70822,Gabriel Pec,Gabriel Fortes Chaves
70824,G. Leoni,Giovanni Leoni
70825,G. Alesi,Gabriele Alesi
70831,D. Paraschiv,David Paraschiv
70832,Matheus Jussa,Matheus Isaias dos Santos
70834,Barrachina,Hugo Barrachina Diloy
70836,Z. Bradshaw,Zak Dominic Bradshaw
70838,J. Lindberg,Julius Lindberg
70841,M. Yalcouyé,Malick Junior Yalcouyé
70843,E. Guðmundsson,Eggert Aron Guðmundsson
70845,Marlon Gomes,Marlon Gomes Claudino
70848,A. Stoian,Alexandru Constantin Stoian
70850,R. Schewe,Ryan Schewe
70856,M. Anderson,Markus Adeniyi Anderson Adedeji
70860,T. Bany,Tammer Bany Odeh
70862,V. Tsukanov,Viktor Tsukanov
70867,D. Hollý,Dominik Hollý
70869,C. Diabaté,Cheick Mamadou Diabaté
70878,A. Kalandadze,Aleksandre Kalandadze
70885,M. Jaber,Mahmoud Jaber
70887,G. Kanichowsky,Gavriel Kanichowsky
70888,A. Khalaili,Anan Khalaili
70892,D. Turgeman,Dor Turgeman
70893,S. Idumbo,Stanis Idumbo Muzambo
70897,J. Lázaro,Jeremías Ezequiel Lázaro
70898,J. Vallejos,Jeremías Vallejos
70902,A. Manneh,Abdoulie Manneh
70903,A. Tóth,Tóth Alex László
70904,T. Pereira Cardoso,Tiago Pereira Cardoso
70906,W. Osawe,Winners Mark Osawe
70908,André Lacximicant,André Filipe Ferreira Lacximicant
70909,K. Bos,Kasey Bos
70916,S. Westerlund,Sivert Eriksen Westerlund
70918,T. Miettinen,Tony Miettinen
70922,S. Mitrović,Stefan Mitrović
70928,M. Kuusk,Märten Kuusk
70934,A. Piol,Ariath Deng Piol
70935,I. Jones,Isaiah Jones
70937,Maestro,António Simão Muanza
70941,Y. Hamdaoui,Youssef Hamdaoui
70943,J. Iribarren,Juan Martín Iribarren
70946,I. Tuci,Indrit Tuci
70948,R. Alte,Ruben Kristensen Alte
70951,T. Hoffmann,Tim Hoffmann
70952,T. Al Khaibari,Thamer Fathi Al Khaibri
70953,A. Roaldsøy,Alwande Benedict Roaldsøy
70956,G. Aguayo,Gabriel Aguayo Díaz
70958,T. Jyry,Tommi Jyry
70959,R. Balbarau,Raul Andrei Bălbărău
70960,N. Antwi,Nana Kwame Antwi
70963,K. Lisman,Kornel Lisman
70966,Jacobo Ramón,Jacobo Ramón Naveros
70967,Carlos Espí,Carlos Espí Escrihuela
70968,K. Cybulski,Kamil Cybulski
70969,J. Gazi,Julfikar Gazi
70970,D. Biswas,Dippendu Biswas
70971,Sorriso,Marcos Vinicios Lopes Moura
70975,B. Yameogo,Bi Abdoul Kader Yameogo
70984,H. Mills,Harley Mills
70987,B. Kalayci,Barış Jakob Kalaycı
70994,L. Koumas,Lewis Koumas
70996,J. Wright,Jacob Wright
70999,G. Eyjólfsson,Gísli Eyjólfsson
71000,L. Cerri,Leonardo Cerri
71003,Y. Bright,Yannick Bright
71005,Leo Afonso,Leonardo Frugis Afonso
71007,Choi Jun Yeong,Jun-yeong Choi
71008,Min Ji Hoon,Ji-hoon Min
71009,Bae Hyun Seo,Hyun-seo Bae
71010,Heo Dong Min,Dong-min Her
71013,L. Cepeda,Lucas Antonio Cepeda Barturen
71046,J. Rapp,Johan Rapp
71058,A. Molina,Agustín Ávalos Molina
71059,M. Johnsgård,Markus Johnsgård
71066,M. Ponomarenko,Matviy Ponomarenko
71068,V. Yoganathan,Vimal Yoganathan
71070,W. Osnes-Ringen,William Osnes-Ringen
71078,K. Coronel,Kevin Agustín Coronel Alarcón
71080,C. Antley,William Conner Antley
71081,M. Dawran,Majed Mohammed Yazid Dawran
71084,L. Mettler,Loris Mettler
71088,G. Marecos,Gustavo Alexis Marecos Benítez
71091,L. Barbosa,Luis René Barbosa Quiroz
71101,A. Sarco,Alejo Sarco
71103,Shin Min Ha,Min-ha Shin
71106,Yang Min Hyeok,Min-hyuk Yang
71108,M. Suárez,Mathías Andres Suárez Cabrera
71109,G. Adu,Gibson Nana Adu
71110,S. Egeli,Sindre Walle Egeli
71114,D. Cissé,Djaoui Cissé
71115,A. Pereira,Pablo Agustín Pereira Castelnoble
71125,T. Das,Tanmay Das
71127,Jesin TK,Jesin TK Thonikkara
71129,B. Blacker,Billy Blacker
71134,Z. Bawa,Steve Zishim Bawa
71138,V. Borden,Vincent Russell Borden
71140,D. Hurley,David Hurley
71141,P. Hickey,Patrick Hickey
71142,E. McCarthy,Ed McCarthy
71145,C. Barrett,Cian Barrett
71148,D. McMenamy,Dean McMenamy
71149,A. Queally,Adam Queally
71150,M. Al Qahtani,Majed Al Qathani
71151,C. Tsawa,Cheveyo Tsawa
71158,A. Lohake,Alfons Lohake
71167,E. Mooney,Evan Mooney
71169,I. Wisdom,Ian Wisdom Pestana
71170,N. Nartey,Noah Teye Nartey
71172,M. Opoku,Michael Opoku
71174,T. Jørgensen,Thomas Jørgensen
71177,M. El Mala,Malek El Mala
71178,S. El Mala,Saïd El Mala
71181,M. Doumbia,Mamadou Doumbia
71191,J. Mijatović,Jovan Mijatović
71193,Han Sang Gyu,Sang-kyu Han
71194,Sin Il Yeon,Il-yeon Sin
71200,Jeong Seung Bae,Seung-bae Jung
71204,Lee Jun Gyu,Jun-gyu Lee
71205,Yoon Do Young,Do-young Yun
71206,Kim Han Seo,Han-seo Kim
71207,Kim Min Su,Min-soo Kim
71215,M. Alli,Millenic Oluwole Sulaiman Alli
71216,F. Potter,Finley Potter
71217,T. Serrago,Tiago Serrago
71218,N. Petković,Nikola Petkovic
71220,A. Sønderskov,Anders Sønderskov
71223,D. Ćelić,David Ćelić
71224,F. Martínez,Fredy Joel Martínez Mancilla
71230,F. Loyola,Felipe Ignacio Loyola Olea
71231,D. Escobar,Dylan Alejandro Escobar Álvarez
71232,J. Blesa,Jalen Aleix Miller Blesa
71234,Kwak Sung Hun,Sung-hoon Kwak
71242,C. Solano,Cristhian Julio Solano Barro
71243,A. Rangel,Alex Daniel Rangel Corozo
71254,Lee Gyu Dong,Kyu-dong Lee
71257,L. Farrington,Logan Farrington
71258,M. Themsen,Mike Kofod Themsen
71259,L. Červ,Lukáš Červ
71260,T. Perugini,Thiago Nazareno Perugini
71261,T. Drexler,Tim Drexler
71263,N. Di Giusto,Nevio Emanuele Di Giusto
71264,M. Benama,Mayssam Benama
71265,P. Argney,Paul Antoine Robin Stanislas Argney
71272,A. Popoola,Anjola Popoola
71274,D. Sasnauskas,Dovydas Sasnauskas
71277,Arguibide,Iñigo Arguibide Goñi
71279,Lucas Terrer,Lucas Terrer Casas
71283,M. Wetschka,Matthias Wetschka
71288,G. Swajkowski,Gianluca Swajkowski
71290,E. Lorenz,Elias Lorenz
71291,Fabrício Garcia,Fabrício Garcia Andrade
71292,L. Mares,Luc Katja Anne Mares
71296,İ. Vural,İsak Vural
71297,L. Gindorf,Lars Timo Gindorf
71305,J. Seys,Joaquin Seys
71309,Bruno Oliveira,Bruno de Oliveira Souza
71314,D. Job,Daniel Job
71320,G. Escudero,Gonzalo Escudero
71323,Jang Nam Ung,Nam-ung Jang
71324,Sung Jin Young,Jin-young Sung
71325,Jin Si Woo,Si-woo Jin
71326,Hwang Jae Yun,Jae-yun Hwang
71329,Kim Chang Hun,Chang-hoon Kim
71330,T. Mykhavko,Taras Mykhavko
71331,D. Tvardovskyi,Denys Tvardovskyi
71342,A. Mohammed,Araphat Mohammed
71343,J. Agbonifo,Jeremy Nosakhare Agbonifo
71344,S. Al Essa,Sultan Al Essa
71348,O. Gerbig,Oliver Benjamin Gerbig
71350,J. Gadou,Kouakou Henry-Joane Aaron Aimerick Gadou
71351,J. Mokio,Jorthy Mokio
71358,Ahn Hyeok Ju,Hyeok-joo Ahn
71359,Moon Min Seo,Min-seo Moon
71369,Jang Yeong Woo,Young-woo Jang
71379,A. Piesold,Axel Piesold
71383,H. Rölleke,Hugo Johannes Walter Rölleke
71384,J. Esua,Jeannot Esua
71388,Cabello,Jorge Cabello Trujillo
71392,Kim Jae Min,Jae-min Kim
71393,U. Yusup,Umidjan Yusup
71394,Sun Minghim,Minghim Sun
71395,L. Mesanvi,Loïc Mesanvi
71400,R. Gómez,Román Agustín Gómez
71401,J. Kumi,Justin Kumi
71407,N. Gomis,Nicksoen Gomis
71411,Choi Gyu Hyeon,Gyu Hyeon Choi
71412,Choi Seok Hyun,Seok-hyeon Choi
71418,B. Touré,Bazoumana Touré
71419,G. López,Guillermo López Matturo
71420,M. Alsalkhadi,Mohammad Alsalkhadi
71423,A. Gundersen,Andreas Hegdahl Gundersen
71430,Liu Chengyu,Liu Chengyu
71431,He Xin,He Xin
71437,Yang Haoyu,Yang Haoyu
71438,A. Kuzhiyil,Aman Chama Kuzhiyil
71439,L. Orgler,Laurenz Orgler
71440,Han Jiawen,Han Jiawen
71447,N. Michalski,Nicholas Jake Michalski
71450,M. Bundgaard,Marcus Bundgaard Sørensen
71451,O. Zmrzlý,Ondřej Zmrzlý
71455,Chae Hyun Woo,Hyun-woo Chae
71457,J. Reinatti,Josué Jerónimo Reinatti Balansino
71459,Jo In Jung,In-jung Jo
71462,M. Clemente,Mateo Clemente
71469,M. Orr,Matt Orr
71471,Behram Abduweli,Behram Abduweli
71473,M. Kritzer,Mateo Kritzer
71474,L. Ben Farhat,Louey Ben Farhat
71475,C. Bautista,César Fidel Ernesto Bautista Flores
71476,Gui,José Guilherme Ribeiro
71477,Diogo Sousa,Diogo Lobão de Sousa
71478,Rodrigo Duarte,Rodrigo Silva Duarte
71482,T. Quintal,Tiago Quintal
71485,W. Urbański,Wojciech Urbański
71487,S. Nair,Sohaib Naïr
71491,J. Pereyra,Joaquin Maximiliano Pereyra
71493,H. Jones,Harrison Jones
71515,Bernardo,Bernardo Caltabiano Parise Fontes
71525,N. Semmen,Niclas Schjøth Semmen
71532,K. Smit,Kees Smit
71546,A. Benítez,Alcides Javier Benítez Cabrera
71553,N. Zätterström,Nils Zätterström
71563,N. Barrie,Nathan Barrie
71573,Jing Boxi,Jing Boxi
71577,Song Haoyu,Song Haoyu
71590,J. Symalla,Jan-Simon Symalla
71598,Osambela,Asier Osambela Larraya
71604,J. MacIntyre,Jacob MacIntyre
71611,A. Soumahoro,Aboubaka Soumahoro
71618,T. Spicer,Tyrese Spicer
71624,A. Boukamir,Amine Boukamir
71629,M. Pledl,Marco Pledl
71632,S. Al Subaie,Sattam Ibrahim Ali Al Subaie
71634,E. da Silva Moreira,Eric Emanuel da Silva Moreira
71636,S. Crnovrsanin,Sadin Crnovršanin
71638,Kim Woon,Woon Kim
71639,Han Ka Ram,Ka Ram Han
71641,L. Kokubo,Leo Brian Kokubo
71646,J. Velásquez,Jhon Cristian Velásquez
71651,J. Acheampong,Joshua Kofi Acheampong
71653,R. Sarki,Rilwanu Haliru Sarki
71655,J. Giménez,Juan Valentin Giménez
71671,W. Correa,Wilfred Correa Sanmartín
71672,K. Kosugi,Keita Kosugi
71681,G. Heredia,Gerónimo Heredia
71682,F. Rami,Franco Rami
71688,Kim Min Ho,Min Ho Kim
71689,Park Jeong Hoon,Jeong-hun Park
71714,T. González,Thomas González Rocha
71722,B. Brantlind,Benjamin Brantlind
71724,H. Andersson Mella,Hugo Jonas Andersson Mella
71727,H. Skoglund,Erik Hampus Skoglund
71729,B. Kurtulus,Bleon Kurtulus
71730,A. Albarracín,Agustín Albarracín Basil
71735,A. Severo,Jorge Alejandro Severo Cordero
71742,B. O'Neil,Bailey O'Neil
71743,F. Talladira,Fabian Talladira
71772,Á. Espínola,Angel Alejandro Espinola Oviedo
71777,I. M'Bahia,Ivan Adnan Joshua M'Bahia
71778,R. Bamba,Rayan Bamba
71781,I. Ba,Ibrahima Ba
71786,S. Villamil,Sergio Fabián Villamíl Cortez
71789,E. Valencia,Elías Jair Valencia Tenorio
71790,L. Moreno,Luis Johan Moreno Zuñiga
71791,I. Mosquera,Ignacio Ariel Mosquera Arroyo
71795,R. Troya,Rooney Anderson Troya Macías
71797,Iker Venteo,Iker Venteo Plaza
71804,V. Colangiuli,Vincenzo Colangiuli
71805,L. Colombo,Leonardo Colombo
71811,M. Daniele,Matías Ezequiel Daniele
71812,L. Irusta,Lucas Benjamín Irusta
71814,C. Crew,Charlie Crew
71815,D. Herrera,Daniel Ezequiel Herrera
71828,A. Aman,Awad Dahal Mushen Aman
71832,H. Al Hammami,Hammam Al Hammami
71836,L. Beqiri,Lion Beqiri
71838,T. Pfeiffer,Tim Pfeiffer
71839,D. Xhemalija,Demir Xhemalija
71843,I. Séoné,Ismaël Libo Seone
71848,E. Tamiche,Edicson Tamiche
71850,P. Mollica,Piero Gianfranco Mollica Cacique
71851,H. Al Shanqeeti,Hamed Abdullah M. Yousef Al Shanqiti
71857,W. Igor,Wilfred George Igor
71858,M. Olsen,Marius Berntsen Olsen
71860,M. Myklebust,Mathias Bakken Myklebust
71861,M. Ndiaye,Mame Mor Ndiaye
71864,T. Guddal,Tobias Kvalvågnes Guddal
71865,A. Traore,Amidou Traoré
71867,H. Sjåtil,Håkon Sjåtil
71868,H. Volden,Håkon Singsdal Volden
71881,S. Lampinen-Skaug,Simo Lampinen-Skaug
71882,V. Nielsen,Villads Schmidt Nielsen
71897,M. Angély,Mathys Angély
71899,C. Neira,Cristian Neira Herrera
71907,B. Sagües Barreiro,Benjamín Sagüés Barreiro
71908,S. Sosa,Santiago Nahuel Sosa Yung
71910,G. Albarracín,Gustavo Albarracín
71911,Guilherme Zimovski,Guilherme da Gama Zimovski
71912,Hodei,Hodei Arrillaga Elezgarai
71914,João Peglow,João Gabriel Martins Peglow
71919,M. Noonan,Michael Noonan
71921,J. Persson,Joakim Persson
71925,L. Engelns,Luis Engelns
71926,K. Singh,Thingujam Korou Singh
71931,H. Haugen,Haakon Haugen
71942,S. Besra,Shyamal Besra
71943,M. Boamah,Michael Boamah
71944,T. Guiacobini,Tomas Guiacobini
71956,I. Tyjon,Igor Tyjon
71959,J. Alfaro,Juan Luis Alfaro
71960,J. Dornelly,James Daniel Dornelly
71961,J. Charcopa,Jairón Andrés Charcopa Cabezas
71963,M. Mau-Asam,Myron Mau-Asam
71968,I. Galván Vittar,Ignacio Galván Vittar
71970,T. Harris,Taylan Yusuf Kenneth Harris
71972,Rafa Bauza,Rafel Bauzà Sureda
71973,E. Wheatley,Ethan Joseph Wheatley
71977,Alberto Risco,Alberto Risco Alcántara
71981,Diogo Spencer,Diogo Filipe Spencer Marques
71983,Chen Xing,Chen Xing
71987,M. France,Marin Robert France
71988,K. Ngo,Khoa Ngo
71994,N. Tolf,Noah Tolf
71996,K. Busuladžić,Kenan Busuladžić
71997,K. Dyer,Kiano Dyer
71998,T. George,Tyrique George
72003,Yu Tianxiang,Yu Tianxiang
72005,Y. Casermeiro,Yuri Casermeiro
72006,M. Delgado,Milton Delgado
72009,Jimmy Farkarlun,Bryant Jimmy Farkarlun
72013,F. Ardraa,Fredrik Pau Vilaseca Ardraa
72018,D. Vincze,Dominic Vincze
72020,K. Abdallah,Keyliane Hikram Abdallah
72022,E. Jaouen,Ewen Jaouen
72026,C. McKenna,Callan McKenna
72027,F. Munroe,Finley Munroe
72028,P. Mbemba,Pierre Mbemba
72030,Jonathan Silva,Jonathan Silva Pertinhes
72034,M. Caprini,Maat Daniel Caprini
72037,D. Ring,Daniel Ring
72046,D. Lawlor,Dylan Lawlor
72048,L. Tidstrand,Ludvig Tidstrand
72054,Wendel Silva,Wendel da Silva Costa
72061,A. Matthews,Ajay Matthews
72062,M. Barry,Mamadou Thierno Barry
72070,D. O'Brien-Brady,Donay Kaylin O'Brien-Brady
72071,J. Slory,Jaden Fernando Slory
72080,V. Burlet,Vincent Burlet
72085,K. Sever,Kamilcan Sever
72086,A. García,Alfredo Alejandro García Escalante
72089,Y. Al Shanqeeti,Younes Abdul Karim Ahmed Al Shanqeeti
72093,Martim Fernandes,Martim Moreira Moutinho Fernandes
72094,K. Golonka,Konrad Golonka
72095,W. Mońka,Wojciech Mońka
72097,A. Dellavalle,Alessandro Dellavalle
72098,D. Bakola,Darryl Bakola
72099,R. Messali,Rafik Messali
72100,A. Kouassi,Arsène Kan Guy Kouassi
72101,S. Contena,Sacha Contena
72104,Jesús Martínez,Jesús Martínez Girón
72106,M. Kovalevskis,Max Kovalevskis
72107,Koke,Jorge Iglesias González
72112,A. Atlee Manneh,Alieu Sean Atlee Manneh
72118,E. Solberg,Elias Johnsson Solberg
72121,H. Sørlie,Henri Sørlie
72122,A. Bakeng-Rogne,Andreas Kornelius Bakeng-Rogne
72124,E. Morrison,Elijah Morrison
72128,R. Pinto Pedrosa,Rafael Pinto Pedrosa
72129,E. Gül,Emre Gül
72130,L. Reich,Lukas Reich
72133,H. Benali,Hacène Benali
72134,K. Cissé,Kémo Cissé
72136,D. Durand,Damien Durand
72137,R. Hachem,Ryad Hachem
72138,M. Ifnaoui,Merwan Ifnaoui
72139,J. Ikanga,Jovany Ikanga
72141,R. Slimani,Rayan Slimani
72157,A. Jena,Ayush Jena
72159,M. Moore,Mikey Steven Danny Moore
72163,S. Šaljić,Sanel Šaljić
72164,L. Middleton,Lachlan Middleton
72167,T. Smalls,Tyger Smalls
72169,Xabi Huarte,Xabier Huarte Armendáriz
72170,I. Fakili,Ilhan Fakılı
72179,L. Torriani,Lorenzo Torriani
72180,N. Fortini,Niccolò Fortini
72190,L. Järeteg,Linus Järeteg
72192,L. Remmem,Lars Bjørnerud Remmem
72210,D. Mafico,Dakarai Mafico
72212,N. Eccleston,Neo Arlee Ifny Eccleston
72245,M. Pérez Vinlöf,Olof Matteo Pérez Vinlöf
72246,J. Asp-Jensen,Jonathan Asp-Jensen
72247,P. Villalba,Pedro André Villalba Gaona
72250,A. Koné,Abdoul Koné
72254,Y. Mouanga,Yaël Mouanga Boudzoumou
72267,João Rego,João Pedro Seno Luís Rêgo
72271,A. Haider,Armin Haider
72276,A. Kaszuba,Adam Kaszuba
72277,T. Moi,Tobias Saliou Séne Moi
72284,T. Hall,Tyrese Hall
72293,Sergio Rodelas,Sergio Rodelas Pintor
72299,W. Prins,Wouter Prins
72301,M. Scholze,Max Scholze
72302,C. Ferreira,Clever Domingo Ferreira Ñamandu
72306,P. Ouotro,Vignon Mathieu Patrick Ouotro
72308,A. Chabane,Amine Chabane
72310,A. Sidibé,Aly Sidibé
72315,T. Bulut,Taylan Bulut
72319,A. Røssing-Lelesiit,Alexander Røssing-Lelesiit
72322,J. Ajayi,Junior Ajayi
72324,M. Palma,Matteo Palma
72335,M. Plath,Max Plath
72337,Gustavo Varela,Gustavo Miguel Pereira Sousa Varela
72354,A. Hemia,Amine Hemia
72360,S. Baždar,Samed Baždar
72365,B. Bröger,Bennit Bröger
72371,M. Kücüksahin,Mahmut Kücüksahin
72374,Y. Zouaoui,Yanis Zouaoui
72375,H. Kijima,Hosei Kijima
72376,J. Norbye,Jonathan Vonheim Norbye
72378,E. Gyamfi,Emmanuel Gyamfi
72379,G. Minoungou,Georgi Minoungou
72382,J. Velázquez,Juan Martín Velázquez
72384,L. Jurak,Luka Jurak
72390,W. Stanway,Wylliam Sam Stanway
72397,G. Toniolo,Giacomo Toniolo
72400,R. Sigurgeirsson,Rúnar Thór SigurgeirssonRúnar Þór Sigurgeirsson
72404,M. Coman,Marius Cătălin Coman
72405,E. Botchway,Evans Botchway
72409,T. Dahl,Tobias Solheim Dahl
72415,E. Gökçek,Enes Melih Gökçek
72417,B. Çetin,Bedirhan Çetin
72419,J. Lerma,Justin Armando Lerma Soliz
72420,B. Boakye,Benjamin Bediako Boakye
72423,Brau,Miguel Ángel Brau Blánquez
72425,Yoel Lago,Yoel Lago Amil
72426,Javi Rueda,Javier Rueda García
72431,C. Cook,Connor Cook
72454,J. Arthurs,Jude Arthurs
72456,B. Krauhaus,Ben Krauhaus
72457,M. Cheek,Michael Cheek
72459,W. Davies,Will Davies
72465,O. Ontivero,Octavio Damián Ontivero
72522,D. Draband,Dominik Draband
72525,P. Fritschi,Paulo Joel Fritschi
72528,D. Thomas,Dylan Thomas
72529,D. Tritschler,David Tritschler
72531,L. Simnica,Luan Simnica
72534,J. Meierhofer,Jakob Meierhofer
72535,C. Nicht,Christoph Nicht
72537,Y. Oberleitner,Yannick Oberleitner
72538,L. Graf,Lukas Graf
72541,T. Schriebl,Thorsten Schriebl
72542,C. Lichtenberger,Christian Lichtenberger
72543,K. Milla,Kevin-Prince Milla
72549,J. Boziaris,Jannis Boziaris
72550,P. Vuc,Patrick Vuc
72551,R. Geller,Robert Geller
72553,M. Herwerth,Maximilian Tobias Herwerth
72554,A. Azevedo,Alexandre Nogueira Azevedo
72555,M. Kmeť,Matúš Kmeť
72556,S. Kóša,Sebastián Kóša
72557,T. Rigo,Tomáš Rigo
72560,Kang Ju Hyeok,Ju-hyeok Kang
72561,Aarón Martín,Aarón Martin Luis
72563,Paco Cortés,Francisco Cortés Gracia
72568,J. Roche,James Roche
72582,K. Drummond,Kane Drummond
72586,I. Zhelizko,Ivan Zhelizko
72588,M. Khlan,Maksym Khlan
72589,T. Bobček,Tomáš Bobček
72590,P. Szczuka,Patryk Szczuka
72593,B. Jaroszek,Bartosz Jaroszek
72596,A. Bondhus,Anders Bondhus
72597,J. Solberg,Jesper Johnsson Solberg
72598,G. Rogala,Grzegorz Rogala
72601,A. Bród,Alan Bród
72611,A. Omgba,Aimé Ntsama Omgba
72613,M. Ndiaye,Mbaye Jacques Ndiaye
72616,A. Najemski,Arkadiusz Najemski
72617,F. Wójcik,Filip Wójcik
72618,F. Luberecki,Filip Luberecki
72619,I. Coadă,Ionuţ Coadă
72620,D. Pospelov,Dmytro Pospelov
72621,L. Vlăsceanu,Laurențiu Constantin Vlăsceanu
72622,C. Afalna,Christ Nkama Afalna
72624,C. Toma,Constantin Adrian Toma
72625,F. Ibrian,Florinel Valentin Ibrian
72627,A. Dorobanțu,Andrei Cristian Dorobanțu
72634,B. Pauwels,Benjamin Pauwels
72637,I. Dinu,Alexandru Ionuț Dinu
72641,R. Sălceanu,Robert Ionuț Sălceanu
72654,Gustavo,Gustavo Pinto Mendonça
72656,J. Mercado,John Anthony Mercado Cuero
72658,Vasco Lopes,Vasco Rafael Fortes Lopes
72669,M. Bragaru,Maksym Bragaru
72672,M. Ndiaye,Mamour Ndiaye
72674,H. Matsuda,Hayate Matsuda
72675,H. Chakroun,Husseyn Chakroun
72677,T. Moustier,Tom Moustier
72690,Martim Watts,Martim Gustavo Silva Watts Rodrigues
72691,Francisco Gonçalves,Francisco Adriano Baptista Gonçalves
72694,L. Gojković,Luka Gojković
72695,D. Codrea,Dorin Codrea
72698,E. Antoniou,Evagoras Antoniou
72699,L. Koerdt,Lennart Koerdt
72703,Á. Marchese,Ángelo Marchese
72704,T. Espinosa,Thiago Nahuel Espinosa Dovat
72707,A. Zeljković,Adrian Zeljković
72708,J. Córdoba,José Ángel Córdoba Chambers
72711,C. Valerius,Cherrion Valerius
72715,S. Malone,Shea Malone
72717,C. Cannon,Conor Cannon
72721,Simão Rocha,Simão Pedro Dias da Rocha
72722,J. Schöller,Jakob Maximilian Schöller
72724,J. Al Ashban,Jassim Mohammed Abdulrahman Al Ashban
72731,S. Yalçın,Samet Yalçın
72739,M. Sawaan,Mohammed Hussein Sawaan Samili
72740,S. Al Rashid,Saud Al Rashid
72741,S. Al Shehri,Sultan Amer Ali Al Qahimi Al Shahri
72745,L. Rivero,Lautaro Rubén Rivero Cruz
72752,C. Chira,Mihai Octavian Cristian Chira
72754,Luis Guilherme,Luis Guilherme Lira dos Santos
72755,E. Bethke,Elias Bethke
72758,J. Juckel,Janis Juckel
72762,A. Caragea,Adrian Iulian Caragea
72766,Noufal PN,Noufal PN
72769,N. Meier,Nick Elias Meier
72775,S. Strujić,Sasa Strujic
72776,N. Winter,Nils Winter
72779,T. Töpken,Thilo Töpken
72780,F. Meyer,Felix Christian Meyer
72790,S. Tronchin,Simone Tronchin
72802,A. Roșca,Alexandru Vasile Ailiesei Roșca
72805,D. Lalhlansanga Hmar,David Lalhlansanga
72808,Paulo Moreira,Paulo Daniel Valente Moreira
72809,A. Jude-Boyd,Arkell Nicholas Cecil Jude-Boyd
72817,C. Mora,Carlos Andrei Mora Montoya
72823,T. İlter,Taşkın İlter
72824,S. Sešlar,Svit Sešlar
72825,P. Ampem,Prince Obeng Ampem
72827,T. Lepley,Tucker Lepley
72829,A. Signorini,Alessandro Signorini
72831,M. Bellich,Marco Bellich
72833,M. Baldi,Matteo Baldi
72834,G. Leone,Giuseppe Leone
72839,S. Mazzini,Stefano Mazzini
72844,A. Siano,Alessandro Siano
72845,A. Ciofi,Andrea Ciofi
72849,M. Francesconi,Matteo Francesconi
72850,E. Adamo,Emanuele Manolo Pio Adamo
72852,C. Shpendi,Cristian Shpendi
72856,N. Radaelli,Nicolò Radaelli
72857,T. Maggioni,Tommaso Maggioni
72858,D. Wieser,David Wieser
72859,C. Bani,Cristiano Bani
72860,G. Fedel,Giacomo Fedel
72861,A. Fiori,Antonio Fiori
72862,D. Bragantini,Davide Bragantini
72863,A. Ntoi,Andreas Ndoj
72866,Leandro Andrade,Leandro Livramento Andrade
72868,T. Bayramov,Toral Mais oglu Bayramov
72869,E. Cafarquliyev,Elvin Eldar oğlu Cəfərquliyev
72870,N. Akhundzada,Nariman AkhundzadaNəriman Əhməd oğlu Axundzadə
72871,B. Mustafazada,Bahlul MustafazadaBəhlul Ələmdar oğlu Mustafazadə
72874,K. Medina,Kevin David Medina Rentería
72876,A. Isayev,Aleksey Aleksandr oğlu İsayev
72877,A. Hüseynov,Abbas İsrafil oğlu Hüseynov
72878,A. Ramazanov,Amin Rais oğlu Ramazanov
72884,K. Thymianis,Konstantinos Thymianis
72887,Héliton,Héliton Jorge Tito dos Santos
72888,A. Dennis,Anthony Junior Dennis
72889,O. Bayrak,Ogün Bayrak
72890,K. Mamah,Kenneth Obinna Mamah
72891,M. Aïko,Makan Aïko
72892,M. Suray,Mathis Suray
72893,L. Smans,Levi Smans
72894,L. Milani,Lorenzo Milani
72898,L. Heráldez,Leslie Eduardo Heráldez Sevillano
72899,S. Oduoye,Shola Michael Oduoye
72900,M. Wentzel,Michael Wentzel
72901,A. Rick,Andrew Rick
72905,Raul Gustavo,Raul Gustavo Pereira Bicalho
72907,M. Krajewski,Marcel Krajewski
72909,J. Edwards,Joshua Edwards
72912,R. Bozhinov,Rosen Petkov Bozhinov
72913,O. Fryer,Oscar Fryer
72916,S. Zanon,Simone Zanon
72917,K. Fesiun,Kiril Fesyun
72918,I. Pappoe,Isaac Pappoe
72919,A. Ghram,Alaa Ghram
72923,M. Kikolski,Maciej Kikolski
72935,M. Lemnaru,Mihăiță Lemnaru
72936,C. Kabongo,Christophe Kabongo
72937,F. Wiegele,Florian Wiegele
72939,J. Thomas,Joe Ethan Thomas
72940,L. Paradela,Luis Javier Paradela Díaz
72945,Vitor Meer,Vitor Alves Meer
72948,J. Burek,Jakub Burek
72953,K. Whitmore,Kai Whitmore
72954,D. Hrncar,David Hrnčár
72955,A. Palacios,Adrián José Palacios Hernández
72957,Gabriel Maioli,Gabriel Maioli da Silva
72959,M. Zacharias,Marlon Zacharias
72961,L. Demming,Lukas Demming
72962,L. Podlech,Luca Podlech
72964,V. Becker,Vitalie Becker
72965,P. Remmert,Peter Remmert
72967,M. Grüger,Max Grüger
72969,R. Swann,Reuben Swann
72970,D. Ellison,Daniel Luke Matthew Ellison
72971,S. Viruthiyil Santhosh,Sreekuttan Viruthiyil Santhosh
72972,R. Fosso,Donfack Ryan Gloire Fosso Ymefack
72973,F. Kruger,Facundo Nicolás Krüger
72974,L. Hyryläinen,Luka-Mikael Hyryläinen
72975,A. Barry,Abubakr Barry
72976,B. Biedrzycki,Bartosz Biedrzycki
72978,T. Jambor,Timotej Jambor
72979,R. Rotund,Raul Codruț Rotund
72981,M. Bartoš,Marek Kristián Bartoš
72986,R. Brennan,Rhys Brennan
72988,S. Brady,Scott Brady
72992,J. Tijink,Jop Tijink
72997,Rodrigo Mora,Rodrigo Mora de Carvalho
73002,F. Schmahl,Julius Frederik Schmahl
73005,M. Mahmoud,Mohammad Mahmoud
73007,L. Szabó,Levente Szabó
73008,M. Marie,Max Marie
73009,R. Safi,Ramien Safi
73012,Teo Quintero,Teo Quintero León
73013,A. Koch,Aki Koch
73016,F. Mane,Filippo Calixte Mané
73033,M. Svenningsen-Grønn,Mathias Svenningsen-Grønn
73037,S. Skeide,Syver Skundberg Skeide
73039,N. Fernandes,Nora Fernandes
73040,S. Solomon,Sol Solomon
73041,J. Williams,Joshua James Williams
73044,Ulisses Wilson,Ulisses Wilson Jeronymo Rocha
73045,F. Ruocco,Francesco Ruocco
73046,M. Mendes-Dudziński,Marcel Mendes-Dudziński
73047,F. Botti,Federico Botti
73048,S. Kozlovský,Samuel Kozlovský
73049,Pedro Lima,Pedro Henrique Cardoso de Lima
73050,Adriano Amorim,Adriano Luís Amorim Santos
73051,D. Ask,Daniel Ask
73056,M. Saheef,Muhammed Saheef
73057,C. Campbell,William Cole Campbell
73059,A. Bayo,Alama Bayo
73060,L. Rakesh,Likmabam Rakesh Meitei
73061,R. Lalthanmawia,Renthlei Lalthanmawia
73062,Sreekuttan MS,Sreekuttan MS
73063,M. Ajsal,Muhammad Ajsal
73064,S. Singh,Sagolsem Bikash Singh
73067,A. Ackra,Allan Ackra
73068,G. Akueson,Gustave Akueson
73070,P. David,Promise Oluwatobi Emmanuel David
73071,D. Schmidt,Danny Schmidt
73072,L. Petersson,Lúkas Blöndal Petersson
73078,K. Sano,Kaishu Sano
73080,M. Adilèhou,Moïse Wilfrid Maoussé Adilèhou
73082,J. Kouadio,Julien Kouadio
73083,A. Drouhin,Axel Drouhin
73085,A. Mille,Antoine Mille
73086,L. Laurent,Loni Laurent Quenabio
73087,Kim Hyeong Jin,Hyeong-jin Kim
73089,S. Dulić,Sean Dulic
73090,R. Ott,Raphael Ott
73091,M. Muthu,Muthu Irulandi Mayakkannan
73092,J. Randall,Jesse Carmichael Randall
73094,V. Rubchynskyi,Valentyn Rubchynskyi
73095,R. Idrissi,Riyad Idrissi
73096,H. Eames,Haine Anthony Eames
73099,A. Nunes,Alex Nunes
73100,B. Van Dorssen,Ben Van Dorssen
73102,L. Gillion,William Bruce Gillion
73103,F. McKenlay,Finn McKenlay
73104,A. Coulibaly,Adama Coulibaly
73105,O. Middleton,Oliver Middleton
73106,J. Bidois,Jonty Bidois
73108,A. Bugarija,Adam Bugarija Cardeno
73109,A. Faisal,Abdelelah Faisal
73110,W. Freney,William Freney
73113,A. Malić,Arjan Malić
73118,J. Blagaić,Jakov Blagaić
73119,S. Spari,Simon Emil Spari
73121,B. Matić,Boris Matić
73125,K. Davidsen,Kasper Stie Davidsen
73128,Zé Vitor,José Vítor Lima Cardoso
73129,M. Remberg,Mats Jakob Remberg
73131,I. Badjie,Ismail Badjie
73133,N. Kolbe,Niklas Kolbe
73134,F. Heck,Fabian Heck
73135,L. Sirch,Luca Sirch
73136,L. Robinson,Leon Reid Robinson
73137,M. Haas,Mika Haas
73138,R. Tonin,Riccardo Tonin
73141,F. Milojević,Filip Milojević
73146,T. Golliard,Théo Golliard
73147,O. Wohlers,Ole Wohlers
73149,A. Kelati,Andu Yobel Kelati
73150,L. Kolić,Luka Kolic
73151,D. dos Santos,Daniel Dos Santos Correia
73152,D. Graskoski,Daniel Alexander Graskoski
73154,I. Maslarov,Ilija Maslarov
73157,T. Heike,Tim Heike
73158,M. Dühring,Marc Niclas Dühring
73159,E. Archer,Ethon Emmanuel Archer
73160,M. Wagner,Matti Wagner
73161,R. Lubach,Rafael Lubach
73162,Cristo Muñoz,Cristobal Muñoz López
73163,João Goulart,João Pedro Goulart da Silva
73165,A. Bäuerle,Anton Bäuerle
73169,J. Sietan,Janne Sietan
73170,S. Yigit,Seyhan Yiğit
73172,A. Rexhepi,Arlind Ibrahim Rexhepi
73173,N. Tošić,Nemanja Tošić
73174,A. Spagnoli,Antonio Spagnoli
73175,E. Maluvunu,Elias Maluvunu
73176,J. Bock,Julian Maximilian Anton Bock
73183,T. Kaufmann,Tino Kurt Kaufmann
73187,J. Karner,Jonas Karner
73188,B. Markuš,Benjamin Markuš
73192,A. Ait Boudlal,Abdelhamid Ait Boudlal
73193,L. Seji,Laurent Seji
73199,Carlos Puga,Carlos Francisco Puga Medina
73200,S. Cella,Stefano Cella
73201,C. Moustfa,Can Yahya Moustfa
73203,M. Kukucka,Michal Kukučka
73205,M. Hoffmann,Marco Philip Hoffmann
73209,Q. Butler,Quincy Lee Butler
73211,A. Smir,Alec Smir
73213,Miguel Narváez,Miguel de Jesús Narváez López
73215,Cheli,José Luis Pereda López
73217,M. Corbu,Marius Dumitru Corbu
73218,U. Emmanuel,Umeh Emmanuel
73222,S. Kader,Saul Kader
73235,C. Gomis,Christian Pierre Louis Gomis
73238,J. Mitchell,Jeyland Yahir Mitchell Baltodano
73240,S. Huber,Silas Simon Huber
73252,L. Millán,Giovanni Lautaro Millán
73253,J. Eyestone,Julian Eyestone
73254,D. Teah,Divine Roosevelt Teah
73255,A. Kujundžić,Antonio Kujundžić
73256,Rafa Rodrigues,Rafael Vela Rodrigues
73257,V. Osuji,Vince Osuji
73258,L. Eide,Lars Tanggaard Eide
73259,Ander Yoldi,Ander Yoldi Aizagar
73260,J. Svanþórs,Jason Dadi SvanthórssonJa
73261,Z. Asare,Zico Kukuu Asare
73282,Y. Diarra,Youssouf Diarra
73285,I. Brkić,Ivan Brkić
73286,D. Odogu,David Uyoyo Odogu
73288,D. Zukić,Dejan Zukić
73289,V. Kany,Vincent Kany
73290,M. Manitu,Messy Mubundu Manitu
73291,E. Dao,Elyess Dao
73292,L. Vraa,Ludwig William Vraa-Jensen
73294,P. Nadjombe,Pierre Nadjombe
73295,S. Wæver,Simon Sylvest Wæver
73296,N. Obaretin,Nosa Edward Obaretin
73297,S. Krell,Stefan Krell
73298,M. Agger,Mads Agger
73300,D. Maftei,David Iulian Maftei
73301,S. Emini,Sefer Emini
73303,I. Nikolov,Ivan Nikolov
73305,S. Joachims,Simon Joachims
73306,D. Forkel,Dustin Forkel
73307,Bruninho,Bruno Gonçalves de Jesus
73308,M. Spellman,Michael Dean Emery Spellman
73310,J. Lis,Jakub Lis
73311,K. Łukasiak,Kacper Łukasiak
73312,J. Ćalušić,Josip Ćalušić
73316,J. Vertrouwd,Jozhua Tomayo Vertrouwd
73317,B. Cipenga,Brian Kibambe Cipenga
73319,K. Chamorro,Kevin José Chamorro Rodríguez
73324,J. Placias,Julian Placias
73325,R. Rangel,José Raúl Rangel Aguilar
73330,M. Bokele,Morgan Bokele Mputu
73333,L. Sgarbi,Lorenzo Sgarbi
73334,O. Urso,Oliver Urso
73348,Y. Titraoui,Yassine Mohammed Titraoui
73349,Sidney Lima,Sidney Alexssander Pena de Lima
73350,Serginho,Sérgio Miguel Araújo Lobo
73355,B. Önal,Başar Önal
73356,L. Nieuwenhuijs,Luc Nieuwenhuijs
73359,A. Portillo,Ayrton Nicolás Portillo
73364,L. Björklund,Lukas Edvin Björklund
73366,N. Campbell,Norman Odale Campbell
73367,D. Duah,Dennis Duah
73368,M. Burghardt,Maxim Burghardt
73369,R. Bornschein,Ricky Bornschein
73370,M. Clausen,Mika Clausen
73373,J. Letáček,Jiří Letáček
73374,C. Uche,Christantus Ugonna Uche Uche
73375,I. Bekhoucha,Ismael Bekhoucha Lemlal
73377,L. Srdanović,Loun Srdanovic
73379,I. Doumbia,Issa Doumbia
73381,J. Hansen,Jakob Segadal Hansen
73386,F. Oliana,Filippo Oliana
73389,Zárate,Hugo Zárate Calzada
73390,Arriola,Marcos Gracia Arriola
73392,I. Cercel,Ionuț Cercel
73394,Gabri,Sergio Gabriel de la Vara
73395,I. Gândilă,Ianis Alessio Gândilă
73396,D. Barbu,David Andrei Barbu
73398,Rômulo,Rômulo José Cardoso da Cruz
73400,F. Tchassem,Franck Tchassem
73404,A. Chică-Roșă,Adi Marian Chică-Roșă
73405,M. Pavlović,Michael Pavlović
73406,M. Korenica,Meriton Korenica
73408,Casas,Antonio Manuel Casas Marín
73412,Albarrán,Carlos Albarrán Sanz
73413,Carracedo,Cristian Carracedo García
73414,Adilson,Adilson Mendes-Martins
73417,F. Bagheria,Fabrizio Bagheria
73423,G. Artistico,Gabriele Artistico
73424,C. Licsandru,Cristian Licsandru
73425,M. Tombakti,Marzouq Hussain Marzouq Tambakti
73426,C. Onuoha,Chilohem Chukwuma Onuoha
73427,M. Baradji,Moussa Baradji
73428,J. Necovski,Jayden Peter Necovski
73429,Y. Hirakawa,Yu Hirakawa
73430,P. Diong,Pape Daouda Diong
73433,G. Sambo,Giandro Alejandro Sambo
73434,O. Mengshoel,Olav Dobloug Mengshoel
73437,Pedrinho,Pedro Henrique Oliveira dos Santos
73438,Jin Jun Seo,Jun-seo Jin
73444,N. Radmanovac,Nikola Radmanovac
73447,A. Chiakha,Amin Chiakha
73448,O. Højer,Oliver Højer
73449,H. Igamane,Hamza Igamane
73450,Dani Sánchez,Daniel Rodríguez Sánchez
73452,Diego Murillo,Diego Murillo Dominguez
73453,Gustavo Garcia,Gustavo Garcia dos Santos
73456,Š. Chaloupek,Štěpán Chaloupek
73459,A. Ciobanu,Alin Ciobanu
73460,D. Ștefan,Denis Șerban Ștefan
73461,J. Hazlehurst,Jack Hazlehurst
73462,D. Ilie,David Ilie
73464,A. Botogan,Alin Boțogan
73465,J. Knightbridge,Jacob Christopher Knightbridge
73466,Y. Al Arab,Yazan Al Arab
73470,V. Ševelj,Vicko Ševelj
73471,K. Trapanovski,Kristijan Trapanovski
73483,C. Popielec,Cyprian Popielec
73485,A. Touré,Alpha Amadou Touré
73487,M. Niflore,Mathys Sauveur Niflore
73490,J. Kolan,Jakub Kolan
73501,M. Cherif,Mohamed Cherif Haidara
73502,R. Alhassane,Abdel Rahim Alhassane Bonkano
73504,O. Hyseni,Olti Hyseni
73505,Álex Calatrava,Álex Calatrava Torrado
73511,A. Sekongo,Yirigue Foungognan Sekongo
73512,R. Paton,Ruari Paton
73518,David González,David González Ballesteros
73524,M. Kaleta,Marvin Marvellous Kaleta
73542,J. Bolger,James Bolger
73545,D. Bisschops,Daan Bisschops
73547,T. Schenkhuizen,Tristan Schenkhuizen
73554,H. Hermann,Hannes Steffen Hermann
73561,Guruzeta,Jon Guruzeta Rodríguez
73562,Bento,Bento Matheus Krepski
73565,T. Akgün,Tuğbey Akgün
73568,P. Reinhardt,Peter Wolfgang Reinhardt
73570,S. Kara,Semih Kara
73572,M. Tine,Mactar Tine
73576,E. Yıldırım,Ege Yıldırım
73580,A. Kinský,Antonín Kinský
73581,A. Köseer,Cengiz Alp Köseer
73582,M. Soticek,Marin Šotiček
73584,C. Olivier,Christopher Charl Olivier
73585,J. Malanga,Jarzinho Ataide Adriano de Nascimento Malanga
73592,M. Bayram,Mert Furkan Bayram
73593,M. Barnawi,Mohammed Ali Mohammed Barnawi
73594,H. Al Khorayef,Hamad Al Khorayef
73595,S. Al Shammari,Saad Sattam Saud Al Shammari
73596,João Tomé,João Tomé Esteves Baptista
73597,G. Okkas,Georgios Okkas
73598,Z. Gruber,Zsombor Gruber
73599,J. Talvitie,Juho Jaakko Talvitie
73600,K. Zoabi,Karem Zoabi
73604,S. Tietietta,Salif Tietietta
73607,P. Mijić,Patrik Mijić
73609,R. Londja,Ruben Londja
73610,E. Agyemang,Emmanuel Ofori Agyemang
73613,V. Mayela,Victor Mayela
73615,D. Imray,Daniel Edward Peter Imray
73617,C. Nadje,Chris-Kévin Nadje
73621,H. Zwoźny,Hubert Zwoźny
73622,J. Mwimba Isala,Josué Mwimba Isala
73624,D. Mosengo,Daren Nbenbege Mosengo
73625,G. Zohouri,Guy-Noël Prince Zohouri
73629,João Costa,João Pedro Augusto Mourão Costa
73635,H. Larsen,Heine Åsen Larsen
73636,L. Nene,Bi Youan Levy Zacharia Nene
73638,C. Yirenkyi,Caleb Marfo Yirenkyi
73641,J. Nielsen,Julius Lorents Nielsen
73642,L. Hujber,Luka Hujber
73643,N. Markmann,Noah Markmann
73644,M. Freundlich,Mads Lautrup Freundlich
73645,O. Diao,Ousmane Diao
73656,S. N'Diaye,Papa Souleymane N'Diaye
73657,B. Freimann,Bung Meng Freimann
73658,F. Deli,Frans Deli
73659,O. Randazzo,Oliver Samuel Randazzo
73661,M. Memeti,Medin Memeti
73666,D. Radonjic,Dejan Radonjic
73671,O. Verhoeven,Oscar Anthony Verhoeven
73673,P. Miller,Peyton Miller
73680,A. Marušić,Aleksa Marušić
73683,D. Gorosito,Dylan Tomás Gorosito
73687,Fan Shuangjie,Fan Shuangjie
73692,L. Brughmans,Lucca Kiaba Mounganga
73693,B. Manguelle,Brad Ryan Manguelle
73699,Jin Yonghao,Jin Yonghao
73700,Qiao Junxi,Qiao Junxi
73718,Chan Shinichi,Shinichi Chan
73722,G. Antzoulas,Georgios Antzoulas
73723,Zhang Zhenyang,Zhang Zhenyang
73727,S. Baranov,Stanislav Baranov
73731,N. Banks,Noahkai Dominic Banks
73733,S. Singh,Yanglem Sanatomba Singh
73736,Z. Hadi,Zachariah Hadi
73737,H. Ibbitson,Harry Ibbitson
73745,F. Al Zubaidi,Fahad Aqeel Muhammad Al Khamjan Al Zubaidi
73746,L. Tunjić,Luka Tunjić
73749,M. Metcalfe,Max Cameron Metcalfe
73750,B. Göschl,Benjamin Göschl
73752,J. Smith,Joshua Jack Smith
73753,C. Hall,Charlie David Hall
73754,T. Walton,Tyler Walton
73759,G. Otegbayo,Gabriel Otegbayo
73763,B. Smolarczyk,Bartłomiej Smolarczyk
73765,N. Akoto,Nicholas Akoto
73766,A. Soiniemi,Aaro Soiniemi
73767,G. Beyuku,Gady-Pierre Beyuku Bowutankoyi
73768,S. Gyamfi,Stephen Annor Gyamfi
73838,A. Sherri,Alen Sherri
73844,L. O'Donnell,Lewis O'Donnell
73846,L. Njoh,Lilian Njoh
73853,Dailon Livramento,Dailon Rocha Livramento do Rosario
73854,M. Duggan,Morris Duggan
73855,M. Hawsawi,Murad Othman Harun Al Hawsawi
73858,A. Stokes,Aidan Stokes
73861,S. Thomas,Silko-Amari Otieno Thomas
73862,K. Dudek,Kamil Dudek
73863,A. Alexis,Arthur David Alexis
73864,Juan,Juan Santos da Silva
73866,P. Kattirtzis,Panagiotis Kattirtzis
73867,C. Appiah,Charles Yaw Appiah
73870,D. Vazquez,David Vazquez
73873,M. Bell,Matthew Bell
73877,J. Ricketts,Jamar Ricketts
73880,B. Clemmensen,Benjamin Clemmensen
73881,T. Pearce,Tyson Pearce
73882,Pedro Carvalho,Pedro Maria Salgueiro Costa Pessoa Carvalho
73884,C. Mouzakitis,Christos Mouzakitis
73885,C. Kostoulas,Charalampos Kostoulas
73887,L. Giménez,Luciano Giménez Alanda
73888,M. Silvetti,Mateo Thiago Silvetti
73889,C. Lalhriatpuia,Lalhriatpuia Chawngthu
73895,J. Devenny,Justin Devenny
73896,C. Kporha,Caleb Billy Mawuko Kporha
73900,J. Korte,Jakob Benjamin Korte
73901,L. Moretti,Lorenzo Moretti
73903,M. Reguła,Marcel Wojciech Reguła
73905,M. Freckleton,Miguel Freckleton
73907,S. Bhanwala,Saurabh Bhanwala
73908,B. Neziri,Behar Neziri
73910,J. Holmes,Jack Harry Holmes
73912,E. Yeboah,Elton Wiredu Yeboah
73914,S. Sigurðarson,Stefán Ingi Sigurðarson
73918,C. Souanga,Moyé Christ Souanga
73921,N. De Cat,Nathan De Cat
73922,J. Gregersen,Jesper Gregersen
73924,H. Lambotte,Hugo Michel Lambotte
73927,Marcelo,Marcelo Expósito Jiménez
73928,A. Debenedetti,Alessandro Debenedetti
73929,P. Sy,Pape Mamadou Sy
73930,M. Sow,Massamba Adam Sow
73932,P. Fall,Pape Moussa Fall
73933,F. Artioli,Federico Artioli
73934,Rubén López,Rubén López Durán
73936,M. Buljubašić,Muhamed Buljubašić
73937,J. Knowles,Joseph James Knowles
73939,R. Doucouré,Rayane Sami Doucouré
73940,J. Damevski,Joshua Damevski
73943,H. Ashfield,Harry Ashfield
73944,J. Rainbird,James Alexander Rainbird
73945,M. Rosales,Matías Gabriel Rosales
73946,A. Harper-Bailey,Aaron Harper-Bailey
73949,L. Kulenović,Luka Kulenović
73952,E. Kojzek,Erik Kojzek
73953,D. Richter,Daniel Richter
73956,J. Pauli,Julian Andreas Pauli
73959,A. Bota,Alexandru Cristian Bota
73961,A. Sanyang,Alagie Sanyang
73964,S. 't Zand,Shiloh Kiesar 't Zand
73967,T. Paradowski,Tao Paradowski
73968,T. Hottiger,Tim Hottiger
73972,L. Sahitaj,Ledjan Sahitaj
73973,J. Martini,Jacopo Martini
73974,Hodei,Hodei Alutiz Salgado
73986,W. Lykke,William Lykke
73987,J. Barrett,Jack Barrett
73988,A. Madsen,Alexander Priesborg Madsen
73989,M. Ruggero,Marco Ruggero
73990,Pau Cabanes,Pau Cabanes De La Torre
73994,T. Krohn,Tim Krohn
73995,F. Ademi,Faton Ademi
73999,P. Ranbir,Pramveer Ranbir
74000,S. Shami,Singamayum Shami
74001,M. Suhail,Muhammad Suhail F
74002,M. Zuleta,Mateo Zuleta García
74003,J. Čuber Potočnik,Jaka Čuber Potočnik
74004,M. Wäschenbach,Meiko Wäschenbach
74005,K. Morgan,Kevin Mario Morgan Michelena
74006,O. Ejeheri,Ovie Prince Ejeheri
74009,M. Bangoura,Mohamed Bangoura
74010,J. Sardo,Jacopo Sardo
74018,B. Pavić,Branko Pavić
74020,N. Pietrangeli,Nicola Pietrangeli
74036,L. Jarjou,Lamine Jarjou
74038,C. Fiorini,Cosimo Fiorini
74039,Neneca,Hélio Miguel Júnior
74043,F. Harchaoui,Fayssal Harchaoui
74044,S. García,Simón García
74049,Z. Ariss,Zakaria Ariss
74050,J. Guevara,Juan José Guevara Possú
74057,A. Al Harbi,Abdulmalik Abdullah Saud Al Harbi
74063,J. Díaz,Jefferson Abel Díaz Beleño
74067,Matheus Dias,Matheus Dos Santos Dias
74069,M. Mykhailenko,Mykola Mykhaylenko
74070,N. Skoko,Noa Skoko
74071,R. Floriani Mussolini,Romano Floriani Mussolini
74072,C. Pierobon,Christian Pierobon
74074,M. Abdullah,Majed Abdullah
74077,Y. Nahounou,Yannis Nahounou
74080,F. Davi,Federico Davi
74085,N. Botis,Nikolaos Botis
74086,M. Hennig,Maximilian Sebastian Marc Hennig
74087,Mikel Goti,Mikel Goti López
74088,Jon Balda,Jon Balda Zubiri
74091,Gorrotxa,Jon Gorrotxategi Etxaniz
74093,Pedro Santos,Pedro Miguel Costa Santos
74094,M. Liberali,Mattia Liberali
74097,A. Hluschenko,Anton Glushchenko
74102,F. Baldé,Fabio Amado Uri Baldé
74103,G. Hawsawi,Ghassan Ahmed Yousef Hawsawi
74107,S. Skipper,Stanley Skipper
74112,O. Sorg,Oliver Sorg
74115,J. Hödl,Jacob Peter Hödl
74116,M. Wyllie,Marcus Wyllie
74117,T. Bakoulas,Theofanis Bakoulas
74118,Alejandro Arévalo,Alejandro Arévalo Arrebola
74122,A. Papakanellos,Antonis Papakanellos
74123,S. McCarthy,Sean McCarthy
74125,L. Young,Leo Young
74126,H. Sidwell,Harry Sidwell
74133,J. Canvot,Jaydee Canvot
74134,M. Saka,Mathis Saka
74135,R. Asante,Raymond Anokye Asante
74136,D. Ourega,Dago Gnatoa Dylan Ourega
74139,T. Ahile,Tanguy Ahile
74140,D. Janse,Dies Janse
74142,D. León,Diego Basilio León Blanco
74145,S. Chambers,Samuel Nicholas Chambers
74147,P. Ambrose,Peter Ambrose
74148,S. German,Sam German
74149,B. Brannan,Ben Brannan
74150,L. Ignacchiti,Lorenzo Ignacchiti
74151,E. Schilte-Brown,Ethan Schilte-Brown
74155,F. Roberts,Fin Roberts
74158,K. Hughes,Kayden Hughes
74161,O. Stirton,Owen Lucas Stirton
74163,Javi Villar,Javier Villar del Fraile
74164,C. Cummins,Charlie Cummins
74165,Kaique Pereira,Kaique Pereira Azarias
74169,T. Dean,Tom Dean
74175,A. Ekeroth,Anton Ekeroth
74178,Pelayo,Pelayo Fernández Balboa
74206,F. Taylor,Fraser Cameron Taylor
74207,K. Nedeljković,Kosta Nedeljkovic
74209,Antoñito Cordero,Antonio José Cordero Campillo
74210,Izan Merino,Izan Merino Rodríguez
74211,Andrés Céspedes,Andrés Céspedes Rubio
74222,E. Williams,Euan Leslie Williams
74229,J. Janssen,Justin Meltofte Janssen
74231,L. Romero,Leenhan Schnneiderth D
74232,L. Roldán,Leonel David Roldán
74233,Robert,Robert Vinicius Rodrigues Silva
74236,A. Al Ganehi,Ahmed Mohamed Hussein Kassim Al Ganehi
74240,R. Sayavedra,Rodrigo David Sayavedra
74242,Z. Abbott,Zach MacFarlane Abbott
74243,L. Pitan,Levis Pitan
74266,J. Ajanovic,Jai Ajanovic
74295,A. Batagov,Arseniy Batagov
74297,T. Engebakken,Torjus Embergsrud Engebakken
74298,T. Watson,Thomas Watson
74301,F. Cairus,Felipe Cairus Arabeity
74302,A. van der Spa,Aleksander van der Spa
74303,K. Payne,Kai Payne
74304,J. Oyono,Jérémy Oyono Omva Torque
74310,N. Savona,Nicolò Savona
74313,F. Adekami,Muhammed Farouck Adekami
74314,C. Labidi,Chiheb Labidi
74317,Izeta,Urko Iruretagoiena Lertxundi
74321,D. Abagna,David Abagna Sandan
74322,Boris Enow,Boris Enow Takang
74324,A. Iqbal,Abdullah Iqbal
74326,I. Miladinović,Igor Miladinović
74328,A. Ajaraie,Alaeddine Ajaraie
74329,J. Rouhi,Jonas Jakob Rouhi
74333,Gui Beleza,Guilherme Beleza Braga Figueiredo
74335,D. van Reeuwijk,Daan van Reeuwijk
74337,I. Ahmed,Isaiah Ahmed
74338,B. Kirkman,Billy Naylor Kirkman
74340,D. Rallis,Dimitris Rallis
74344,M. Young,Marvin Young
74348,S. Bouland,Sven Bouland
74349,A. Yokoyama,Ayumu Yokoyama
74350,J. Bartolo,Jaiden Kamil Bartolo
74351,J. Córdoba,Juan José Córdoba Zapata
74352,B. Pllana,Bujar Pllana
74353,A. Heaney,Aaron Heaney
74354,C. Karanatsios,Christos Karanatsios
74355,K. Aleksa,Konstantin Aleksa
74357,D. Watts,Daniel Watts
74358,E. Myles,Elliot Josh Myles
74359,F. Anderson,Freddie Anderson
74360,N. Tinsdale,Nathan Tinsdale
74361,T. Schiestl,Thomas Schiestl
74363,C. Gardner,Che Gardner
74364,A. Garcia,Andre Garcia
74366,E. Osho,Emmanuel Ademola Adegoruwa Osho
74367,K. Lebersorger,Kevin Lebersorger
74368,L. Östman,Leo Håkan Östman
74369,A. Gröller,Amin-Elias Gröller
74370,A. Bassinga,Aboubacar Bassinga
74371,V. Pezzolesi,Valentín Alejandro Pezzolesi
74372,G. Vandeplas,Gerard Vandeplas
74381,M. Wojciechowski,Maciej Wojciechowski
74384,M. Anthony,Micah Oluwapelumi Anthony
74385,N. Schulte-Kellinghaus,Nicolai Schulte-Kellinghaus
74392,N. Kaján,Kaján Norbert Gábor
74393,A. Fernández,Adrian Marcos Fernández
74399,J. Żewłakow,Jakub Żewłakow
74402,M. Bostan,Melih Bostan
74403,Coba da Costa,Coba Gomes da Costa
74406,T. Berti,Tommaso Berti
74409,A. Darelas,Argyris Darelas
74411,M. Dams,Matteo Dams
74413,H. Armstrong,Harrison Armstrong
74414,K. Affo,Karim Affo
74416,S. Bane,Sidi Bane
74417,N. Seidel,Nick Seidel
74425,N. Jauny,Noah Jauny
74426,R. Yeboah,Rockson Yeboah
74429,A. Diallo,Alpha Diallo
74430,H. Araujo,Harvey Araujo
74431,C. Irié,Cyriaque Kalou Bi Irié
74433,T. Showunmi,Tola Showunmi
74436,M. Abu Al Shamat,Mohammed Waheeb Saeed Abu Al Shamat
74437,S. Al Qarni,Saad Abdullah Al Qarni
74438,Y. Tsukada,Yutaro Tsukada
74440,J. Tiendrebeogo,Josué Tiendrébéogo
74441,Raúl Chasco,Raúl Chasco Ruiz
74442,J. Kalulu,Joseph Kalulu Kyatengwa
74444,W. Debbiche,Wael Debbiche
74445,R. Touzghar,Rayan Touzghar
74448,F. Folino,Francesco Folino
74449,I. Mbaye,Ibrahim Mbaye
74450,A. Verstraeten,Andreas Verstraeten
74452,M. Oni,Milton Oni
74460,A. Oufkir,Ayoub Oufkir
74462,Gerard Martín,Gerard Martín Langreo
74463,Marc Bernal,Marc Bernal Casas
74464,F. Micheler,Florian Peter Micheler
74465,L. Strobl,Lars Strobl
74466,S. Kalambayi,Simon Elyan Kalambayi Mukuta
74473,L. Leroux,Louis Leroux
74475,B. Guirassy,Bahereba Guirassy
74476,S. Džodić,Stefan Džodić
74477,T. Chennahi,Théo Chennahi
74478,I. Camara,Issiaga Camara
74480,V. Orakpo,Victor Orakpo
74481,I. Salhi,Iliesse Salhi
74483,H. Ahanor,Honest Ahanor
74485,J. Ekhator,Jeff Ekhator Osayuki
74490,B. Popov,Bogdan Popov
74491,D. Methalie,Dayann Methalie
74492,L. Tosto,Lorenzo Tosto
74497,N. Zahui,Nesta Zahui
74501,F. Mezzoni,Francesco Mezzoni
74502,O. Kouassi,Christ-Owen Kouassi Bathele
74504,F. Russo,Flavio Russo
74505,P. Maybach,Philipp Maybach
74507,T. Akpakoun,Tom Akpakoun
74510,S. Diawara,Sankhoun Bocoum Diawara
74512,V. Gebel,Viggo Gebel
74514,I. Bayesh,Ibrahim Bayesh Kamil Al Kaabawi
74515,D. de la Cruz,Daniel Isai de la Cruz de la Cruz
74518,F. Aronsson,Frode Aronsson
74520,G. Calvani,Gabriele Calvani
74522,H. Clout,Harry Clout
74525,L. Oakes,Liam Andrew Oakes
74531,S. Biller,Sebastian Biller Mikkelsen
74533,M. Cichella,Matteo Cichella
74536,G. Bracaglia,Gabriele Bracaglia
74543,I. Garguez,Ian Álex Garguez Gómez
74544,Sergi Domínguez,Sergi Domínguez Viloria
74545,Guirao,Carlos Guirao Mora
74546,João Urbáez,Joao Andrés Urbáez Gómez
74548,Pica,Adrián Hernández Hernández
74551,De las Sías,Marco de las Sías López
74554,Chupete,Carlos Ruiz Rubio
74555,Aarón Ochoa,Aarón Ochoa Moloney
74556,Nico González,José Nicolás González Richart
74557,Ali Houary,Ali Houary Jeddoub
74559,Matia Barzić,Matia Barzić Gutiérrez
74566,S. Mbangula,Samuel-Germain Kinduelu Mbangula Tshifunda
74567,I. James,Isaac James
74574,L. Bernasconi,Lorenzo Bernasconi
74578,Gabriel Cabral,Gabriel Cabral da Cruz
74583,Marc Domènech,Marc Domenech González
74584,Lucas Alcázar,Lucas Alcázar Moreno
74586,M. Gonzalez,Matéo Gonzalez
74589,I. Traoré,Ibrahim Traoré
74591,Ro Abajas,Rodrigo Abajas Martín
74594,Mario Ramos,Mario Ramos Fernández
74597,I. Planeix,Idriss Planeix
74599,Kim Yun Ho,Yun-ho Kim
74603,L. Román,Lucas Ayrton Román
74604,O. Naasei Oppong,Oscar Naasei Oppong
74605,Víctor Fernández,Víctor Fernández Durán
74606,Jorge Salinas,Jorge Salinas Viadero
74608,Iker Martínez,Iker Martínez Martínez
74611,M. Zalazar,Mauro Zalazar Martínez
74614,W. Dobson,Will Dobson
74615,A. De Lima,Arthur Oliveira De Lima
74618,T. Bentayeb,Tawfik Bentayeb
74620,Exon Arzú,Exon Saturnino Arzú Suazo
74621,L. Cavallius,Leo Cavallius
74622,M. Edwards,Matthew Edwards
74623,D. Bugaj,Dawid Bugaj
74624,S. Eriksson,Simon Eriksson
74626,B. Durdov,Bruno Durdov
74627,J. Panoš,Jiří Panoš
74628,S. Haarala,Santeri Haarala
74630,J. Bello,James Bello
74631,I. Jeličić,Igor Jelicic
74635,F. Okoronkwo,Francis Okereke Okoronkwo
74636,J. Plug,Jan Plug
74641,F. Iacob,Flavius Iacob
74643,I. Hassane,Hassane Imourane
74644,A. Saïd,Amine Saïd
74645,O. Diop,Ousmane Diop
74646,B. Joseph,Joseph Belmar
74649,Gustavo Silva,Gustavo da Silva Cunha
74652,A. Rinaldo,Ashton Rinaldo
74655,M. Ćutuk,Mislav Ćutuk
74656,J. Rogerson,James Rogerson
74658,N. Al Ghamdi,Naser Al Ghamdi
74659,V. Kun,Viktor Kun
74673,E. Gülerce,Ramazan Efecan Gülerce
74674,S. Clemmensen,Sebastian Senna Hounou Clemmensen
74685,S. Berradi,Soulaimane Berradi
74689,A. Al Hussain,Ali Al Hussain
74690,R. Al Abdullah,Redha Adnan Al Abdullah
74695,J. Al Hassan,Jawad Al Hassan
74697,L. Scipioni,Lorenzo Scipioni
74698,Y. Zabiri,Yassir Zabiri
74699,J. Thekri,Jehad Abdullatif Ahmed Thakri
74701,A. Al Othman,Abdulaziz Jamal Al Othman
74704,M. Al Shaqaq,Montadhar Khaled Al Shqaq
74705,A. Jasim,Ali-Jasim El-Aibi Al Tameemi
74715,Å. Andersson,Bror Åke Andersson
74716,Jan Salas,Miquel Jan Salas Franch
74717,Manu González,Manuel González Pallarés
74724,D. Brik,Dhirar Brik
74726,B. Tóth,Balázs Tóth
74730,T. Agelin,Theodor Martin Agelin
74732,M. Donavin,Matys Donavin
74733,S. Awudu,Sumaila Awudu Dramani
74734,K. Gasnier,Kyllian Gasnier
74735,C. Inao Oulaï,Christ Ravynel Inao Oulaï
74742,Y. Sanyang,Youssoupha Sanyang
74747,K. Owusu,Kelsey Owusu Aninkorah-Meisel
74749,A. Stepanov,Artem Stepanov
74753,P. Adu,Prince Kwabena Adu
74755,D. Gomis,Dalangunypole Gomis
74756,J. Cameron,Jesse Cameron
74757,T. Vidackovic,Tristan Vidackovic
74759,Gustavo Nunes,Gustavo Nunes Fernandes Gomes
74765,S. Balhareth,Saif Mohammed Saleh Qawan Balhareth
74772,R. Hernándes,Ramiro Hernandes
74774,U. Raghouber,Ugo Raghouber
74777,M. Mendía,Mateo Mendía dos Santos
74781,F. Corbalán,Fabricio Alejandro Corbalán
74782,F. Minerva,Franco Minerva
74784,E. Báez,Elías de Jesús Báez Sotelo
74785,Iker Córdoba,Iker Córdoba Sánchez
74787,D. Bosnjak,Dean Bosnjak
74788,B. Kovačević,Bojan Kovačević
74789,E. Pettersen,Edvard Sundbø Pettersen
74790,L. Godoy,Lautaro Agustín Godoy
74792,L. Piñero,Lisandro Gerónimo Piñero
74797,G. Zelarayán,Gonzalo Nicolás Zelarayán
74800,L. Bernabéu,Lucas Bernabéu
74810,M. Aguiar,Mateo Aguiar
74813,M. Amondarain,Mikel Amondarain
74814,J. Merlo,Jeremías Daniel Merlo
74815,S. Primante,Santino Primante
74817,F. Ardiles,Facundo Nicolás Ardiles
74818,J. de Irastorza,Jonathan Rodrigo Adrián de Irastorza
74824,A. Medina,Diego Agustín Medina
74825,L. Cardozo,Leonel Sebastián Cardozo
74826,M. Gerez,Mariano Rubén Gerez
74835,S. Lencina,Santiago Javier Lencina
74836,K. Gutiérrez,Kevin Tomás Gutiérrez
74838,S. Beltrán,Samuel Beltrán
74842,A. Seyral,Agustín Seyral Echecopar
74845,I. Seidu,Issaka Seidu
74847,J. Godoy,Joel Godoy
74849,J. Gallard,Jeremías Gallard
74853,T. Silvero,Thiago Ariel Silvero
74854,I. Andrada,Isaías Alejandro Andrada
74855,F. Bussio,Felipe Bussio
74856,M. Porcel,Maximiliano Porcel
74857,J. Gordon,Jano Jeremía Gordon
74862,G. Abbott,George Benedict Abbott
74864,O. Adewumi,Oluwaseun Adewumi
74865,M. Ivanović,Mihailo Ivanović
74866,André,André Trindade da Costa Neto
74868,A. Saroha,Aaryan Anjaneya
74869,L. Hrangthankima,Laldanmawia Hrangthankima
74871,Arthur Chaves,Arthur Largura Chaves
74874,A. Kahvić,Aleksandar Kahvić
74875,P. Andreev,Plamen Andreev
74876,D. Denoon,Daniel Tyrell Denoon
74877,D. Javorček,Dominik Javorček
74879,K. Shiogai,Kento Shiogai
74881,M. Gueye,Maguette Gueye
74883,E. Molebe,Enzo Anthony Honoré Molebe
74884,S. Diop,Serigne Saliou Diop
74885,M. Bamba,Mohamed Aboubakar Bamba
74886,Q. Paris,Quentin Paris
74896,F. Ivanović,Franjo Ivanović
74906,M. Klimowicz,Matías Klimowicz Corti
74910,S. Sharples-Ahmed,Sonny Sharples-Ahmed
74911,V. Acuña,Valentino Andrés Acuña
74913,Wesley,Wesley Gassova Ribeiro Teixeira
74914,D. Sanoussi,Diallo Sanoussi
74917,M. Aleksić,Milan Aleksić
74921,S. Rajab,Saif Rashad Mohamed Rajab
74922,K. Dixon,Kaheim Dixon
74923,A. Rønning,Adrian Kurd Rønning
74924,V. Vlahović,Vanja Vlahovic
74926,E. Kouadio,Eddy Kouadio
74930,H. Cuenca,Hugo Francisco Cuenca Martínez
74931,M. Dalla Vecchia,Marco Dalla Vecchia
74932,H. Bidstrup,Hjalte Bidstrup
74938,F. Hagmann,Felix Hagmann
74939,Igor Jesus,Igor Jesus Lima
74944,K. Ashraf,Karim Ashraf Ahmed
74948,H. Al Asmari,Hassan Ali Abdo Al Khadda Al Asmari
74949,M. Khalifa,Majed Khalifa
74953,C. Polak,Cezary Polak
74956,J. Ndala,Joel Tshisanga Ndala
74959,Y. Sellami,Yanis Sellami
74962,Paulo Victor,Paulo Victor de Almeida Barbosa
74963,O. Niang,Ousseynou Niang
74964,B. Al Orayni,Basim Saleh Al Oraini
74965,E. Duru,Chidiebube Gideon Duru
74966,F. Christensen,Frederik Rasmus Christensen
74967,L. Baert,Lukas Baert
74969,R. Al Ghamdi,Rakan Al Ghamdi
74970,S. Renders,Semm Renders
74974,S. Hagawi,Saad Hussein Haqawi
74977,M. Al Hakim,Mohammed Al Hakim
74978,E. Guerrero,Eduardo Antonio Guerrero Locano
74979,F. Montes,Francisco Tomás Montes Romero
74980,N. Wurmbrand,Nikolaus Wurmbrand
74981,C. Nwaiwu,Chibuike Godfrey Nwaiwu
74982,P. Antoniou,Peter Antoniou
74983,L. Wong,Lawrence Wong
74984,J. Zickler,Jakob Zickler
74986,M. Vartuli,Max Vartuli
74989,K. Leslie,Kian Leslie
74992,S. Diabaté,Soumaïla Diabaté
74995,D. Koumare,Dramane Koumare
74997,M. Awad Alla,Mohamed Awad Alla Hassan Ibrahim
75000,L. Faxon,Luke Faxon
75027,D. Zsóri,Dániel Zsóri
75033,B. Gibson,Ben Gibson
75039,J. Barceló,Jaime Barceló
75044,I. Vásquez,Ignacio Antonio Vásquez González
75045,F. Demir,Furkan Demir
75051,A. Zossou,Aristide Zossou
75053,V. Venkatesh,Vinith Venkatesh
75055,Jesús Rodríguez,Jesús Rodriguez Caraballo
75056,Chema Andrés,José María Andrés Baixauli
75057,N. El Hannach,Naoufel El Hannach
75058,K. Henry,Kobi Joseph Henry
75068,Guille Fernández,Guillermo Fernández Casino
75072,A. Mangiaut,Agustín Mangiaut
75073,F. Pérez,Fabricio Alexis Pérez Escudero
75074,S. Andino,Santino Andino Valencia
75075,S. Martínez,Santiago Martínez
75081,E. Kakou,Emmanuel Junior Kakou
75083,I. Konaté,Ismael Konate
75084,T. Hedl,Tobias Hedl
75085,V. Adžić,Vasilije Adžić
75086,I. Kabia,Ismeal Kabia
75087,A. Heaven,Ayden Edford Heaven
75093,K. Morgan,Kieran Morgan
75095,T. Samuel-Ogunsuyi,Trey Samuel-Ogunsuyi
75097,Jesús Díaz,Jesús Antonio Díaz Gómez
75101,M. Dziewiatowski,Mateusz Dziewiatowski
75106,K. Cahill,Killian Cahill
75111,M. Sulaiman,Mohammed Sulaiman Mohammed Bakor
75112,C. Piper,Corban Piper
75116,Rangel,Vinicius Rangel da Silva
75117,S. Studer,Sheyko Darko Studer
75126,A. Lahdo,Adrian Lahdo
75128,B. Jackson,Bob Jackson Raj
75129,D. Laishram,Danny Meitei Laishram
75134,L. Khiangte,Lalrinfela Khiangte
75136,Sourav K,Sourav K
75137,D. Marfella,Davide Marfella
75140,J. Brazete,Jacob Brazete
75141,P. Kasawaya,Pearson Kasawaya
75144,F. Al Abdulwahed,Faisal Al Abdulwahed
75145,L. Herrington,Lucas Herrington
75148,A. Bah,Abdulai Juma Bah
75149,R. Browne,Rico Franklin Browne
75150,João Simões,João Pedro Arnauth Barrocas Simões
75155,N. Naik,Narendra Naik
75156,Toni Fernández,Antonio Fernández Casino
75164,D. Sarapata,Dominik Sarapata
75170,D. Lordkipanidze,Dachi Lordkipanidze
75187,J. Morán,Juan Segundo Morán
75189,P. Altamirano,Pablo Eloy Altamirano
75191,S. Segovia,Luis Santiago Segovia
75197,A. Tajaouart,Anas Tajaouart
75198,R. Mohammed,Rufai Mohammed
75209,J. Lukić,Jovo Lukić
75211,Mateo Flores,Mateo Flores Lozano
75212,B. Mamuzah Lum,Boris Chi Mamuzah Lum
75213,M. Contrera,Matias Julian Contrera Villar
75214,M. Cardillo,Mauricio Cardillo
75222,Allan Paulista,Allan de Souza Miranda
75224,A. Fretes,Alexis Fretes
75225,Fellipe Jack,Fellipe Jack Ozilio Moreira Pacheco
75226,H. Korkmazyürek,Hasip Korkmazyürek
75232,J. Badwal,Jeevan Singh Badwal
75236,L. Bombino,Luca Bombino
75237,A. Wibowo,Adrian Wibowo
75238,R. Ramos Jr,Rubén Ramos Jr.
75248,N. Fenyő,Fenyő Noah Gabriel
75252,J. Hatchi,Jérémy Hatchi
75253,S. Šapić,Stefan Šapić
75256,K. Martins,Kevin Maussi Martins
75260,O. Gill,Orlando Daniel Gill Noldín
75261,A. Thibaut,Adrien Thibaut
75262,L. Lalvenkima,Lalthangliana PCS Lalvenkima
75263,Peio Canales,Peio Canales Urtasun
75264,E. Baidoo,Edmund Baidoo
75265,S. Inwood,Samuel Lawrence Inwood
75272,W. Lankshear,William Lankshear
75278,S. Johannesen,Sofus Østergaard Grandjean Johannesen
75280,D. Gleiber,Daniel Gleiber
75285,E. Mereles,Exequiel Mereles de la Quintana
75286,J. Amaro,Jairo Sebastián Amaro Mello
75295,I. Toklomati,Idan Toklomati Jorno
75296,R. Kpakio,Ronan Kpakio
75299,D. Kamara,David Kamara
75302,S. Auton,Sebastian Auton
75308,G. Duarte,Gaspar De Jesús Duarte
75309,F. López,Fabricio Gabriel López
75311,J. Gómez,Jandry Eugenio Gómez Cuero
75312,M. Corredor,Morgan Corredor
75316,S. Doucouré,Sékou Doucouré
75318,A. Ouattara,Abdoul Guemissongui Ouattara
75319,K. Antonio,Kyllian Anderson Antonio
75320,I. Ganiou,Pierre-Ismaëlo Ganiou
75330,T. Finn,Tegan Finn
75332,Luís Gomes,Luís Maria Gomes
75337,R. Pedroza,Ramiro Jonas Pedroza
75343,J. Tobio Burgos,Joaquín Tobio Burgos
75347,S. Esquivel,Santiago David Esquivel
75355,O. Nazarenko,Oleksandr Nazarenko
75358,G. Mendoza,Gustavo Mendoza Salvatierra
75362,M. de Lima,Marcelo De Lima Castro
75365,K. Mérida,Kevin Merida Gutierrez
75378,Aitor Crespo,Aitor Crespo Gutiérrez
75389,A. Al Marwani,Abdulmalik Ghazzai Al Hamidi Al Marwani Al Harbi
75391,Santos,Clarismario Santos Rodrigues
75400,A. Parra,Aldo de Jesús Parra González
75401,A. Al Rawi,Ahmed Husham Ali Al Rawi
75403,A. Al Yazidi,Abdulla Badr Abdrab Abdulla Al Yazidi
75407,S. Spencer,Shay Spencer
75409,L. Ramos,Luis Alejandro Ramos Leiva
75410,J. Sánchez,Juan David Sánchez
75411,L. Zuñiga,Luis Eduardo Zúñiga Ruíz
75420,C. Issanchou,Corentin Issanchou
75421,R. Messi,Rayane Messi Tanfouri
75422,A. Moussaoui,Amine Moussaoui
75423,M. Louër,Marius Louër
75427,J. Campbell-Slowey,Josh Campbell-Slowey
75432,K. Miller,K'Marni Miller
75437,Minsu,Min-su Kim
75440,M. Diallo,Mamadou Diallo
75443,T. Gabellini,Tommaso Gabellini
75447,C. Tollett,Cillian Tollett
75448,A. Cichero,Alejandro Gabriel Cichero Terrero
75449,K. Barcella,Kevin Barcella
75450,F. Öhman,Filip Öhman
75451,I. Ozzi,Ivan Ozzi
75452,K. Furo,Kaye Furo
75454,K. Rahmani,Kavian Rahmani
75456,N. Walker,Nathan Barry Walker
75457,Q. Benaets,Quentin Benaets
75459,J. Smith,Jayden Smith
75461,W. Adeh,Wesley Adeh
75462,Keyan Varela,Keyan Anderson Pereira Varela
75472,B. Hazazi,Bassam Hazazi
75476,M. Schmitz,Marwin Reiner Ian Schmitz
75478,L. Băsceanu,Luca Băsceanu
75485,A. Ahmed,Ashqar Ahmed
75489,A. Haraj,Amjad Haraj
75490,E. Qaysi,Emad Qaysi
75498,K. Schopp,Konstantin Schopp
75499,D. Pech,Dominik Pech
75501,S. Hamzić,Salko Hamzić
75510,R. White,Ryan White
75513,W. Kennedy,Will Patrick Jardine Kennedy
75514,R. Doherty,Ryan Doherty
75516,E. Dijkstra,Elijah Dijkstra
75518,W. Chatiliez,Willy Tomás Chatiliez
75519,R. Daal,Ro-Zangelo Daal
75524,Y. Bettkober,Yannick Bettkober
75526,F. Tsimba,Felix Emmanuel Tsimba
75527,M. Strods,Markuss Strods
75528,J. Faberski,Jan Jakub Faberski
75529,Alejandro Vergaz,Alejandro Vergaz Lozano
75532,B. Öztürk,Berkay Öztürk
75533,K. Alajbegović,Kerim-Sam Alajbegović
75534,G. Shaw,Gourab Shaw
75535,A. Sliti,Aymen Sliti
75539,N. Edwards,Nathaniel Edwards
75540,C. Mercado,Jose Carlos Mercado
75541,M. Sofo,Mohammed Sofo
75551,Adri Lopes,Adrián Lopes Marqués
75558,T. Rubino,Tommaso Rubino
75561,P. Gaonkar,Prachit Gaonkar
75565,Ramón Martínez,Ramón Martínez Gil
75567,Monedero,Marc Monedero Sánchez
75568,Albert,Albert Constantin Niculăesei Plesca
75570,S. Sjöholm,Pierre Erik Simon Sjöholm
75572,Fortea,Jesús Fortea Tejedo
75573,A. Vasović,Andrej Vasović
75577,J. Simpson-Pusey,Jahmai Simpson-Pusey
75586,C. Conlon,Christopher Conlon
75592,L. Tasov,Leon Tasov
75598,M. Meïté,Mohamed Kader Meïté
75602,N. Martens,Niels Martens
75603,Z. Redmond,Zépiqueno Redmond
75605,Asencio,Raúl Asencio del Rosario
75611,K. Cuesta,Kevin Cuesta
75612,Y. Garcés,Yojan Garcés
75614,B. Duarte,Bayron David Duarte Duarte
75615,G. De Meyer,Gilles De Meyer
75618,A. Zárate,Aldair Enrique Zárate Palma
75627,A. Dragoș,Adrian Cristian Dragoș
75628,Fer López,Fernando López González
75629,Capi,Hugo Martínez González
75632,Diego Díaz,Diego Díaz Cacho
75634,M. Perovic,Marko Perovic
75639,M. Litherland,Matthew Litherland
75645,Filipe Bordon,Filipe Bordon
75647,S. Britschgi,Sascha Britschgi
75653,A. Ladstatter,Agustín Alejo Ladstatter Villafañe
75654,A. Vogt,Alessandro Vogt
75655,G. Goodman,George Goodman
75656,R. Smith,Rhodri Smith
75658,A. Maamar,Ali Maamar
75660,Samu Fernández,Samuel Fernández Leonardo
75661,C. Nildén,Charlie Nildén
75668,E. Fischerström,Elton Sakarias Fischerström Opančar
75669,W. Lindberg Uhrström,Wilson Lindberg Uhrström
75670,T. Krantz,Theo Krantz
75671,R. Leandersson,Romeo Arrhenius Leandersson
75678,F. Heidrich,Finn Heidrich
75690,D. Konadu,Don-Angelo Christoffel Annum-Assamoah Konadu
75697,Mario Cantero,Mario Cantero Mariño
75701,Izan,Izan Yurrieta Incera
75707,M. Borrell,Mateo Borrell
75709,B. Oviedo,Brandon Zacarias Oviedo
75713,T. Baljawsh,Turki Hafiz Al Baaljawsh
75730,B. Mendez,Bruno Méndez Arevalo
75734,A. Bamba,Aladji Bamba
75736,A. Tape,Axel Tape-Kobrissa
75738,K. Kouassi,Krys-Anthony Madou Kouassi
75739,A. Mirbach,Alexis Mirbach
75740,E. Yalcin,Erkin Yalcin
75741,M. Pessina,Massimo Pessina
75747,Diego Aguado,Diego Aguado Facio
75751,Gonzalo Pastor,Gonzalo Pastor Sánchez
75754,O. Pietuszewski,Oskar Pietuszewski
75759,A. Al Khathami,Abdulmajeed Al Khathami
75761,Y. Abu Dahi,Yahya Abu Dahi
75768,R. McConville,Ruairi McConville
75774,M. Etherington,Marcus Etherington
75776,D. Opoku,Davis Opoku
75777,M. Dubosson,Maxime Dubosson
75782,E. Bujupi,Eliot Bujupi
75786,D. Țăroi,Denis Alberto Ionuț Țăroi
75787,P. Ugwu,Precious Joel Uche-Chukwu Ugwu
75790,R. Niklasson Petrovic,Rasmus Niklasson Petrovic
75793,D. Fernández,Damián Fernández
75794,V. Tikkanen,Ville Tikkanen
75795,J. Kallinen,Jere Kallinen
75799,J. Velasquez,Jesús Andrés Velásquez Senzano
75801,Y. Mamani,Yeferson Mamani Pantoja
75802,D. Arroyo,Diego Junior Arroyo Maldonado
75806,J. Farr,Jordan Farr
75810,A. Šiljević,Amil Siljevic
75811,A. Cissé,Amadou Cissé
75816,P. Reverson,Paul Peters Reverson
75819,J. Bacci,Jacopo Bacci
75825,C. Zawieschitzky,Christian Zawieschitzky
75831,Lorenzo,Lorenzo Aguado Herrera
75832,J. Dias,Jovial Dias
75838,D. van der Werff,David van der Werff
75839,B. Winterburn,Benjamin George Winterburn
75843,J. Mbalanda,Jay-David Mbalanda Nziang
75849,E. Fauskanger,Einar Bøe Fauskanger
75855,S. Roguski,Szymon Roguski
75856,T. Turhan,Tugra Turhan
75866,M. Blé,Maxime Blé
75869,T. Sackey,Tyler Sackey
75874,V. Rojas,Víctor Rojas
75876,H. Webster,Harry Webster
75883,K. Akyazı,Kaan Akyazı
75884,K. Kayaarası,Kerem Kayaarası
75894,N. Verschuren,Nick Verschuren
75895,D. Kottas,Dimitrios Kottas
75896,J. Rodríguez,Juan Sebastián Rodríguez López
75899,E. Törüz,Efe Berat Törüz
75910,K. Cihan,Kayra Cihan
75916,A. Doherty,Arlo Ricky Hugh Doherty
75919,P. Mentu,Pyry Mentu
75920,D. Gryzio,Daniel Gryzio
75923,G. Tapia,Gonzalo Alejandro Tapia Pérez
75924,J. Stawiecki,Jules Stawiecki
75930,A. Al Hudaybi,Ammar Al Hudaybi
75935,Sergi Torner,Sergi Torner Rosell
75936,Mariezkurrena,Arkaitz Mariezkurrena Etxezarreta
75943,D. Vujević,David Vujevic
75946,R. El Arguioui,Rafik El Arguioui
75948,H. O'Grady-Macken,Harley O'Grady-Macken
75949,D. Ajvazi,Dion Ajvazi
75950,M. Schwartz,Mateo Schwartz
75951,E. Korkut,Efe Korkut Martín
75952,F. Bock,Fiete Bock
75959,J. Zapata,Jefry Arley Zapata Ramírez
75962,J. Healy,Jason Healy
75964,M. Sosa,Misael Alejandro Sosa
75965,J. Mangondo,Lima Joseph Mangondo
75978,A. Briciu,Adrian Briciu
75984,Ș. Ciupercă,Ștefan Ciupercă
75998,D. Rychta,Dawid Rychta
76006,A. Matysek,Adam Matysek
76012,V. Krapyvtsov,Vladyslav Krapyvtsov
76016,B. Andrésson,Benoný Breki Andrésson
76025,T. Campaniello,Thomas Campaniello
76026,N. Trabucchi,Nicolas Trabucchi
76027,S. Perciun,Sergiu Perciun
76031,N. Swider,Niklas Swider
76033,N. Pesch,Noah Phil Pesch
76034,B. Nguene,Bernard Nguene
76035,R. Le Guen,Raphaël Le Guen
76040,A. Faurand-Tournaire,Aymeric Faurand-Tournaire
76042,Víctor Muñoz,Víctor Muñoz Villanueva
76043,Á. García Pascual,Álvaro García Pascual
76053,H. Cartwright,Henry Cartwright
76058,R. Aigbekaen,Romeo Aigbekaen
76062,P. Hennrich,Paul Hennrich
76064,F. Di Biasi,Facundo Di Biasi
76066,J. Engel,Jakob Engel
76070,L. Regiardo,Luca Regiardo
76072,I. Guaraz,Iván Alexander Guaraz
76085,Djayson Mendes,Djayson Eduardo Cardoso Mendes
76086,Henrique Arreiol,Henrique Miguel Sousa Arreiol
76087,M. Ćatović,Mirza Ćatović
76094,T. Hennessy,Theo Hennessy
76097,E. Uchenna,Emmanuel Uchenna Aririerisim
76098,D. Moses,David Moses
76105,C. Garza,César Garza Cantú
76106,D. Zec,David Zec
76108,M. Sanogo,Mohamed Sanogo
76111,P. Čović,Patrice Čović
76116,A. Bouwman,Aaron Bouwman
76117,L. Brooke-Smith,Luke Brooke-Smith
76119,B. Marian,Bogdan Marian
76121,E. Plicco,Elia Plicco
76122,L. Michelbrink,Lukas Michelbrink
76125,C. Donovan,Colby Donovan
76132,M. Azzouz,Mohamed Yassine Azzouz
76133,D. Mokwa,David Mokwa Ngabi Ntusu
76134,S. Salas,Sebastián Rodrigo Salas Aránguiz
76135,R. Bouw,Robin Bouw
76137,L. Roberts,Liam Roberts
76138,B. Kieffer,Ben Kieffer
76150,P. Mozie,Pascal Mozie
76152,Sung Ki Wan,Ki-wan Sung
76153,Siren Diao,Siren Diao Balde
76160,Jung Seung Bin,Seung-bin Jung
76171,J. Harder,Jonas Harder
76172,L. Venturino,Lorenzo Venturino
76178,A. Milani,Alessandro Milani
76196,R. Bangura-Williams,Ra'ees Bangura-Williams
76202,Ș. Lefter,Ștefan Daniel Lefter
76223,O. Oseni,Owen Eric Damilola Oseni
76225,G. Tunguliadi,Georgiy Tunguliadi
76226,M. Jolliffe,Max Jolliffe
76227,N. Galešić,Niko Galešić
76228,A. Ceesay,Abdoulie Ceesay
76229,M. Badreldin,Marwan Sherif Elsayed Mohamed Badreldin
76234,A. Yousef,Abdullah Sirelkhatim Abdullah Yousef
76235,Kim Tae Hwan,Tae-hwan Kim
76236,Lee Ji Ho,Ji-ho Lee
76240,Diego Rodrigues,Diego Henrique Oliveira Rodrigues
76241,M. Gouda,Mohamed Khaled Ahmed Gamal Al Deen Gouda
76244,D. N'Guessan,Djylian N'Guessan
76245,G. Capuano,Gabin Capuano
76246,H. Ibrahim,Hafiz Umar Ibrahim
76247,K. Jusseron Veniere,Kilyan Jusseron-Veniere
76250,M. Alleyne,Max Alleyne
76257,G. Elliott,Gunner Jack Elliott
76260,L. Hewitson,Luke Hewitson
76261,L. Barnes,Lucas Barnes
76263,R. Dantas Fernandes,Rúben Dantas Fernandes
76274,N. Goguadze,Nikky Goguadze
76282,Y. Ebnoutalib,Younes Ebnoutalib
76285,D. Versluis,Dion Versluis
76286,Climent,Mario Climent Plá
76289,D. De Roeve,Denzel De Roeve
76291,C. Lippmann,Clemens Lippmann
76292,S. Carella,Samuele Carella
76294,G. Þórðarson,Gísli Gottskálk Þórðarson
76298,Leandro Santos,Leandro Henrique de Sousa Santos
76299,T. Trummer,Tim Trummer
76304,E. Hoyos,Enzo Santiago Ariel Hoyos
76306,A. Hay,Ashley Hay
76307,D. Rojas,Dilan Matías Rojas Barrientos
76310,M. Reyes,Matías Eduardo Reyes Lepicheo
76311,Eduardo,Eduardo de Biasi
76313,Pedrinho,Pedro Ferreira
76315,S. Kingue,Steve Kingue
76337,L. Klanac,Leon Klanac
76338,J. Umolu,Jemiah Khan Umolu
76339,M. Castillo,Mateo Castillo Márquez
76379,Jang Jung Woo,Jung-woo Jang
76380,Kim Ji Hoon,Ji-hun Kim
76386,Hong Sung Min,Sung-min Hong
76387,Baek Seung Won,Seung-won Baek
76389,Cho Sang Hyeok,Sang-hyeok Cho
76390,Hong Ji Woo,Ji-woo Hong
76391,Kang Min Jun,Min-jun Kang
76392,Cha Jun Young,Jun-young Cha
76393,Lee Heon Jae,Heon-jae Lee
76394,Lee Chang Woo,Chang-woo Lee
76395,Han Hyeon Seo,Hyeon-seo Han
76396,A. Natali,Andrea Natali
76398,D. Chavez,Diego Gabriel Chávez
76402,D. Perri,Diego Salvatore Perri
76403,L. Palacios,Luis Ángel Palacios Mena
76408,G. Tratnik,Gašper Tratnik
76409,B. Ede,Bright Ede
76410,R. Vaz,Robinio Vaz
76411,I. Gueye,Idrissa Guèye
76413,K. Simojoki,Kaius Simojoki
76414,V. Vuorinen,Ville Vuorinen
76415,Diego González,Diego González Presencio
76416,C. Kofane,Christian Michel Kofane
76417,Samu Cortés,Samuel Cruz Cortés Cortés
76418,Gael Joel,Gael Joel Akogo Esono
76419,C. Lyons,Charlie Lyons
76420,Germán García,Germán García Fernández
76425,T. Al Ghumail,Turki Mashour Al Ghamil
76427,D. Fălcușan,Darius Gabriel Fălcușan
76444,H. Mustapha,Hindolo Thomas Eric Mustapha
76445,E. Alladoh,Ezekiel Alladoh
76449,H. Sekine,Hiroki Sekine
76453,A. Gordon,Ashton J'Kingston Gordon
76454,W. Reilly,William James Reilly
76455,B. Hernández,Bruno Joaquín Hernández Álvarez
76456,F. Rossi,Franco Andrés Rossi Donazar
76457,F. Pintado,Federico Pintado Núñez
76459,F. Losas,Federico Gabriel Losas
76461,M. Šego,Michele Šego
76469,M. Río,Martín Río
76470,E. Ojukwu,Emmanuel Ojukwu
76472,T. Turner,Thomas Turner
76473,N. Dobben,Nick Dobben
76477,B. Ambina,Brice Ambina
76478,C. Lange,Carl Lange
76480,J. Villalba,Juan Manuel Villalba
76486,T. Rossi,Tomás Daniel Rossi
76488,M. Amarfil,Franco Maximiliano Amarfil
76489,M. Gómez,Marcos Emmanuel Gómez Piñeiro
76490,Ge Peng,Peng Ge
76494,Huang Shan,Huang Shan
76498,Mao Weijie,Mao Weijie
76499,Yang Mingrui,Yang Mingrui
76500,R. Ramšak,Robert Ramšak
76501,Pablo López,Pablo López Gómez
76503,Zhu Pengyu,Zhu Pengyu
76505,O. Onyebuchi,Onyebuchi Obasi
76506,Yu Zhuowei,Yu Zhuowei
76507,M. Sherif,Martin Sherif
76509,D. Karim,Dermane Karim
76513,J. Bonilla,Julián Andrés Bonilla Tovar
76519,L. Arrhov,Paul Love Arrhov
76521,O. Cotton,Oskar Cotton
76524,J. Lucumí,Jan Franc Lucumi González
76525,J. García,José Daniel García Aragón
76536,N. Telle,Neo Joshua Telle
76537,João Paulo,João Paulino Moreira Fernandes
76540,G. De Pieri,Giacomo De Pieri
76546,Sergio Viera,Sergio Viera Garcia
76553,D. Husser,Denis Husser
76563,H. Al Sultan,Hussain Al Sultan
76566,G. Munday,George Munday
76567,Nacho Miras,Ignacio Miras Blanco
76568,K. Vanrafelghem,Keano Giovanni Vanrafelghem
76570,K. Goto,Keisuke Goto
76571,D. Ajayi,Oyindamola Oluwatobi Peter Ajayi
76572,C. Stewart,Callum Stewart
76575,E. Williams,Ethan Williams
76579,D. Reverson,Damienus Reverson
76593,Yu Jianxian,Jianxian Yu
76594,L. Faßmann,Lasse Faßmann
76595,Qiu Shengjun,Shengjun Qiu
76596,S. Althaus,Samuel Moïse Althaus
76597,Zhang Chenliang,Chenliang Zhang
76599,Li Biao,Biao Li
76602,A. Memić,Amar Memić
76603,M. Doski,Merchas Doski
76604,I. Petryak,Ivan Petryak
76613,X. Loke,Tze-xuan Loke
76616,M. Detourbet,Mathys Detourbet
76618,Kaio Eduardo,Kaio Eduardo do Nascimento Pereira dos Santos
76621,C. Soare,Casian Ștefan Soare
76624,Vitor Reis,Vitor de Oliveira Nunes dos Reis
76625,R. Vásquez,Rodrigo Ignacio Vásquez Navarrete
76626,V. Vidal,Valentín Antonio Vidal Tapia
76627,L. Villalba,Lucas Martín Villalba Jaume
76628,S. Dey,Suman Dey
76635,I. Spiridonov,Igor Spiridonov
76638,E. Saunes,Eirik Saunes
76639,L. Qvigstad,Lasse Qvigstad
76640,A. Kryger,Axel Kryger
76643,M. Thornes,Mats Thornes
76644,K. Håland,Kristian Håland
76645,S. Bojadžić,Sanel Bojadžić
76646,Duarte Moreira,Duarte Miguel Ramos Moreira
76647,S. Jonassen,Sjur Torgersen Jonassen
76655,L. Apold-Aasen,Lorents Apold-Aasen
76658,Bernardo Morgado,Bernardo Gil Coutinho Morgado
76660,E. Pihlström,Elias Pihlström
76661,A. Fisic,Adi Fisic
76663,R. Wallinder,Robin Wallinder
76664,C. Lundahl Persson,Carl Lundahl Persson
76666,M. Adolfsson,Mattis Adolfsson
76667,L. Bergquist,Lukas Bergquist
76668,T. Varmanen,Tatu Varmanen
76670,R. Adjei,Raymond Adjei
76672,D. Ljung,Daniel Ljung
76673,H. Bladh Pijaca,Hannes Bladh Pijaca
76676,N. Söderberg,Niklas Söderberg
76679,L. Naranjo,Leonardo Antonio Naranjo Cordero
76680,M. Celis,Milovan Cristóbal Celis Iturriaga
76686,V. Polydefkis,Polydefkis Volanakis
76687,Estêvão,Estêvão Willian Almeida
76691,A. Brizuela,Ángel Adrián Brizuela Céspedes
76699,L. Montenegro,Leonardo Montenegro Silva
76702,N. González,Nahuel González
76704,I. Guerrico,Ignacio Guerrico
76705,E. Torres,Elías Torres
76706,I. Nekić,Ivan Nekić
76710,Vando Félix,Vando Baifas Félix
76712,J. Westley,Joseph Anthony Westley
76713,L. Rodriguez,Laureano Agustín Rodríguez Funes
76716,J. Barbieri,Juan Ignacio Barbieri Iribe
76717,T. Bottari,Tomás Bottari
76718,M. Fernandez,Matías Alejandro Fernández
76720,K. Jappert,Kevin Jappert
76721,J. Afriyie,Jerry Afriyie
76730,J. Bourgault,Justin Bourgault
76731,R. Cabral,Raúl Ignacio Cabral
76732,M. Fernández,Manuel Fernández
76733,A. Abdullahi,Abbati Abdullahi
76739,Pablo García,Pablo García Fernández
76740,Ángel Ortiz,Ángel Ortiz Monterrey
76741,M. Arshaf,Mohammed Arshaf A K
76742,S. Gomez van Hoogen,Samuel Gomez Van Hoogen
76743,Alex Sola,Alexandre Mussolo Sola
76744,Guilherme Madruga,Guilherme Miranda Madruga Gomes
76746,H. Petrov,Hristiyan Petrov
76747,E. Gürbüz,Eser Gürbüz
76748,Wang Hanyi,Wang Hanyi
76749,Yang Xi,Yang Xi
76751,M. Vera,Mauricio Andrés Vera
76752,A. Pumacajia,Andersson Pumacajia
76758,N. Glossoa,Neil Glossoa
76759,I. Cossier,Isaac Cossier
76760,P. Zabi,Patrick Zabi Eloge Gueu
76763,A. Matei,Alexandru Marian Matei
76768,Ángel Pérez,Ángel Pérez Hidalgo
76771,M. Al Yahya,Muhannad Al Yahya
76777,T. Philipp,Tim Philipp
76778,M. Al Shammari,Mohammed Al Shammari
76780,K. Hazazi,Khalid Hazazi
76781,M. Saad,Mishal Saad
76782,A. Al Mutairi,Adel Al Mutairi
76784,F. Curtis,Findlay Curtis
76785,T. Kummer,Tomás Andrés Kummer
76786,A. Ndoye,Alioune Ndoye
76788,L. Álvarez,Leonel Dante Álvarez
76791,L. Acosta,Lucas Javier Acosta Cumpián
76792,P. Seidel,Paul Seidel
76794,T. Neubert,Tim Neubert
76798,T. Cursons,Thomas Cursons
76799,T. Hill,Thomas Daniel Hill
76801,E. Kujović,Emin Kujovic
76802,M. Pobrić,Mika Malik Pobric
76803,Emersonn,Emersonn Correia da Silva
76806,G. García,Gian Carlo del Piero García Bernaola
76809,F. Toloza,Franco Toloza
76816,Kwon Neung,Neung Kwon
76821,C. Rey Domenech,Camilo Rey Domenech
76830,Kwon Do Yeong,Do-yeong Kwon
76831,Kim Eun Gyeom,Eun Gyeom Kim
76832,Joo Ho Yeon,Ho Yeon Joo
76836,Choi San,San Choi
76839,G. Barkovskiy,German Barkovskiy
76843,G. Alders,Gerald Alders
76844,J. Vallejos,Javier Vallejos
76845,J. Vinarčík,Jakub Vinarčík
76846,V. Nvendo,Vincent Alex Nvendo Ferrier
76851,Jang Min Gyu,Min-gyu Jang
76858,M. de Brienne,Matteo de Brienne
76859,E. Barsoum,Elias Barsoum
76860,F. Schyberg,Filip Schyberg
76863,K. Czubak,Karol Czubak
76864,A. Ševínský,Adam Ševínský
76865,M. Tamminen,Matias Tamminen
76868,M. Isaksson,Måns Isaksson
76869,E. Kaboré,Moïse Elohim Victoire Kaboré
76870,J. Pikkarainen,Juhani Pikkarainen
76872,D. Bengtsson,Daniel Bengtsson
76873,A. Redkin,Andreas Redkin
76874,L. Arvidsson,Erik Ludvig Arvidsson
76875,C. Pavey,Charlie Pavey
76876,M. Andersson,Måns Andersson
76878,G. Lajqi,Gentian Lajqi
76879,M. Siltanen,Matias Siltanen
76880,R. Þorkelsson,Róbert Frosti ThorkelssonRóbert Frosti Þorkelsson
76883,A. Colazo,Rodrigo Agustín Colazo
76886,G. Samuel,Gbato Seloh Samuel
76888,N. Pays,Nicolas Pays
76892,Yun Ki Wook,Ki-wook Yun
76901,B. Żelazowski,Bartosz Żelazowski
76903,G. Lucero,Gonzalo Matías Lucero
76904,M. Sinyan,Mansour Sinyan
76905,A. Osella,Alejo Osella
76908,H. Synchuk,Hennadiy Hennadiyovych Synchuk
76909,M. Arguello,Matías Argüello
76910,João Afonso,João de Oliveira Afonso
76911,J. Cavadia,Jose Antonio Cavadia Pedraza
76912,F. Awodesu,Obafemi Fela Awodesu
76917,A. Auzmendi,Agustín Auzmendi
76918,S. Dudek,Sammy Dudek
76921,B. Lade,Benjamin Lade
76922,H. Behrens,Hennes Behrens
76923,L. Erlein,Luca Erlein
76924,L. Đurić,Luka Đurić
76925,Wong Ho Chun,Ho-Chun Anson Wong
76926,Cho Hyun Woo,Hyun-woo Cho
76933,R. Caicedo,Royer Caicedo
76934,E. Rivero,Elkin Rivero
76942,D. Cox,Daniel Cox
76943,A. Al Senaidi,Abdulrahman Al Senaidi
76944,R. Bounida,Rayane Bounida
76945,Maroan,Maroan Sannadi Harrouch
76946,Tincho,Martín Conde Gómez
76947,Jota,Joaquín Domingo Ponce
76962,O. Johnson,Owen Edosa Uyiekpen Johnson
76964,Z. Jánó,Jánó Zétény
76966,K. Soteriou,Konstantinos Sotiriou
76967,M. Głogowski,Michal Głogowski
76968,E. Grzywacz,Eryk Artur Grzywacz
76969,W. Dickson,William Dickson
76970,I. Seck,Ibrahima Seck
76971,L. Madej,Leon Madej
76976,M. Giger,Marc Philipp Giger
76979,J. Agyekum,Joel Agyekum
76980,M. Nejad,Milad Nejad Haji Lor
76981,M. Bambara,Jaden Mazou Bambara
76990,A. Ludwik,Austin Ludwik
76991,T. Nasif,Tomás Nasif
76992,Pedro Bondo,Pedro Bondo Francisco
76995,I. Abraham,Luis Ignacio Abraham
76997,S. López García,Santiago López García
76999,J. Mavilla,Julián Mavilla
77005,F. Mino,Facundo Sebastián Miño
77006,M. Bracamonte,Mariano Gastón Bracamonte
77007,E. Tovo,Eric Joel Tovo
77008,M. Ramírez,Mateo Ramírez Montenegro
77009,F. Fagúndez,Franco Fagúndez Acosta
77010,G. Obredor,Gabriel Nazareno Obredor
77013,S. Villarreal,Santiago Uriel Villarreal
77014,L. Lescano,Leandro Ariel Lescano
77015,E. Uribe,Enzo Sebastián Uribe Fuentes
77016,E. Taborda,Enzo Leonel Taborda
77021,M. Gallardo,Matías Gallardo
77022,E. Brito,Elías Javier Brito
77024,J. Rattalino,Juan Rattalino
77025,B. Salinardi,Branco Salinardi
77026,V. Escalante,Valentín Nicolás Escalante
77028,E. Gimenez,Elián Ezequiel Giménez
77029,Rick,Rick Jhonatan Lima Morais
77033,William Gomes,William Gomes Carvalho Santos
77035,T. Johnson,Tate Johnson
77036,B. Mpanzu,Beni Christophe Mpanzu
77037,G. Turi,Géza Dávid Turi
77040,S. Commey,Semeu Commey
77043,H. Milne,Harry Milne
77044,C. Ward,Calum Brian Joseph Ward
77045,H. Goore,Bi Christ Hyllarion Goore
77046,D. Matthews,Devon Matthews
77051,N. Retamar,Kevin Nicolás Retamar
77053,T. Wilson-Brown,Thomas Wilson-Brown
77055,B. Acheampong,Bernard Acheampong
77056,N. Čelik,Nidal Čelik
77061,H. Palande,Harsh Palande
77070,Esquerdinha,João Henrique Mendes da Silva
77072,C. Nwachukwu,Christian Nwachukwu
77074,H. Sletsjøe,Per Henry Karl Sletsjøe
77075,I. Camara,Ismael Petcho Camara
77077,O. Rye,Ola Nikolai Rye
77078,J. Hanstad,Jacob Hanstad
77080,O. Øhlenschlæger,Oskar Skovbjerg Øhlenschlæger
77081,R. Dzabic,Robin Dzabic
77083,D. Daga,Daniel Demenenge Daga
77084,F. Flex,Frederik Flintholm Flex
77086,I. Kukleci,Ilir Kukleci
77088,S. Prestmo,Sigurd Jacobsen Prestmo
77089,A. Potur,Aksel Baran Potur
77090,M. Vestergård,Mike Løhde Vestergård
77091,O. Graham-Roache,Owen Graham-Roache
77092,O. Sow,Ousmane Sow
77093,L. Diarra,Lassine Diarra
77102,Miguel Carvalho,Miguel Carvalho Vianna
77103,O. Mamageishvili,Otar Mamageishvili
77104,A. Radulović,Andrija Radulovic
77105,A. Bulatović,Andrija Bulatovic
77106,Yan Maranhão,Yan Lincon Farias de Sousa
77107,Michel,Michel Augusto Modesto Rafael dos Santos
77112,R. Neelakandan,Ranjan Neelakandan
77113,L. Roșu,Lucas Jonathan Roşu
77114,B. Lekoueiry,Beyatt Lekoueiry
77115,P. Calione,Paolo Fabrizio Calione Fuentes
77117,N. Volken,Neil Volken
77118,A. Mamani,Aldair Romer Mamani Rios
77120,B. Tomatis,Bautista Euclides Tomatis
77122,J. Cardona,Jorge Luis Cardona Gutiérrez
77124,B. Perry,Benjamin Marshall Perry
77127,M. Schmetgens,Mick Schmetgens
77128,M. Collodi,Michael Collodi
77129,A. De Rosario,Adisa Ajahni-Onifade de Rosario
77130,M. Molina,Malachi Molina
77131,D. Baran,Daniel Baran
77133,E. Newman,Enzo Newman
77134,J. Castaño,Juan Felipe Castaño Zuluaga
77136,J. Gallego,Juan Esteban Muñoz Gallego
77141,J. Beltrán,Johan Esteban Beltrán Montano
77144,J. Cabrera,Juan Ignacio Cabrera
77146,M. Castro,Maxloren Sannoe Castro Rufino
77147,E. Kana-Biyik,Enzo Kana-Biyik
77148,A. Pósito,Alejandro Jesús Pósito Olazábal
77149,U. Mboula,Urie-Michel Mboula
77151,A. de la Cuesta,Agustín De la Cuesta Airoldi
77152,S. Steur,Sean Steur
77153,L. Abreu,Luis Carlos Abreu Benegas
77155,Sergio Ruiz,Sergio Ruiz González
77161,E. Michael,Emmanuel Michael
77163,I. Smolčić,Ivan Smolčić
77165,A. Castellini,Alessio Castellini
77166,K. Ciszek,Konrad Ciszek
77169,S. van Duijn,Sem van Duijn
77170,S. Campbell,Shandre Miguel Campbell
77172,T. Singh,Taorem Kelvin Singh
77173,A. Sahhari,Abdulrahman Nasser Sahhari
77174,A. Tatu,Amlani Tatu
77175,H. Crawford,Harry Crawford
77178,K. Razmovski,Kayne Razmovski
77179,O. Foyo,Osman Sidibay Foyo
77186,Korede Osundina,Oluwakorede David Osundina
77187,Diogo Pereira,Diogo Miguel Pereira Costa
77188,João Carvalho,João Gonçalo Carapinha Carvalho
77190,Baek In Woo,In-woo Back
77192,Kim Dong Hwa,Dong-hwa Kim
77193,Kang Hui su,Hui-su Kang
77195,Choi Byung Wook,Byung-wook Choi
77196,Kang Min Jae,Min-jae Kang
77197,Kim Jun Ha,Jun-ha Kim
77198,Joo Seung Min,Seung-min Joo
77199,Kim Jin Ho,Jin-ho Kim
77200,Kim Ji Woon,Ji-woon Kim
77202,Kim Min Jun,Min-joon Kim
77205,Park Man Ho,Man Ho Park
77206,Lee Rim,Rim Lee
77209,Kwon Tae Young,Tae-young Kwon
77215,Hong Yong Jun,Yong-jun Hong
77216,J. Arnarsson,Jónatan Guðni Arnarsson
77218,Ryu Seong Min,Seong-min Ryu
77226,B. Peña,Benicio Christian Pená
77230,J. Ramallo,Jhoni Ramallo Nimba
77233,L. Emërllahu,Lindon Emërllahu
77244,Jeong Sang Woon,Sang-woon Jeong
77245,Yoon Hyun Seok,Hyun Seok Yoon
77247,Kang Hyeon Jong,Hyeon Jong Kang
77251,Kim Min Jae,Min Jae Kim
77252,Hwang Seung Jun,Seung Jun Hwang
77255,Seo Jeong Hyeok,Jeong-hyeok Seo
77258,Hwang Jung Gu,Jung Gu Hwang
77261,S. Arias,Santiago Daniel Arias Fierro
77262,R. Palomino,Rudy Palomino Jordán
77264,F. Cavagna,Francesco Cavagna Salazar
77265,J. Reyes,Jherson Joao Aldair Reyes Rossi
77266,A. Vásquez,César Aldair Vásquez Garcés
77268,B. García,Benjamín García Ceriani
77270,J. Torkildsen,Jasper Silva Torkildsen
77271,L. Vallejo,Luciano Andrés Vallejo
77274,Ieltsin Camões,Ieltsin Jerónimo Semedo Camões
77289,N. Landa,Andrés Nicolás Landa Medreno
77292,S. Lebouath,Salif Lebouath
77295,I. Heath,Isaac Heath
77296,J. Ćorluka,Josip Ćorluka
77297,S. Dancey,Stan Dancey
77298,L. Moore,Luca Jack Moore
77311,H. Hilvenius,Harry Hilvenius
77325,L. Jakirović,Leon Jakirović
77333,Tony Shimaga,Anthony Msonter Shimaga
77335,A. Noonan,Alex Noonan
77336,Nuno Félix,Nuno Miguel Madeira Fernandes Félix
77337,Khaly,Domingos José Gabriel Bandeira
77338,E. Fikaj,Elton Fikaj
77344,Z. Amoussou-Tchibara,Zaid Amoussou-Tchibara
77349,Sandro Vidigal,Sandro Miguel Rodrigues Vidigal
77350,M. Isah,Musa Isah
77351,L. Burney,Leo Burney
77352,D. Meza,Dimas Rafael Meza Daniz
77353,Z. Salifu,Ziyad Salifu
77354,C. Obi,Chidozie Obi-Martin
77356,M. Rivero,Mateo Federico Rivero Blanco
77357,D. Osorio,Diego Germán Osorio Hidalgo
77358,F. Chiappini,Felipe Daniel Chiappini Ospitaleche
77359,F. Muñoa,Facundo Ezequiel Muñoa dos Santos
77362,Y. Rafii,Yanis Rafii
77368,L. Klimowicz,Luca Klimowicz
77376,B. Mazurek,Bartosz Mazurek
77379,L. Buffon,Louis Buffon
77387,A. Abdul-Rahman,Alaat Abdul-Rahman
77389,M. Al Oufi,Meshari Hamoud Al Oufi
77391,A. Oluwabori,Andrew Jose Oluwabori
77392,H. Duncan,Harrison Duncan
77393,M. Jensen,Mathias Jensen
77394,J. Ambæk,Jacob Brøchner Ambæk
77395,S. Ravn,Sander Skoubo Sehested Ravn
77404,J. Moorhouse,Jack Moorhouse
77405,O. Armstrong,Oliver Armstrong
77410,O. Lambe,Owen Lambe
77413,F. Meiser,Felix Meiser
77414,T. Arnold,Tim Arnold
77415,R. Nijstad,Ruud Nijstad
77418,B. Arady,Bruno Gustavo Arady Mata
77423,A. Londoño,Azarias Emmanuel Londoño González
77424,G. Mulazzi,Gabriele Mulazzi
77430,M. Kiernan,Matthew Kiernan
77433,M. Mbeng,Milan Mbeng
77434,A. Nash,AJ Nash
77435,H. Nevin,Harry Nevin
77436,M. Murray,Matthew Murray
77438,M. Wilson,Max Wilson
77439,E. Watts,Evan Watts
77445,D. Quintero,Dennys Fabián Quintero Loor
77446,E. Caicedo,Elián Joshué Caicedo López
77449,E. Pata,Emerson Iván Pata Rodríguez
77450,J. Arroyo,Jean Pierre Arroyo Vernaza
77457,A. Harris,Alexander Dean Harris
77459,A. Saidi,Anisse Saidi
77460,A. Ramírez,Anthony Ramírez Hernández
77461,C. González,Cristian David González Taborda
77463,C. Applewhite,Christopher Applewhite
77464,C. Guske,Colin Guske
77467,D. Garcia,Diego Garcia
77471,D. Borso,Dylan Borso
77474,E. Wynder,Elijah Wynder
77483,F. Westfield,Francis Westfield
77486,H. Miller,Harbor Tarczynski-Miller
77488,I. James,Ian James
77490,J. Bartlett,Jacob Bartlett
77491,J. Hibbert,Jayden Hibbert
77494,Leonardo Barroso,Leonardo José Caetano Barroso
77495,M. Duah,Manu Duah
77496,M. Floriani,Max Floriani
77499,M. Joyner,Mykhi Joyner
77502,N. Rodríguez,Nicolás Santiago Rodríguez Calderón
77509,N. O'Brien,Noah O'Brien
77510,A. Zborowski,Alan Zborowski
77511,R. Roberts,Reid Roberts
77517,Ș. Chirilă,Ștefan Chirilă
77520,J. Lähteenmäki,Juho Väinö Valtteri Lähteenmäki
77521,Matheus Nascimento,Matheus Nascimento de Paula
77522,E. Freita,Escleizon Freita Rivero
77524,M. Cissé,Modou Kéba Cissé
77525,Q. Tchicamboud,Tryphose Aimé Queyrell Alexi Tchicamboud
77526,M. Kopczyński,Mateusz Kopczyński
77527,Alex Marchal,Alex Marchal García
77528,Luken Beitia,Luken Beitia Aguirregomezcorta
77530,Pere Haro,Pere Haro Crespo
77532,Pedro Cedillo,Pedro Fidel Cedillo Segura
77534,Guga,Gustavo Gouveia Rodrigues Cruz
77536,T. Al Shubili,Talal Al Shubili
77539,E. Montet,Enzo Montet
77544,C. McGhee,Cole McGhee
77545,M. Walker,Markus Walker Andersen
77553,M. Macallister,Mathias Langeland Macallister
77555,V. Berthelsen,Peter Villum Berthelsen
77556,W. Meyer,Wyatt Meyer
77559,I. Feingold,Ilay Feingold
77560,B. Leroux,Beau Mathew Lovie Leroux
77561,Y. Sbai,Yousri Sbai
77572,B. Jočić,Branimir Jočić
77573,Li Hao,Li Hao
77574,Wang Shiqin,Wang Shiqin
77585,D. Braut,Daniel Braut
77586,A. Flores,Arnold Enrique Flores Ruiz
77587,A. Trelles,Adriel Uziel Trelles La Torre
77588,A. Fuentes,Aarom Jairsinio Fuentes Falcón
77589,F. Dickes,Fernando Dickes
77592,W. Nowak,Wiktor Nowak
77593,Mateus Mané,Mateus Bula Dami Mané
77597,A. Kaabi,Ahmed Kaabi
77598,S. Keane,Sean Keane
77599,F. Fawunmi,Favour Ayobamide Daniel Fawunmi
77602,S. Bassett,Samuel Bassett
77603,C. Gómez,Carlos Daniel Gómez Cassani
77604,J. Velásquez,Jhoao Velásquez Chumpitazi
77605,S. Acquah,Stephen Acquah
77606,A. Borén,Alfons Borén
77608,A. Cabellos,Axel Jair Cabellos Vásquez
77609,A. Guboglo,Yuri Aleksandr Guboglo
77610,V. Yadav,Vishal Yadav
77621,A. Ramula,Alex Ramula
77624,O. Boakye,Ofosu Boakye
77625,O. Achihi,Orseer Achihi
77626,G. David,Gabriel Jesus David
77629,M. Ahamada,Mohafidh Ahamada
77631,T. Barišić,Téo Barišić
77632,J. Achetoni,Juan Ignacio Achetoni Lana
77633,R. Fofana,Rayan Fofana
77636,K. Coulibaly,Abdoul Karim Coulibaly
77637,Zhang Yujie,Zhang Yujie
77640,D. Díaz,Diego Armando Díaz
77643,C. Barratt,Connor Barratt
77644,Y. Saidu,Yussif Saidu
77651,O. Lauvli,Ole Kristian Gjefle Lauvli
77652,P. Junior,Prince Amoako Junior
77656,A. Ayhuana,Anderson Ayhuana Barros
77657,Pedrinho,Pedro Henrique Fonseca de Araújo Martins
77660,I. Smith,Ian Smith
77663,J. Gerbet,Joran Gerbet
77664,T. Kraaijeveld,Thijs Kraaijeveld
77668,F. Sánchez,Sergio Fabián Sánchez
77671,K. Kossa-Rienzi,Kalani Kossa-Rienzi
77673,T. Fruk,Toni Fruk
77688,B. Jáuregui,Bruno Ignacio Jáuregui Sáez
77689,A. Seimandi,Augusto Héctor Seimandi
77691,E. Da Silva,Esteban Santiago Da Silva Álvarez
77692,Diogo Fernandes,Diogo Dias Fernandes
77693,F. El-Hadji Fallou,Faye El-Hadji Fallou
77699,D. Korherr,David Korherr
77703,Roger Hinojo,Roger Hinojo Estrada
77707,W. Ndollo Bille,Wilfried Chancy Ndollo Bille
77712,A. Tia,Ange Martial Tia
77713,Diego Martín,Diego Martín Pérez
77717,A. Coundoul,Amadou Matar Coundoul
77718,K. Jansen,Kai Jansen
77720,M. Roshal PP,Muhammed Roshal PP
77722,N. Sundran,Anandhu Nambrath Sundran
77724,D. Porcel,Diego Porcel
77726,T. Gigena,Thiago Gael Gigena Ruiz
77727,G. Costantini,Giorgio Costantini
77729,F. Emmery,Frederik Emmery Søgaard
77730,Afonso Patrão,Afonso da Cruz Patrão
77732,O. Dewsbury,Ollie Dewsbury
77738,C. Ashia,Cameron Ashia
77740,Tiago Parente,Tiago Parreira Parente
77744,G. Evans,George Evans
77746,T. Carroll,Theo Carroll
77747,M. Uhlig,Max Uhlig
77752,D. Kareem,Dare Kareem
77759,A. Smolyakov,Artem Smolyakov
77760,Kauã Elias,Kauã Elias Nogueira
77761,A. Brönner,Axel Brönner
77762,I. Moro,Iddrisu Moro
77763,M. Illary,Marvin Illary
77764,T. Zobel,Tristan Zobel
77766,S. Peña,Schneider Peña Vaca
77769,B. Soto,Benjamín Ignacio Soto Bustos
77775,S. Paz,Santiago Paz
77776,D. Vargas,Diego David Vargas Chavez
77786,Li Ruiyue,Li Ruiyue
77789,H. Brown,Henry Brown
77792,R. Cáceres,Oscar Rodrigo Cáceres Prieto
77793,J. Marchio,Julián Marchio
77794,B. Escobar,Blas Javier Escobar Molinas
77795,S. Ocampos,Santiago Ocampos Ibarra
77796,J. Ramos,Jonathan Vidal Ramos Benitez
77798,E. van der Laan,Elvis van der Laan
77800,S. Ramírez,Santiago Ramón Ramírez Debali
77806,Xie Jintian,Xie Jintian
77807,Wang Zihao,Wang Zihao
77808,Dai Jinyu,Dai Jinyu
77809,Wang Yuxiang,Wang Yuxiang
77810,Li Shanghan,Li Shanghan
77811,An Zhicheng,An Zhicheng
77812,Xuan Zhijian,Xuan Zhijian
77814,L. Jetten,Lucas Jetten
77818,D. Schneider,Daniel Schneider
77822,B. Gillingham,Blake Gillingham
77827,Y. Valencia,Yeiler Stith Valencia Banguero
77829,H. Makalou,Hamidou Makalou
77836,Y. Sbai,Yassin Sbai
77838,R. Lisewski,Robin Lisewski
77840,Erick Farias,Erick Samuel Corrêa Farias
77863,T. Rodríguez Pagano,Teo Rodríguez Pagano
77870,I. Al Hamlan,Ibrahim Talal Al Hamlan
77875,M. Perott,Milai Perott
77879,N. Cavallo,Nicholas Cavallo
77882,E. Egouli,Elias Aboulguie Egouli
77883,Alisson,Alisson Santana Lopes da Fonseca
77884,Kim Hyeon Oh,Hyeon-oh Kim
77889,Denílson,Valdenilson da Paz Araújo
77902,Li Moyu,Li Moyu
77903,Xu Hong,Xu Hong
77904,Wang Ziteng,Wang Ziteng
77905,Tang Zicheng,Tang Zicheng
77906,Liao Jintao,Jintao Liao
77907,A. Sigurpálsson,Ari Sigurpálsson
77908,Kang Jiawei,Kang Jiawei
77909,Lei Xi,Lei Xi
77910,Zhang Zhaozhi,Zhang Zhaozhi
77912,Wei Xiangxin,Wei Xiangxin
77914,Zhang Jiajie,Jiajie Zhang
77915,Zheng Chuanhui,Zheng Chuanhui
77916,Yang Cong,Yang Cong
77917,Wang Kuan,Wang Kuan
77918,Zhang Boxuan,Zhang Boxuan
77919,Raphael Merkies,Raphaël Merkies
77920,Mei Shuaijun,Mei Shuaijun
77921,Shemshidin Yusupjan,Shemshidin Yusupjan
77922,Kuai Jiwen,Kuai Jiwen
77924,Li Xinxiang,Li Xinxiang
77925,Liu Tiecheng,Liu Tiecheng
77926,Li Zhiliang,Li Zhiliang
77927,Wang Hanlong,Wang HanlongMarcel Petrov
77930,He Quan,He Quan
77931,Zhang Bin,Zhang Bin
77932,He Linhan,He Linhan
77936,Shen Huanming,Shen Huanming
77938,Zhang Haonan,Zhang Haonan
77939,Jiang Weiyi,Jiang Weiyi
77940,Zhang Haoran,Zhang Haoran
77941,Zou Zhenxiang,Zou Zhenxiang
77944,Ruan Jingwei,Ruan Jingwei
77945,Hu Tao,Tao Hu
77949,A. Hellemaa,Altti Hellemaa
77950,D. Capdevila,Diego Alberto Capdevila Fernández
77951,S. Kabini,Samukelo Kabini
77952,T. Flolid,Tord Rokkones Flolid
77953,H. Smedberg,Hjalmar Smedberg
77954,C. Sidibé,Cheikh Tidiane Sidibé
77956,J. Mosquera,Juan Camilo Mosquera Perlaza
77967,I. Pilcher,Ian Pilcher
77968,L. MacKenzie,Liam MacKenzie
77969,C. Ruvalcaba,Cesar Ruvalcaba Perez
77970,J. Miller,Jansen Miller
77972,A. Maidana,Alexandro Maidana Mendieta
77973,Z. Sawo,Zakaria Sarjo Sawo
77974,J. Vegas,Juan Daniel Vegas Polanco
77975,F. Valdés,Francisco Antonio Valdés Ríos
77978,E. Rohd,Emil Rohd Schlichting
77983,C. Velásquez,Carlos Eduardo Velasquez Luna
77984,R. Alleyne,Rui Isaac Alleyne González
78000,C. Uribe,Cristian Uribe
78004,N. Pintus,Nicola Pintus
78009,M. Niedbała,Michał Niedbała
78012,Y. Diomande,Yan Diomande
78014,Dani Díaz,Daniel Díaz Gándara
78015,S. Daniele,Santiago Daniele
78016,L. Albarracin,Lorenzo Albarracin
78028,Álvaro Augusto,Álvaro Ribeiro de Brito Augusto
78029,D. Isso,David Isso
78030,H. Opsahl,Herman Sjåvik Opsahl
78032,M. Lye,Martin Åmot Lye
78034,M. Mork,Mathias Silseth Mork
78036,M. Larsen,Mads Orrhaug Larsen
78037,J. Rodríguez,Juan Martín Rodríguez Camejo
78040,K. Krumme,Kevin Krumme
78042,V. Svensson,Victor Svensson
78044,D. Chong-Qui,Dominik Chong Qui
78047,G. Morrison,George William Morrison
78048,M. Rawufu,Manaf Rawufu
78049,A. Kinteh,Abubacarr Sedi Kinteh
78050,D. de Ornelas,David de Ornelas de Conno
78051,S. Rød,Sander Rød
78054,M. Løvik,Magnus Fjørtoft Løvik
78055,A. Omerinović,Alem Omerinović
78056,B. Berntsen,Bendik Slotfeldt Berntsen
78057,J. Swift,Jakob Jakobsen Swift
78058,H. Skretteberg,Henrik Barstad Skretteberg
78059,E. Bruchez,Ethan Bruchez
78060,J. Gower,Jimi Gower
78063,L. Karl,Lennart Karl
78065,N. Mitrovic,Nikola Mitrovic
78066,O. Nilsson Löv,Olle Nilsson Löv
78070,R. Matondo,Rudy Nzingoula Matondo
78071,Nicolau,Ignacio Nicolau Benlloch
78072,Omar Falah,Omar Falah Ruiz
78073,J. Baylis,Jordan Baylis
78075,J. Briggs,JJ Briggs
78076,F. Sanchez,Facundo Martín Sánchez
78077,J. Chavero,Jeremías Luciano Chavero Pérez
78078,G. Cantizano,Giovanni Ismael Cantizano
78079,M. Anselme,Mattéo Anselme
78081,I. Perruzzi,Ignacio Perruzzi Ambrosini
78085,M. Núñez,Matías Adrián Núñez
78086,J. Berríos,Joshuan Javier Berríos Mora
78087,E. Neira,Ezequiel Nicolás Neira
78088,Otávio,Otávio Manoel Galdino Fernandes
78089,L. Schimkus,Lukas Schimkus
78095,E. Sutton,Emmerson Sutton
78099,V. Sulzbacher,Valentin Sulzbacher
78101,V. Espinoza,Vicente Ariel Espinoza Hevia
78102,A. Rodríguez,Álex Andrés Rodríguez Reascos
78103,E. Valencia,Eric David Valencia Reasco
78105,L. Verza,Lucas Antonio Verza Martínez
78113,T. Rowe,Triston Rowe
78115,L. Butterfield,Luke Butterfield
78121,S. Mendoza,Sebastián Mendoza Yépez
78122,H. Tustin,Harry Tustin
78127,A. Bregou,Adriano Bregou
78131,M. Baars,Magnus Elias Walther Baars
78135,T. Toure,Tidiane Touré
78136,M. Schablas,Matteo Schablas
78144,P. Avena,Pietro Avena
78145,A. Gomes Rodríguez,Alejandro Jesús Gomes Rodríguez
78150,T. Akomeah,Travis Akomeah
78151,J. Taroni,Josh Taroni
78152,J. Al Salem,Jalal Al Salem
78154,A. Al Khaibari,Abdulmalik Saleh Saifi Al Khaibari
78158,I. Coulibaly,Ibrahim Moriba Coulibaly
78159,Ekaitz Redondo,Ekaitz Redondo Borrajo
78160,Renato Nhaga,Renato Sam Na Nhaga
78161,Tiago Brito,Tiago Araújo Brito
78163,E. Gassama,Eden Gassama
78164,Y. Gerritsen,Yannick Gerritsen
78172,Kaick,Kaick da Silva Ferreira
78174,A. Herrera,Aytor Herrera Martinez
78175,Á. Figueroa,Ángel Luis Figueroa Cedeño
78176,C. Martinez,Chris Alexander Martínez Aponte
78177,L. Zuka,Leart Zuka
78183,J. Evans,Jake Benjamin Evans
78184,J. Robinson,Jay Robinson
78185,J. Rentería,Jhon Alexander Rentería Arias
78188,S. Arancibia,Sebastián Andrés Arancibia Flores
78189,S. Villarroel,Sebastián Villarroel Rojas
78190,O. Al Thumayri,Osama Al Thumayri
78193,Rafa Rodríguez,Rafael Rodríguez Ruiz
78198,R. Gómez,Rodrigo Antonio Gómez Villalba
78199,J. Rondón,José Alexander Rondón Maneiro
78202,C. Cupps,Christopher Cupps
78204,K. Nielsen,Kenneth Wilson Nielsen
78207,G. Caraballo,Gustavo Andres Caraballo Delgado
78210,F. Montali,Francesco Montali
78212,J. Zalinsky,Joseph Zalinsky
78215,T. Siwe,Telli Siwe
78216,N. Kamara,Noham Kamara
78217,S. Tombakti,Saud Mahmoud Osama Al Tumbkti
78223,A. Ouedraogo,Abdramane Farouz Mawurobi Ouedraogo
78229,O. Aluko,Olabade Olatomiwo Samuel Aluko
78230,D. Abimbola,Opeoluwa David Abimbola
78231,R. Mansfield,Ronan Mansfield
78233,C. Injai,Patrick Lassana Carraro Injai
78245,A. Saeed,Ahmed Wisam Saeed
78246,K. Halvorsen,Kristoffer Halvorsen
78259,D. Daniels,Djenairo Daniels
78260,A. Alfonzo,Axel Jonatan Alfonzo Villarreal
78261,M. Cvetković,Mihajlo Cvetkovic
78263,A. Cacciamani,Alessio Cacciamani
78267,C. Ingenthron,Celías Adán Ingenthron
78268,I. Visona,Ivo Visona Dalla Pozza
78282,Marcos Fernández,Marcos Fernández Sánchez
78285,J. Eicher,Jan Eicher
78288,L. Dähler,Lucien Dähler
78290,T. Taylor,Tom Taylor
78295,P. Peter,Prosper Peter
78298,D. Lawrence,Daeshon Lawrence
78303,L. Mendonça,Lucca Mendonça
78304,E. Bates,Ellis Bates
78305,M. Alexander-Walker,Moses Alexander-Walker
78310,A. Henríquez,Antony Jesús Henríquez Herrera
78311,F. Marchant,Francisco Javier Marchant Madrid
78312,Rodrigo Ribeiro,Rodrigo Santos Ribeiro
78314,V. Matoshi,Valmir Matoshi
78315,M. Tomás,Mathías Tomás
78316,E. Meichtry,Franz-Ethan Meichtry
78317,D. Frith,Declan Frith
78318,M. Gutbub,Marc Gutbub
78324,J. de Asís,Jorge Salustiano de Asís
78336,I. Marecos,Ricardo Iván Marecos Ortigazo
78339,D. Lamego,Djibril Lamego
78340,M. Maisonneuve,Maxence Maisonneuve
78342,J. Liongola,Jordi Liongola
78343,S. Gueulette,Samuel Gueulette
78345,M. Pau,Maxime Xavier Pau
78346,O. Maës,Owen Maës
78347,M. Guindo,Mohamed Guindo
78348,N. Gillot,Norlan Gillot
78349,J. Ito,Joel Ito
78354,M. Díaz,Melvin Fabricio Díaz Canencia
78355,O. Escobar,Olger Armando Escobar Real
78356,J. Quiñones,José Luis Quiñones Mancilla
78366,Iago Parente,Iago Parente Novoa
78367,Oso,Joaquín Martínez Gauna
78368,Dani Bernabéu,Daniel Bernabéu García
78374,D. Polak,Dawid Polak
78377,L. Machine,Lanroy Machine
78379,I. Azizi,Ilyas Azizi
78391,T. Nyakuhwa,Tanatswa Nyakuhwa
78393,S. Despotovski,Sebastian Despotovski
78399,J. Newall,Jack Newall
78400,I. Fullah,Ibrahim Mohamed Fullah
78401,F. Phillips,Frankie Phillips
78404,D. Basset,Donovan Basset
78407,A. Oluwo,Adebola Oluwo
78409,R. Matyar,Rohat Matyar
78411,J. Blower,Jack Blower
78412,P. Matejko,Patrick Matejko
78414,L. Ndlovu,Lee Ndlovu
78415,C. Stead,Callum Stead
78418,B. Nyssen,Benoit Nyssen
78419,Y. Cappelle,Yannick Cappelle
78421,W. Paugain,Wilguens Paugain
78423,J. Erenbjerg,Jeppe Erenbjerg
78424,T. Nnadi,Tochukwu Nnadi
78426,J. Opoku,Joseph Amankwaah Opoku
78435,Y. Onohiol,Yannick Onohiol
78436,K. Frees,Kelven Olagie Frees
78440,Y. Hör,Yannis Hör
78441,F. Ndayizeye,Faveur Ndayizeye
78445,V. Lässig,Valentin Lässig
78446,D. Dağdeviren,Diren Dağdeviren
78448,R. Reisig,Ruben Reisig
78452,D. D'Avilla,Tah Ange Innocent D'Avilla Djé
78453,Afonso Assis,Afonso Assis Cunha Almeida
78457,I. Diabate,Ibrahim Diabate
78469,D. Kaloskamis,Dimitrios Kaloskamis
78474,A. Amaimouni,Ayoube Amaimouni-Echghouyab
78482,M. Göckan,Mert Göckan
78484,M. Montag,Moritz Montag
78522,E. Zorn,Emil Zorn
78523,L. Trslic,Luka Trslic
78524,L. Zeller,Lucas Zeller
78525,N. Doktorczyk,Nick Doktorczyk
78528,D. Gojny,Dawid Gojny
78529,H. Vitalucci,Hide Vitalucci
78535,K. Jakubczyk,Kamil Jakubczyk
78537,M. Ayhan,Mertcan Ayhan
78538,T. Kusanović,Tino Kusanović
78539,A. Troche,Aarón Josué Troche Martínez
78540,C. Herrmann,Charles Kwablan Herrmann
78541,E. Porstner,Eric Porstner
78543,E. Erdoğan,Emre Erdoğan
78547,I. Jourdren,Ilan Jourdren
78550,Rego,Alejandro Rego Mora
78554,A. Chovan,Adrian Chovan
78558,G. Isik,Gabriel Isik
78559,N. Mrosek,Noah Mrosek
78560,D. Biniek,Dominik Andrzej Biniek
78563,D. Deisadze,Diego Deisadze
78564,W. Jakubik,Wojciech Jakubik
78569,C. May,Cyrill May
78571,O. Kapsimalis,Oliver Kapsimalis
78573,I. Gosik,Igor Fabian Gosik
78579,N. Talbot,Nathan Talbot
78584,I. Guerti,Ismaël Guerti
78589,J. Rosa,Juan José Rosa
78610,M. Lamhauge,Mattias Lamhauge
78611,M. Eriksen,Mads Eriksen
78612,D. Kristjánsson,Daníel Freyr Kristjánsson
78613,J. Jessen,Jakob Jessen
78614,W. Madsen,William Madsen
78615,D. Haarbo,Daniel Haarbo
78618,M. Huldahl,Martin Staghøj Huldahl
78621,O. Buch,Oscar Buch
78629,J. Askou,Julius Berthel Askou Harvey
78630,M. McCoy,Marcus McCoy
78632,W. Martin,William Christian Martin
78634,E. Hansborg-Sørensen,Elias Hansborg-Sørensen
78642,I. Akintunde Alani,Ibrahim Akitunde Alani
78646,L. Bausenwein,Lauris Bausenwein
78651,M. Expérience,Martin Expérience
78652,V. Schmitt,Valentin Schmitt
78654,B. Camara,Bakari Camara
78655,J. Tranziska,Jakob Tranziska
78657,M. Dellinger,Michael Dellinger
78658,W. Bouabdeli,Walid Bouabdeli
78659,C. Touré,Cheikh Touré
78660,Z. Fdaouch,Zakaria Fdaouch
78661,B. Bokangu,Brandon Bokangu
78662,J. Evans,Jimmy Evans
78665,M. Persson,Malte Persson
78667,F. Vasquez,Fabricio Vasquez Quispe
78669,Lucas Nuñez,Lucas Nuñez Ramirez
78670,Rober Sierra,Roberto Sierra Jiménez
78676,D. Matei,David Matei
78686,Felipe Andrade,Felipe de Andrade Vieira
78695,M. Tudose,Mario Cristian Tudose
78696,P. Dulcea,Patrick Adrian Dulcea
78699,R. Palmeș,Raul Palmeș
78700,M. Simon,Máté Simon
78701,D. Kelemen,Dávid Kelemen
78702,E. Bloj,Erwin Bloj
78703,A. Csürös,Attila Csürös
78704,Anderson Ceará,Anderson de Jesus dos Sa
78705,E. Bakoș,Ervin Bakoș
78706,E. Bödő,Efraim Zoltan Bödő
78707,J. Nagy,János Nagy
78710,M. Karácsony,Mark Karácsony
78711,R. Erdei,Ramon Erdei
78714,O. De Rosario,Osaze Tafari De Rosario
78720,Iker Varela,Iker Varela Parra
78722,Rodrigo Rodrigues,Rodrigo Prata Deusdado Rodrigues
78723,A. Stroud,Adam Stroud
78726,J. Østrem,Jaran Eike Østrem
78729,Xavi Moreno,Xavier Moreno Hernández
78731,Gerard Moreno,Gerard Moreno García
78732,S. Barnawi,Saleh Barnawi
78735,J. Zieliński,Jakub Zieliński
78736,K. Nowogoński,Kamil Nowogoński
78742,R. Postelnicu,Radu Postelnicu
78746,Djé Tavares,José Luís Rocha Tavares
78756,A. Delbecque,Augustin Delbecque
78757,H. Voyer,Harold Voyer
78758,J. Matumona,Jérémie Matumona Makanga
78760,N. Boissé,Noa Boissé
78761,T. Eyoum,Théo Eyoum
78764,E. Quarshie,Edwin Quarshie
78765,G. Bernardeau,Gabin Bernardeau
78766,M. Rossignol,Martin Rossignol
78769,B. Oggad,Brice Oggad
78771,E. Colas,Erwan Colas
78774,C. Yucra,Cesar Milton Yucra Reyes
78776,K. Kościerski,Kacper Koscierski
78778,D. Hazrollaj,Drilon Hazrollaj
78783,L. Henderson,Liam Henderson
78784,M. Chávez,Mateo Chávez García
78785,G. Reiziger,Gabriël Reiziger
78786,F. Wimmer,Felix Wimmer
78787,D. Stöger,Dominik Stöger
78788,F. Wolmuth,Fabian Wolmuth
78792,P. Weissenbacher,Philip Weissenbacher
78793,M. Grosse,Mark Grosse
78795,F. Rossdorfer,Fabian Hubert Rossdorfer
78797,A. van Wyk,Antonio van Wyk
78799,D. Berger,David Berger
78801,M. Vitális,Milán Vitális
78836,K. Koné,Kialy Abdoul Koné
78837,Aisar,Aisar Ahmed Ahmed
78838,Yago Cantero,Yago Cantero Pérez
78839,Andy Escudero,Andy Escudero Jara
78847,L. Sabja,Luis Gerardo Sabja Justiniano
78850,M. Muhaysh,Mohammed Muhaysh
78852,A. Llukes,Adrien Llukes
78858,Lander Pinillos,Lander Pinillos Wilson
78859,Arturo,Arturo Rodríguez Cosano
78864,M. Gueye,Mouhamed Lamine Gueye
78867,A. Kalın,Ali Osman Kalın
78872,A. Hadhood,Abdulaziz Hadhood
78874,L. Ramirez,Luca Ian Ramirez
78875,T. Al Dhafeeri,Thamer Al Dhafeeri
78877,O. Sidibé,Oumar Sidibé
78878,D. Gueye,Dame Gueye
78886,Z. Al Ghamdi,Ziyad Al Ghamdi
78887,S. Al Mutairi,Saad Al Mutairi
78889,M. Al Ghanem,Mohammed Al Ghanem
78895,T. Mero,Toivo Mero
78909,A. Rrahmani,Albert Rrahmani
78910,A. Vogtmann,Alberto Vogtmann
78911,M. Løndal,Mikkel Bach Løndal
78916,A. Agyeman,Alfredo Agyeman
78917,F. Yeats,Finn Yeats
78920,K. Angulo,Kevin Angulo
78923,K. Lisbie,Kyrell Lisbie
78926,Hugo Pinilla,Hugo Pinilla Ruiz
78933,Marc Delgado,Marc Delgado Garciandía
78934,M. Fortin,Mattia Fortin
78938,M. Mikkelsen,Mads Mikkelsen
78940,W. Bergman,William Bergman
78941,M. Frejd Pålsson,Malte Vilhelm Frejd Pålsson
78943,M. Al Dawsari,Mohammed Al Dawsari
78944,A. Al Zaid,Abdullah Al Zaid
78947,D. Robles,Diego Aaron Robles Agurto
78948,K. Contreras,Kevin Alexander Contreras Araya
78949,J. McGovern,John McGovern
78950,O. Al Bawardi,Osama Al Bawardi
78953,F. Al Mutairi,Faisal Al Mutairi
78956,A. Al Sagheer,Abdullah Al Sagheer
78965,F. Al Taleb,Fahad Al Taleb
78971,Ageu,Eduardo Ageu Almeida Santos
78973,Cristian,Cristian de Lima
78974,Diogo Martins,Diogo Jorge Sousa Martins
78981,Talisca,João Pedro de Souza Borges
78984,Y. Al Ruwaili,Yazan Al Ruwaili
78986,André Ceitil,André Filipe Castanheira Ceitil
78989,Cícero,Cícero Clebson Alves Santana
78990,Tiago Manso,Tiago Miguel Silva Manso
78991,Maranhão,Pedro Henryque Pereira dos Santos
78993,S. Moudjatovic,Sié Moudjatovic
78994,Diego Tavares,Diego Enrique Amaral Tavares
78995,A. Al Dwehe,Abdulaziz Al Dwehe
78996,A. Al Shamrani,Ahmed Al Shamrani
78998,N. Eliseche,Nelson Josue Eliseche Amarilla
78999,D. Islami,Drilon Islami
79000,L. Sadriu,Leard Sadriu
79002,M. Gjorgjievski,Marko Gjorgjievski
79006,S. Banu,Sebastian Banu
79007,S. Akere,Samuel Akere
79008,J. Budnicki,Jakub Budnicki
79009,N. Dzięgielewski,Natan Dzięgielewski
79011,A. Spagnoli,Alberto Spagnoli
79012,M. Bortolussi,Mattia Bortolussi
79014,K. Varas,Kevin Varas
79015,A. Capelli,Alessandro Capelli
79016,P. Fusi,Pietro Fusi
79017,C. Faedo,Carlo Faedo
79020,M. Voltan,Michele Voltan
79024,T. Opitz,Tom Opitz
79025,I. Behrens,Irichad Behrens
79026,T. Friedrich,Timo Friedrich
79027,R. Koeman Jr.,Ronald Koeman Jr.
79028,T. Bodak,Tyrick Bodak
79029,G. Offerhaus,Guus Offerhaus
79030,D. Koswal,Devon Koswal
79032,T. Noslin,Tyrese Noslin
79034,J. Moalem,Jonathan Moalem
79037,L. Blondeau,Luca Blondeau
79038,A. Bouziane,Anass Bouziane
79039,N. Bukala,Nordin Bukala
79040,A. Oehlers,Aurelio Oehlers
79041,M. Zijlstra,Mauro Nils Zijlstra
79042,S. Hetli,Soufiane Hetli
79043,T. Owusu,Tyrone Owusu
79044,S. Hagedoorn,Sebastiaan Hagedoorn
79045,A. Lechkar,Adil Lechkar
79048,Rodri Suárez,Rodrigo Suárez Marcos
79049,Álvaro Martínez,Álvaro Martínez Navarro
79053,K. Doumtsios,Konstantinos Doumtsios
79057,C. Clarke,Courtney Clarke
79058,Y. Zakir,Yassine Zakir
79059,G. Caramalău,George Caramalău
79060,A. Sava,Andrei Sava
79061,G. Dumitru,Gabriel Paraschiv Dumitru
79062,R. Neacșu,Robert Neacșu
79063,S. Višić,Stefan Višić
79064,A. Sîrbu,Adrian Sîrbu
79065,R. Milea,Răzvan Milea
79066,D. Sandu,Daniel Sandu
79069,A. Edmundsson,Andrias Edmundsson
79070,Jorge Jiménez,Jorge Jiménez Rodríguez
79071,K. Pomorski,Krystian Pomorski
79074,B. Borowski,Bartosz Borowski
79077,S. Pruszkowski,Stanisław Pruszkowski
79078,J. Oltrogge,Jannik Oltrogge
79080,E. Aytun,Emre Aytun
79082,M. Ilić,Marko Ilić
79083,L. Paldino,Lorenzo Paldino
79085,B. Donio,Bastien Donio
79086,F. Pellacani,Filippo Pellacani
79088,B. Moruzzi,Brando Moruzzi
79089,N. Squizzato,Niccolò Squizzato
79090,L. Meazzi,Lorenzo Meazzi
79091,B. Ötvös,Bence Ötvös
79092,F. Mabete,Filozofe Mabete
79093,M. Dagasso,Matteo Dagasso
79098,B. Nagy,Barnabás Nagy
79100,D. Donkor,Denis Donkor
79101,T. Poller,Juan Tiago Esteban Poller
79102,B. Opoku Labes,Ben Opoku Labes
79103,A. Al Obaid,Abdulrahman Al Obaid
79107,A. Maksimović,Andrija Maksimović
79109,J. Vercruysse,Jean Vercruysse
79110,S. Pnevmonidis,Stavros Pnevmonidis
79111,A. Liatsikouras,Argyrios Liatsikouras
79112,H. Burke,Harrison Burke
79113,E. Demircan,Emirhan Cüneyt Demircan
79114,C. Warren,Charlie Warren
79115,R. Laalaoui,Reda Laalaoui
79117,C. Manzi,Claudio Manzi
79118,C. Patierno,Cosimo Patierno
79121,A. De Cristofaro,Antonio De Cristofaro
79122,R. Russo,Raffaele Russo
79123,D. Alomerović,Din Alomerović
79124,Caio Ferreira,Caio Ferreira Martins
79125,J. Hegedűs,János Hegedűs
79127,Adam Arvelo,José Adam Arvelo López
79128,W. Speel,Wessel Speel
79129,A. Franzoni,Andrea Franzoni
79131,M. Cinan,Muharrem Cinan
79135,F. Gedik,Furkan Gedik
79136,L. Lučić,Luka Lučić
79137,E. Hedström,Elton Hedström
79141,Ni Rodrigues,Gabriel Miranda Rodrigues
79147,Ramalho,Diogo Sá Ramalho
79148,O. Siaulys,Ovidijus Siaulys
79149,A. Boccadamo,Antonio Boccadamo
79150,S. Di Mario,Stefano Di Mario
79151,D. Portanova,Denis Portanova
79154,I. Lipani,Iacopo Lipani
79158,Bernat Guiu,Bernat Guiu Vilanova
79160,D. Kelvin,Damian Kelvin
79161,A. Shala,Altin Shala
79162,R. Smith,Reece Smith
79163,M. Willemsen,Maas Willemsen
79165,L. West,Liam Christopher West
79167,A. Campanile,Alessandro Campanile
79168,R. Šuta,Riad Šuta
79169,Diego Percan,Diego Pertejo Canseco
79172,J. Williams,Jaden Pharell Earl Williams
79175,M. Gomes,Diockoumalang Gomes
79180,S. Szalay,Szabolcs Szalay
79181,L. Stancu,Luca Gabriel Stancu
79184,M. Stajić,Milorad Stajić
79186,Mikel Rodríguez,Mikel Rodríguez Ulacia
79187,Tomy Carbonell,Tomás Carbonell del Rio
79188,Darío Ramírez,Darío Ramírez Ramírez
79189,J. Nguono Ochieng,Job Nguono Ochieng
79190,Sydney Osazuwa,Sydney Ehizogie Osazuwa Omoruyi
79192,Cristian Makaté,Cristian Makaté Bokoya
79194,Rafael Garutti,Rafael Gomes Garutti
79197,F. Haxha,Florian Haxha
79198,S. Szilágyi,Szabolcs Szilágyi
79201,K. McAdam,Kyle James McAdam
79202,L. Jenkins,Lee Jenkins
79203,F. Sass,Freddie Sass
79206,F. Neat,Finlay Neat
79207,A. Parsemain,Alexandre Parsemain
79210,Y. Morozov,Yevgen Morozov
79211,A. Cole,Alan Cocoyo Cole
79212,R. Nivokazi,Rilind Nivokazi
79214,N. Biner,Nevio Biner
79215,T. Brown,Tristan Brown
79216,J. von der Hitz,Justin-Kai von der Hitz
79217,A. Kendouci,Ahmed Kendouci
79218,J. Etse,Julian Yao Mawuli Etse
79225,M. Shaw,Malcolm Shaw
79228,J. Bosca,Juan Pablo Bosca Fraquelli
79229,M. Pinela,Maximiliano Jesús Pinela Borysiuk
79230,P. Cari,Mart Piero Cari Velarde
79231,L. Umpiérrez,Leandro Umpiérrez
79233,L. Zeevalkink,Leco Zeevalkink
79241,M. Qela,Miran Qela
79242,P. Brittijn,Philip Brittijn
79243,Y. Rahmouni,Yassir Salah Rahmouni
79245,A. Al Ghamdi,Abdulrahman Al Ghamdi
79246,T. Andrada,Tobías Luciano Andrada
79248,A. Forneris,Alan Forneris
79249,C. El Hansar,Chafik El Hansar
79251,Y. Geiger,Yannick Geiger
79252,D. Gallapeni,Dion Gallapeni
79253,T. Svetlin,Tamar Svetlin
79256,A. Lietsa,Johan Alexander Lietsa
79258,F. Ludwig,Finn Niklas Ludwig
79260,L. McFarlane,Liam McFarlane
79262,A. Angelopoulos,Angelos Angelopoulos
79263,Diogo Batista,Diogo José Branco Batista
79264,K. Mandić,Kristian Mandić
79265,M. Veillon,Mattéo Veillon
79266,P. Scobel,Piet Lasse Scobel
79267,A. Chaikhoun,Ayoub Chaikhoun
79269,P. Scholl,Paul Scholl
79270,Alisson,Alisson de Almeida Santos
79271,I. Ndukwe,Ifeanyi-Arthur Ndukwe
79274,Cláudio Braga,Cláudio Rafael Soares Braga
79276,Y. Kucherenko,Yevgeniy Kucherenko
79280,I. Okon,Ime Okon
79281,D. Guagua,Darwin Johan Guagua Silva
79284,L. Bonis,Lee Bonis
79285,J. von der Felsen,Jerik von der Felsen
79286,F. Hellstern,Florian Pascal Hellstern
79287,J. Lüers,Julian Lüers
79288,L. Penna,Lauri Lukas Penna
79289,D. Hajdini,Deli Hajdini
79291,K. Freßle,Kenny Freßle
79293,Jorge Meireles,Jorge Monteiro Meireles
79295,Kiko,Francisco Teixeira Domingues
79298,H. Muqaj,Hamza Muqaj
79299,L. Parduzi,Leon Parduzi
79300,L. Jovanović,Lazar Jovanović
79303,O. Samuelsson,Olle Samuelsson
79305,A. Chernev,Atanas Chernev
79306,E. Ukaki,Ehije Success Ukaki
79308,Thiago Balieiro,Thiago Balieiro
79309,J. Castillo,Juan Castillo
79310,N. Moutha-Sebtaoui,Nail Moutha-Sebtaoui
79311,L. Marijnissen,Luc Marijnissen
79312,David Grilo,David Allen Grilo
79316,N. Brogli,Noah Elia Brogli
79317,David Santos Daiber,David Michael Santos Daiber
79319,N. Ogidi Nwankwo,Neville Ogidi Nwankwo
79320,M. Brüning,Malte Brüning
79321,B. Zank,Benjamin Zank
79322,Y. Tonye,Yannick Aime Tonye
79323,Deivison,Deivison Souza Brito
79325,G. Sadlek,Gabriel Eric Sadlek
79326,L. Hermes,Lucas Hermes
79327,A. Mešanović,Almin Mešanović
79328,D. Asante,Davis Asante
79329,A. Japaur,Alem Japaur
79330,P. Beckhoff,Phil Beckhoff
79331,F. Wessig,Fabian Wessig
79332,G. Kavlashvili,Giorgi Kavlashvili
79333,M. Richter,Marc Richter
79334,R. Florucz,Raul Florucz
79335,Joel da Silva Kiala,Joel Miguel da Silva Kiala
79336,T. Van Ingelgom,Tijn Van Ingelgom
79337,A. Willockx,Axel Willockx
79338,G. Diarra,Gaoussou Diarra
79342,C. Osmand,Callum James Osmand
79343,M. Țuțu,Mark Țuțu
79363,N. Athanasiou,Nikolaos Athanasiou
79364,G. Pelzer,Gianluca Pelzer
79365,A. Honajzer,Alex Honajzer
79366,M. Onos,Melvin Onos
79368,L. Krasniqi,Leonard Krasniqi
79369,T. Paumgartner,Tim Aziz Paumgartner
79370,B. Makanda,Blessing Miguel Makanda Maleko
79371,E. Chukwu,Emmanuel Chukwu
79372,P. Benjamin,Precious Benjamin
79373,R. Harakaté,Ramiz Harakaté
79375,A. Prenqi,Arbnor Prenqi
79376,F. Luque-Notaro,Fabio Antonio Luque-Notaro
79377,M. Weisbäcker,Maximilian Weisbäcker
79378,U. Obiogumu,Uche Obiogumu
79379,A. Ibisi,Altin Ibisi
79380,L. Kalandia,Luka Kalandia
79381,K. Chrysopoulos,Konstantinos Chrysopoulos
79383,R. Fabinski,Robin Fabinski
79384,B. Riesselmann,Bernd Riesselmann
79388,L. Flower,Louis Christopher Chukwuemeka Flower
79389,B. Dadín,Juan Bautista Dadín
79390,M. Sauer,Mario Sauer
79391,K. Asallari,Kushtrim Asallari
79392,J. Niemann,Jan Marco Niemann
79393,Davinchi,David Cordón Mancha
79394,O. Sillah,Omar Sillah
79396,Neiva,Guilherme Neiva Silva
79397,G. Yah,Gibson Yah
79398,Guilherme Peixoto,Guilherme Martinho Peixoto
79401,D. Hummel,David Hummel
79402,Igor Jesus,Igor Jesus Maciel da Cruz
79403,S. Jung,Sebastian Jung
79404,M. Ladefoged,Malthe Riis Ladefoged
79407,O. Buur,Oscar Gadeberg Buur
79419,M. Peralta,Miguel Ángel Peralta Quiñónez
79420,K. Mboma Dem,Kenji Mboma Dem
79421,J. Bogarin,Joaquín Andrés Bogarín Gómez
79422,F. Mongelos,Francisco Silverio Mongelos Hanson
79423,J. Paredes,Joaquín Paredes
79425,K. Barrett,Killian Barrett
79427,O. Romanchuk,Oleksandr Romanchuk
79428,C. Mbuyi,Claudy Mbuyi
79429,N. Stoinov,Nikita Stoinov
79430,L. Biliboc,Lorenzo Biliboc
79434,T. Anderson,Taine Charlie Anderson
79437,Bruno Carvalho,Bruno José Carvalho
79443,Kevyn Vinícius,Kevyn Vinícius Medeiros de Freitas
79444,D. McCoy-Splatt,Delano McCoy-Splatt
79448,M. Stjepanović,Mateja Stjepanović
79453,E. Cham,Eliman Cham
79455,S. Musah,Salim Amani Musah
79458,M. Urinboev,Mukhammadali Urinboev
79459,Marino Illescas,Marino Illescas Montaño
79461,S. Smarkalev,Stefan Smarkalev
79463,Edu Coniac,Eduard Coniac Covalciuc
79470,F. Fomeyem,Franck Ferry Fomeyem
79472,T. Epailly,Theo Epailly
79474,Samu Becerra,Samuel Becerra Gómez
79478,M. Mensah,Mawuli Mensah
79479,Pablo Ruan,Pablo Ruan Messias Cardozo
79480,Ismael Barea,Ismael Barea Fernández
79487,Unai Ayala,Unai Ayala Cornejo
79490,R. Al Mutairi,Rayan Al Mutairi
79493,D. Sinaté,Dan Sinaté
79494,A. Al Jaber,Abdulmalik Al Jaber
79495,R. Safari,Ryan Safari
79496,L. Socka,Loïc Socka
79497,L. Bretelle,Lucas Bretelle
79498,C. Makutungu,Cédric Makutungu
79499,A. Hbouch,Abdel Hbouch
79503,N. Awortwie-Grant,Nyamekye Awortwie-Grant
79504,C. Tchouante,Christian Tchouante
79505,Bernardo Schappo,Bernardo Schappo
79506,António Machado,António Sousa Machado
79512,B. Hegland,Bo Hegland
79513,B. Deuff,Bahmed Deuff
79514,M. Vojtko,Matúš Vojtko
79515,M. Commaret,Mattéo Commaret
79525,A. Svanbäck,Adrian Svanbäck
79526,L. Madsen,Lasse Bruun Madsen
79527,A. Đurić,Andrej Đurić
79528,Juanpa,Juan Palomares Pulpillo
79530,Y. Njoya,Youssef Njoya
79531,S. Sylla,Soumaïla Sylla
79533,M. Ratnik,Marcel Ratnik
79535,Y. Benkhaleq,Yahya Benkhaleq
79536,Peixinho,André Tiago Ramos das Neves
79538,H. Rahimi,Houssine Rahimi
79543,Bernardo Lourenço,Bernardo José Almeida Lourenço
79545,L. Bimai,Longin Vianey Bimai
79547,S. Faye,Souleymane Faye
79548,S. Tchamche,Stefen Erwan Tchamche
79549,M. Andersen,Magnus Hvitfeldt Andersen
79551,B. Holm,Bastian Lykkegaard Holm
79552,Joaquín González,Joaquin Felipe González Rodríguez
79553,M. Eskildsen,Marcus Eskildsen
79554,B. Edjeodji,Bismark Junior Edjeodji
79555,M. Heyde,Malte Såby Heyde
79556,K. Uchino,Kotaro Uchino
79557,S. Fukuda,Shō Fukuda
79558,P. Kristensen,Pachanga Cassoma Kristensen
79559,Josué Souza,Josué Souza dos Santos
79560,E. Cedeño,Edward Cedeño
79561,P. Meyer,Paskal Konrad Meyer
79566,L. Bonetig,Liam Bonetig
79570,J. Kilroy,Jenson Kilroy
79571,S. Coulibaly,Souleymane Coulibaly
79572,P. Sunday,Peter Edache Sunday
79573,J. Ampofo,James Ampofo
79574,A. Conteh,Alie Conteh
79579,C. McCarthy,Cathal McCarthy
79582,Mikel Santos,Mikel Santos Linares
79583,Víctor Valverde,Víctor Valverde da Silva
79585,J. Joseph,Jayden Joseph
79587,L. Page,Louis Donald Page
79598,F. Onukwuli,Favour Onukwuli
79607,Rafael Luís,Rafael Filipe Gonçalves Soares Luís
79608,João Veloso,João Miguel Fins Veloso
79609,Y. Lawson,Yannis Lawson
79610,T. Andami Averlant,Teddy Andami Averlant
79611,L. Traoré,Lassana Traoré
79612,Manu Obón,Manuel Obón Salido
79613,H. Caparó,Henry Estuardo Caparó Bendezu
79615,K. Tamayo,Kevin Tamayo
79616,T. Garcia,Tomás García Rojas
79618,S. Davidović,Stjepan Davidović
79620,P. Isenko,Pavlo Isenko
79621,P. Venot,Paul Venot
79623,M. Mion,Mathieu Mion
79624,G. Versini,Giovani Versini
79625,E. Derouin,Enzo Derouin
79629,Jair Cunha,Jair Paula da Cunha Filho
79632,M. Nkota,Mohau Nkota
79634,G. Trani,Guillaume Trani
79635,J. Mendes,Jordan Mendes
79637,D. Vangi,Dylan Vangi
79638,O. Joly,Octave Joly
79639,M. Magnin,Mathis Magnin
79640,C. Jolibois,Clément Jolibois
79641,I. Karamoko,Issiaka Karamoko
79642,N. Parravicini,Nicolas Parravicini
79644,A. Gheorghe,Alexandru Gheorghe
79645,A. Manole,Adriano Manole
79647,L. Crăciun,Luca Marian Crăciun
79650,D. Neicu,Dan-Emilian Neicu
79651,M. Mantini,Matteo Mantini
79652,D. Neicu,Dan-Cristian Neicu
79653,M. Frunză,Matei Frunză
79654,P. Creti,Pantaleo Creti
79655,Albert Caparrós,Albert Caparrós Guzmán
79657,Nico Toca,Nicolás Toca Diego
79660,Z. Shuaib,Zac Shuaib
79661,Astigarraga,Eneko Astigarraga Alkorta
79662,M. Diop,Malick Diop
79663,W. Boteli,Winsley Boteli Mokango
79680,J. Miles,Josh Miles
79681,E. Sule,Eseosa Sule
79683,R. King,Richard King
79684,B. Kabongolo,Brooklyn Kabongolo
79686,Diogo Ferreira,Diogo José N. e Jesus Ferreira
79687,J. Wynder,Joshua Wynder
79689,D. Chatsidis,Dimitrios Chatsidis
79690,Gonçalo Oliveira,Gonçalo Calisto Oliveira
79691,N. Lominadze,Nodar Lominadze
79692,A. Gergely,Alpár Gergely
79694,B. Végh,Bence Végh
79696,Aitor Uzkudun,Aitor Uzkudun Arruti
79698,A. Tabuncic,Alexandru Tabuncic
79703,Gael Alonso,Gael Alonso Moreno
79704,Robinho,Robson Lucas Oliveira Botelho
79705,T. Lesueur,Tony Lesueur
79706,D. Bataoulas,Dimitrios Bataoulas
79707,I. Ramírez,Iván Ramírez
79708,M. Zonneveld,Milan Zonneveld
79709,B. Hughes,Ben Hughes
79710,C. Baretto,Calvin Rosario Baretto
79711,I. Eze,Ifeanyi Eze
79712,Lalramsanga,Ramsanga Tlaichhun
79716,M. Raina,Martand Raina
79718,L. Agbaire,Lenny Agbaire
79736,Alex Lizancos,Alejandro Lizancos Saldaña
79737,E. Kamga,Enis Kamga
79746,H. Akiyama,Hiroki Akiyama
79751,Josep Cerdà,Josep Cerdà Amengual
79752,Marc Doménech,Marc Doménech Costa
79754,L. Amaral,Leonardo Amaral
79755,E. Weinhauer,Erik Weinhauer
79756,J. Ehlers,Jannic Ehlers
79757,J. Romero,Joel Romero
79758,K. Gonzalez,Kener Gonzalez
79759,G. Niarchos,Giannis Niarchos
79761,B. Mahamadou,Balde Mahamadou
79762,A. Kölle,Adam Kölle
79763,N. Rothweiler,Nick Rothweiler
79764,A. Mythou,Anestis Mythou
79767,I. Iovu,Iurie Iovu
79769,Dani Martín,Daniel Martín Rodríguez
79772,M. Boras,Marco Boras
79773,R. Gschösser,Raphael Gschösser
79774,L. Schweighofer,Lukas Schweighofer
79775,M. Böhnke,Max Böhnke
79776,M. Neuner,Michael Neuner
79777,C. Huetz,Christian Huetz
79778,D. Falkner,David Falkner
79780,K. Kjartansson,Kjartan Már Kjartansson
79781,H. Inamura,Hayato Inamura
79782,R. Auzmendi,Rodrigo Auzmendi
79784,P. Bratschko,Paul Bratschko
79785,H. Coulibaly,Habib Coulibaly
79786,A. Uriev,Azamat Uriev
79787,S. Gourville,Siad Gourville
79788,J. Kapenga,Jonathan Kapenga
79789,S. Duflos,Sonny Duflos
79790,H. Touré,Hervé Touré
79791,N. Binet,Nolan Binet
79792,S. Paillard,Sohan Paillard
79793,L. Boiteau,Luka Boiteau
79794,A. El Farissi,Amine El Farissi
79795,E. Mpembele Boula,Exaucé Mpembele Boula
79796,C. Kitenge,Christian Kitenge
79797,C. Fatou,Corentin Fatou
79798,Z. Koné,Zanga Koné
79800,A. Harangi,Aiden Harangi
79801,Á. Aquino,Ángel Aquino
79802,Gonzalo Calçada,Gonzalo Calçada
79803,J. Becker,Jan Matthias Becker
79804,G. Kyriopoulos,Georgios Kyriopoulos
79805,E. Flataker,Erik Flataker
79809,A. Sharahili,Anwar Sharahili
79810,M. Grundetjern,Mathias Grundetjern
79811,Dorian Junior,Dorian Hanza
79812,N. Hernández Pinilla,Nicolás Hernández Pinilla
79813,G. Bokos,Giannis Bokos
79814,T. Mercera,Tyrique Mercera
79815,J. Vega Zambrano,Joel Vega Zambrano
79816,R. Müller,Ruben Müller
79817,F. Hajdini,Florent Hajdini
79818,K. Koton,Krzysztof Koton
79820,A. Traoré,Abdoul Karim Traoré
79821,J. Meza,Juan Cruz Meza
79822,K. Wong-A-Soij,Key-Shawn Wong-A-Soij
79823,A. Santos,Ayoni Santos
79824,I. Mandić,Ivan Mandić
79826,R. Munteanu,Rafael Munteanu
79828,I. Diaby,Ibrahima Diaby
79830,M. Głowiński,Mateusz Głowiński
79831,K. Minuczyc,Kacper Minuczyc
79835,Dinis Rodrigues,José Dinis Rodrigues
79836,M. Predenkiewicz,Marcel Predenkiewicz
79837,V. Konate,Valy Konate
79840,N. Sessock,Nyk Sessock
79842,M. Rashid,Mohammed Rashid
79851,R. Willson,Ronney Willson
79852,H. Rasmussen,Hjalte Rasmussen
79859,A. Camara,Abdoulaye Camara
79862,T. Lykkebak,Tobias Lykkebak
79866,J. Torquato,Joshua Torquato
79867,S. Sarver,Samuel Sarver
79868,N. Ogidi Nwankwo,Nigel Ogidi Nwankwo
79872,O. Alfonso,Octavio Alfonso
79881,E. Klein,Eric Klein
79886,S. Reid,Seymour Reid
79895,G. Guerra,Gage Guerra
79900,M. Henry,Malik Henry
79908,D. Gui,Davy Gui
79909,C. Nuozzi,Cédric Nuozzi
79910,Tiago Leite,Tiago Rafael Fernandes Leite
79911,Felipe Lima,Felipe de Almeida Lima
79912,I. Julian,Ikker Julian
79913,Alex Amorim,Amorim Alexsandro
79914,M. Bakkenget,Martin Bakkenget
79915,Geovane Meurer,Geovane Santana Meurer
79916,C. Kosidis,Christos Kosidis
79917,E. Aguilar,Enrique Aguilar
79918,J. Schuster,Jannik Schuster
79919,L. Villa,Lorenzo Villa
79920,D. Weixelbraun,Dominik Weixelbraun
79922,Á. Pécsi,Ármin Pécsi
79923,K. Keresztes,Krisztián Keresztes
79924,V. Oelz,Valentin Oelz
79926,F. Gerstmayer,Felix Gerstmayer
79927,D. Naamo,Dario Naamo
79929,A. Zaouai,Alexandre Zaouai
79930,A. Smakaj,Art Smakaj
79931,A. Hofleitner,Alexander Hofleitner
79932,D. Achitei,Darius Achitei
79933,D. Antosch,Daniel Antosch
79934,Y. Massombo,Yann Massombo
79935,S. Karchoud,Sami Jalal Karchoud
79936,L. McCann,Leon McCann
79938,K. Adams,Keelan Adams
79940,N. Zotz,Nevio Zotz
79941,Ekain Azkune,Ekain Azkune Astarloza
79942,P. Kiedl,Peter Kiedl
79943,L. Ondoa,Loiange Ondoa
79944,C. Scholl,Conrad Scholl
79945,N. Mešić,Nermin Mešić
79947,B. Stewart,Barney Stewart
79948,T. Ladra,Tomáš Ladra
79949,T. Lang,Tom Lang
79950,M. Polendakov,Mihail Polendakov
79951,N. Hogarth,Nicky Hogarth
79956,S. Stüker,Simon Stüker
79957,M. Øxenberg,Mikkel Øxenberg
79959,S. Ujka,Serxho Ujka
79960,Peng Shunjie,Shunjie Peng
79961,Wang Kang,Kang Wang
79962,Qi Qiancheng,Qiancheng Qi
79963,Peng Yixiang,Yixiang Peng
79965,Wang Haobin,Haobin Wang
79966,Liu Qiwei,Qiwei Liu
79967,Wu Fei,Fei Wu
79968,H. Dramé,Hamed Dramé
79970,Miguel Ferreira,Miguel Ferreira Damasceno
79971,K. Kita,Kazunari Kita
79972,G. Parlanti,Gabriele Parlanti
79974,Wang Jinglei,Jinglei Wang
79976,Luan Hao,Hao Luan
79978,Qi Bingyu,Bingyu Qi
79979,E. Topór,Eric Topór
79980,M. Valinčić,Moris Valinčić
79981,M. Lisica,Mateo Lisica
79983,Fang Haiyang,Haiyang Fang
79984,Wu Zhicheng,Zhicheng Wu
79985,Peng Haochen,Haochen Peng
79986,Yan Yihan,Yihan Yan
79987,Wen Zhanlin,Wen Zhanlin
79988,Alex Jojo,Alexander Jojo
79990,Wu Qipeng,Qipeng Wu
79991,K. Spáčil,Karel Spáčil
79992,Zhu Wenchuan,Wenchuan Zhu
79993,M. Zikrulla,Memetimin Zikrulla
79995,Zhang Aihui,Aihui Zhang
79996,Wang Junjie,Junjie Wang
79999,Andrés Campos,Andrés Campos Bautista
80000,Jo Jin Ho,Jin Ho Jo
80001,S. Öztaşdelen,Serhat Öztaşdelen
80003,A. Dramé,Adama Dramé
80004,V. Damjanić,Viktor Damjanić
80005,Laro Gómez,Laro Gómez Rodríguez
80006,M. Pérez,Matías Ignacio Pérez
80007,A. Enis,Asani Enis
80008,M. Roberts,Mathaeus Roberts
80009,L. Giossa,Luca Giossa
80010,Š. Gržan,Šime Gržan
80012,D. Michel,Diego Michel
80016,C. Lutz,Charlie Lutz
80017,D. McGuinness,Dara McGuinness
80018,J. Obando,Juan David Obando
80019,Kauan Gomes,Kauan Souza Gomes
80020,M. N'Diaye,Mouhamed N'Diaye
80021,Naves,Kaiky Marques Naves
80022,A. Soumare,Abderrahmane Soumare
80023,A. Moreira,Agustín Moreira
80024,Paulo Vitor,Paulo Vitor Sousa Lima
80025,O. Camara,Oumar Camara
80026,M. Mitrović,Matija Mitrović
80027,J. Kwaaitaal,Julian Kwaaitaal
80029,R. Hillen,Rio Hillen
80030,S. Henderikx,Stan Henderikx
80031,H. Essaouabi,Hatim Essaouabi
80032,A. Ouahabi,Amine Ouahabi
80034,H. Özdemir,Halil Özdemir
80035,J. Italeng,Jonathan Italeng
80043,M. Rodríguez,Maizon Rodríguez
80044,D. Addai,Dillon Addai
80045,R. Zelezny,Radoslaw Zelezny
80047,K. Giannakou,Konstantinos Giannakou
80058,I. Sinclair,Isaac Sinclair
80060,F. Tunstall,Finlay Tunstall
80064,L. Siliadin,Louis Siliadin
80065,J. Bultel,Joffrey Bultel
80066,S. Keita,Souleymane Keita
80067,K. Merah,Khalis Merah
80068,A. Dinu,Andrei Dinu
80069,M. Nichetti,Marco Nichetti
80070,L. Palomba,Luigi Palomba
80071,A. Bottaro,Andrea Nabi Bottaro
80072,E. Matteazzi,Ernesto Matteazzi
80073,D. Višinský,Denis Višinský
80074,G. Bouhier,Gastón Bouhier
80075,M. Mannini,Mattia Mannini
80076,F. Reale,Filippo Reale
80079,E. Freij,Erik Freij
80080,S. Kerjota,Sabah Kerjota
80081,H. Karlsen,Håvard Vatland Karlsen
80082,J. Calvin,Jalmaro Calvin
80083,M. Albæk,Max Albæk
80084,Almenara,Gonzalo Almenara Hernández
80085,L. Graziani,Leonardo Graziani
80089,C. Sima,Cristian Sima
80091,A. Dahal,Awad Dahal
80092,P. Pietryga,Piotr Pietryga
80094,T. Abe,Taisei Abe
80096,J. Masanka Bungi,Joyeux Masanka Bungi
80098,T. Perrotta,Tiziano Perrotta
80110,A. Navarro,Alejo Navarro
80111,D. Paloschi,Dorian Paloschi
80112,A. Ledesma,Alan Fabricio Ledesma Velázquez
80113,Jakes Gorosabel,Jakes Gorosabel Añorga
80114,F. Gulli,Facundo Gulli
80117,F. Insfrán,Facundo Insfrán
80123,M. Arias,Matías Arias
80125,R. Adewusi,Ryan Adewusi
80126,M. El Âdfaoui,Mohammed El Âdfaoui
80128,I. Struyf,Ian Struyf
80133,Chen Zhexuan,Zhexuan Chen
80134,Wang Pengbo,Pengbo Wang
80135,P. Croker,Phil Croker
80136,M. Clairicia,Mathis Clairicia
80138,Lucas Ferreira,Lucas Manuel Silva Ferreira
80139,M. Zimmermann,Mio Zimmermann
80140,J. Widmer,Janis Widmer
80141,E. Owusu,Enoch Owusu
80142,T. Citherlet,Tibault Citherlet
80143,J. Holder,Julius Holder
80144,G. Stork,Gian Stork
80145,L. Giandomenico,Loris Giandomenico
80146,J. Heerkens,Joeri Heerkens
80147,J. van Ommeren,Jaygo van Ommeren
80148,J. Bergraaf,Jerolldino Bergraaf
80149,T. Holla,Tijmen Holla
80150,N. Martens,Nolan Martens
80151,N. Groen,Nesto Groen
80152,M. Willmann,Michał Willmann
80153,Y. Rodríguez,Yefrei Rodríguez
80154,U. Abubakar,Umar Abubakar
80155,Renan Santana,Renan Santana
80156,R. Frosinini,Ruggero Frosinini
80157,B. Verrengia,Bruno Verrengia
80158,Kim Jee Won,Jee Won Kim
80160,M. Cardo,Michael Cardo
80161,M. Pfister,Max Pfister
80162,B. Börner,Benedikt Börner
80163,F. Alfa-Ruprecht,Farid Alfa-Ruprecht
80165,A. Markgraf,Andrik Markgraf
80166,A. Camara,Aboubacar Camara
80168,J. Harrison,Jordan Harrison
80169,E. Lolić,Eldin Lolić
80170,Wesley,Wesley Vinícius França Lima
80172,A. Bozzolan,Andrea Bozzolan
80175,P. Kukulski,Patryk Kukulski
80177,S. Camara,Sambou Camara
80180,Park Su Bin,Su Bin Park
80182,R. Mitongo Muteba,René Mitongo Muteba
80183,S. Bonetti,Simone Bonetti
80185,O. Keumo,Owono-Darnell Keumo
80186,A. Sivri,Ahmet Sivri
80187,O. Conté,Oumar Conté
80188,Hong Jin Hyuk,Jin Hyuk Hong
80190,M. Tresor Doh,Maruis Tresor Doh
80192,F. Vallarelli,Francesco Pio Vallarelli
80194,J. Posselt,John Posselt
80196,D. Basili,Damiano Basili
80197,Kim Se Hyoung,Se Hyoung Kim
80199,O. Tomczyk,Oskar Tomczyk
80200,M. Guidi,Matteo Guidi
80201,J. Maljojoki,Jasper Maljojoki
80203,A. Nunziante,Alessandro Nunziante
80205,J. Mažionis,Jokūbas Mažionis
80206,A. Groune,Amine Groune
80216,R. Raçi,Ron Raçi
80217,Ángel Recio,Ángel Recio Gutiérrez
80218,C. Lenz,Cajetan Lenz
80219,B. Lee,Brody Lee
80222,P. Bachmann,Paul Bachmann
80224,M. Kerkez,Marko Kerkez
80226,N. Jönsson,Neo Jönsson
80227,E. Vassenin,Egor Vassenin
80228,P. Kumar Venkatesh,Praful Kumar Venkatesh
80229,W. Harhouz,William Harhouz
80231,Y. Wagner,Yannik Wagner
80232,G. Birch,George Birch
80233,K. Wilson,Kieran Wilson
80234,A. Nedelec,Aymerick Nedelec
80235,Y. Dahalani,Yanis Dahalani
80236,P. Okon-Engstler,Paul Okon-Engstler
80238,T. Diarra,Thiemoko Diarra
80239,E. Clavreul,Ethan Clavreul
80240,M. Ntessa,Mathis N'Tessa
80243,J. Perkins,Jack Perkins
80259,Álvaro Choco,Álvaro Díez Ruiz
80263,B. Isufi,Blerton Isufi
80264,A. Crimaldi,Alessandro Crimaldi
80265,J. Atangana,Jamie Atangana
80267,M. Aubert,Marwan Aubert
80268,J. Astic,Julien Astic
80269,L. Jashari,Lirim Jashari
80270,E. Cantero,Enzo Cantero
80274,T. Diethelm,Thierry Diethelm
80275,L. Maksutaj,Leandro Maksutaj
80276,Hugo García,Hugo García Jiménez
80277,Sarasketa,Lucas Sarasketa Unamuno
80278,Markel Arana,Markel Arana Mateo
80279,A. Al Anzi,Adel Al Anzi
80281,A. Dobbels,Arnaud Dobbels
80283,Giovane,Giovane Santana
80284,O. Safronov,Oleksandr Safronov
80285,C. Kolimatsis,Christoforos Kolimatsis
80286,O. Pašagić,Omar Pašagić
80287,A. Khatir,Ahmed Khatir
80288,M. Antonsen,Magnus Fagervik Antonsen
80289,M. Demirci,Mert Demirci
80290,Yanis da Rocha,Yanis Franklin da Rocha
80291,T. Gueye,Tidiane Gueye
80292,Yarlen,Yarlen Faustino Augusto
80293,R. Walker,Rhys Walker
80294,R. Wilson,Reece Wilson
80295,V. Džodić,Viktor Džodić
80300,M. Kyabou,Moussa Kyabou
80302,E. Kemaloğlu,Ensar Kemaloğlu
80304,A. Fayzullaev,Abbosbek Fayzullaev
80305,E. Kulasin,Enver Kulasin
80308,T. Kurt,Taycan Kurt
80309,J. Schwanke,Jonas Schwanke
80313,Gonçalo Sobral,Gonçalo Júnior da Silva Sobral
80314,Z. Yohanna,Zadok Yohanna
80315,I. Pérez,Ignacio Pérez
80318,R. Mariţa,Raul Mariţa
80319,M. Fries,Marlon Fries
80320,F. Ziegler,Fabian Ziegler
80322,A. Hachem,Abdelsamad Hachem
80323,S. Alio,Souleymane Alio
80324,C. Astrup,Clemens Astrup
80325,F. Ghebreyohannes,Fanuel Ghebreyohannes
80326,E. Amundsen-Day,Ethan Amundsen-Day
80328,J. Boguo,Joris Boguo
80330,R. Butt,Ruben Butt
80335,A. Al Nakhli,Abdulwahid Al Nakhli
80338,M. Mile,Mohammed Mile
80339,M. Rajkovačić,Marko Rajkovačić
80342,Gerenabarrena,Beñat Gerenabarrena
80343,A. Bacanin,Andrej Bacanin
80346,N. Maboulou,Noah Maboulou
80347,R. Woodcock,Robson Woodcock
80349,T. Brenan,Tobias Brenan
80350,S. Wyss,Sandro Wyss
80351,E. Waayers,Eus Waayers
80352,J. van den Berg,Joël van den Berg
80353,N. Suárez,Nicolás Suárez
80357,A. Adeshina,Adetunji Rasaq Adeshina
80370,L. Gordon,Lemar Gordon
80375,H. Ahadad,Hamid Ahadad
80376,R. Ngumoha,Rio Bass Ray Ngumoha Adigun
80377,T. Magnússon,Tómas Bent Magnússon
80378,M. Gbemou,Moussa Gbemou
80379,L. Svitek,Leon Svitek
80380,B. Mlačić,Branimir Mlačić
80381,V. Surkis,Vyacheslav Surkis
80383,K. Matsuzawa,Kaito Matsuzawa
80386,Rodrigo Mendes,Rodrigo Miguel Azevedo Mendes
80389,A. McCormick,Antony McCormick
80392,D. Demir,Dilhan Demir
80393,B. Guèye,Bop Guèye
80405,M. Skelin,Marino Skelin
80411,S. Muhlethaler,Stiven Muhlethaler
80412,J. Powell,Josh Powell
80442,J. Okine-Peters,Jeremiah Okine-Peters
80455,D. Klein,David Klein
80456,P. Kabore,Pierre Landry Kabore
80461,N. Ugrekhelidze,Nikoloz Ugrekhelidze
80467,M. Ndzie,Martin Ndzie
80474,A. Stepien-Iwumene,Alex Stepien-Iwumene
80476,Bruno Fernandes,Bruno Vilela Carvalho Fernandes
80478,R. Johnson,Reece Johnson
80479,L. Stretch,Logan Stretch
80481,T. Massock,Théna Massock
80484,Rafael Mosquera,Rafael Antonio Mosquera Díaz
80485,M. Bogićević,Mihailo Bogićević
80486,E. Annan,Ebenezer Annan
80488,J. Tielemans,Jesper Tielemans
80489,R. van Cruijsen,Robin van Cruijsen
80490,J. Rijssel,Jermaine Rijssel
80492,R. Kida,Ryoga Kida
80494,P. Ndinga,Philippe Ndinga
80500,S. Petiet,Stijn Petiet
80501,F. Barbrook,Finley Barbrook
80503,R. Kelder,Robin Kelder
80504,Henrique Menke,Henrique Menke Lopes
80505,E. Košpo,Eman Košpo
80508,R. Braschi,Riccardo Braschi
80521,K. Prieto,Kevin Prieto
80522,I. Alastra,Ignacio Alastra
80523,J. Dillema,Jismerai Dillema
80524,S. Middendorp,Stijn Middendorp
80525,G. Cairo,Giuliano Cairo
80526,Y. Holder,Yénio Holder
80527,M. Hoekstra,Mark Hoekstra
80528,P. Wik,Patrick Wik
80534,L. Gadegbeku,Luan Gadegbeku
80535,A. Al Asbahi,Abdulaziz Al Asbahi
80536,Rafael Venâncio,Rafael Correia Venâncio
80537,N. El Jamali,Nadir El Jamali
80538,A. Ouzenadji,Anis Ouzenadji
80539,M. Marchisano,Matteo Marchisano
80541,A. Nadé,Arthylio Nadé
80542,R. Murcy,Roman Murcy
80543,I. Raache,Ibrahim Raache
80544,C. Dressel,Charlie Dressel
80545,L. Dziki,Lenny Dziki
80552,Gui Freitas,Guilherme Mota Freitas
80554,Z. Ztouti,Zakaria Ztouti
80555,C. Olson,Charlie Olson
80556,S. de Laat,Sam de Laat
80557,F. Entius,Freek Entius
80558,João Gastão,João Moisés Gastão
80560,E. Elekwa,Emmanuel Elekwa
80561,A. Dumitru,Andrei Dumitru
80562,S. Dusinszki,Szabolcs Dusinszki
80564,D. Valkanis,Dimitri Valkanis
80565,P. Ehibhatiomhan,Princewill Ehibhatiomhan
80568,D. Moody,Dylan Moody
80569,M. Sesay,Moses Sesay
80570,T. Tati,Tylel Tati
80572,A. Moore,Alex Moore
80574,I. Nikic,Igor Nikic
80576,Oier Llorente,Oier Llorente Korta
80577,O. Israelov,Or Israelov
80578,C. Mélières,Cléo Mélières
80579,P. Reulen,Pepijn Reulen
80580,J. Erat,Jemuel Erat
80581,C. Chiza,Christian Chiza
80582,G. Rahajaän,Givaro Rahajaän
80584,G. Vianello,Giannino Vianello
80585,A. Benzzine,Abdelraffie Benzzine
80586,Y. Olfers,Yamano Olfers
80587,J. van Schooneveld,Jaylan van Schooneveld
80588,R. Oudsten,Rojendro Oudsten
80589,D. Mertens,Dylan Mertens
80591,Guilherme Smith,Guilherme Henriques da Silva
80592,N. Savonnier,Nelson Savonnier
80593,G. Liavas,Georgios Liavas
80596,Y. Tsunashima,Yuto Tsunashima
80597,C. Comotto,Christian Comotto
80598,J. Martinez,Julián Martinez
80600,Allan Godoi,Allan Godoi Santos
80601,Rhaldney,Rhaldney Simião Gomes
80602,T. Marras,Tommaso Marras
80603,Janderson,Janderson de Carvalho Costa
80610,S. Brunell,Snyder Brunell
80611,Rwan Cruz,Rwan Philipe Rodrigues de Souza
80612,P. Soma,Pedro Soma
80616,I. Alegría,Ian Zohar Alegría Pindal
80617,Ryan Carlos,Ryan Carlos Santos de Souza
80620,S. Stojković,Strahinja Stojković
80622,Jorge Delgado,Jorge Delgado Caballero
80623,Y. Bathily,Yahya Bathily
80624,N. Zilliox,Noah Zilliox
80625,Toni Tamarit,Toni Tamarit Tamarit
80626,S. Kassama,Sheriff Kassama
80627,M. Mané,Moussa Mané
80630,E. Rao,Emanuele Rao
80634,J. Harkass,Jamal Harkass
80635,C. Wawa,Christ Wawa
80637,Landerson,Landerson Costa Araújo
80638,A. Helm,Adrian Helm
80641,I. Sabra,Ibrahim Sabra
80642,M. Ibrahimoglu,Mücahit Ibrahimoglu
80643,E. Ceesay,Ebrima Ceesay
80645,V. Magni,Vittorio Magni
80647,E. Legros,Elikya Legros
80648,L. Mezerette,Louis Mezerette
80649,R. Mandengue,Rayan Mandengue
80650,R. Rodin,Ryan Rodin
80651,T. Devernois,Tidiane Devernois
80653,N. Mituljikic,Nikola Mituljikic
80655,Y. Karashima,Yukiyoshi Karashima
80657,H. Rincón,Hian Rincón
80658,Ethan,Ethan Ventosa González
80659,Sergio Martínez,Sergio Martínez Montero
80660,Serpeta,Sergio Sanchís Hernández
80661,E. Ugiagbe,Efe Aghama Ugiagbe
80662,Josema,José Manuel López Pérez
80663,Jofre Torrents,Jofre Torrents Salvat
80664,G. Maureira,Gabriel Maureira
80665,J. Mensah,Jeremiah Mensah
80666,Manu Fernández,Manuel Fernández Arroyo
80667,Unax Agote,Unax Agote Aranburu
80668,Gorka Gorosabel,Gorka Gorosabel Añorga
80669,Orobengoa,Ekain Orobengoa Arbelaiz
80670,R. Koubini,Rayyan Koubini
80671,J. Hartog,Jasper Hartog
80674,Dro,Pedro Fernández
80678,M. Krug,Martín Wilhelm Krug
80679,Nacho Pérez,Nacho Pérez Gómez
80681,Edu Altozano,Eduardo Altozano Agudo
80683,Aimar Blázquez,Aimar Blázquez Labraca
80684,J. Valou,Jean Yves Valou
80688,M. Goffi,Maxima Goffi
80689,H. Koutoune,Hamza Koutoune
80690,M. De Carvalho,Mathys De Carvalho
80691,E. Faty,Enzo Faty
80695,S. Koumbassa,Seny Koumbassa
80696,A. Vossah,Alexis Vossah
80697,Fermín García,Fermín García Murillo
80699,M. Eppink,Mees Eppink
80703,S. Imigene,Saïd Imigene
80704,Abdou Maiga,Abdoulaye Maiga Koita
80705,Juan Sánchez,Juan Sánchez Collantes
80706,D. Moubeke,Dominique Moubeke
80707,Mario Gambín,Mario Jiménez Gambín
80708,Seydou,Seydou Fall Lázaro
80709,Santi Franco,Santiago Franco de la Torre
80710,A. Villarreal,Alejandro Villarreal
80712,Jon Eceizabarrena,Jon Eceizabarrena
80714,L. Mora,Lautaro Mora
80717,Jon Garro,Jon Garro Larrarte
80719,Gorka Carrera,Gorka Carrera Zarranz
80720,Astiazarán,Lander Astiazarán Escabias
80721,Aranda,José Luis Aranda Rojas
80723,E. Weaver,Ernie Weaver
80728,İ. Kaya,İbrahim Kaya
80729,U. Ogundu,Uchenna Ogundu
80731,Y. Demir,Yiğit Efe Demir
80734,N. Schmidt,Nick Schmidt
80741,Gonçalo Maia,Gonçalo Maia Pereira
80742,T. Goos,Thomas Goos
80744,F. Boulet,Florian Boulet
80749,Antonio Martínez,Antonio Martínez Bastida
80752,Enol Prendes,Enol Prendes Ortiz
80754,E. Agbaje,Edwin Agbaje
80755,A. Dardari,Aiman Dardari
80756,Gabriel Carvalho,Gabriel Carvalho Teixeira
80763,S. Ekong,Shalom Ekong
80765,A. Ávalos,Ariel Ávalos
80766,J. Candelaria,Jayden Candelaria
80771,J. Vignolo,Julián Vignolo
80772,D. Zema,Darris Zema
80773,N. Saïd Mchindra,Naïme Saïd Mchindra
80774,G. Bakhouche,Gaëtan Bakhouche
80775,F. Efuele Ngoyala,Frédéric Efuele Ngoyala
80776,J. El Baraka,Jibril El Baraka
80777,Matheus Mendes,Matheus M. W. de Oliveira
80778,I. Garin,Ilann Garin
80779,L. Ngangué,Lionel Ngangué
80780,J. Siebeking,Johannes Siebeking
80781,I. Varfolomeev,Ivan Varfolomeev
80782,L. Alexandre,Lou Alexandre
80799,K. Baruti,Kelian Baruti
80801,Jaime Sánchez-Rubio,Jaime Sánchez-Rubio Rubio
80805,Mauro,Mauro Echegoyen Berrozpe
80806,Iván Corralejo,Iván Corralejo Mantero
80807,Thiago Pitarch,Thiago Pitarch Pinar
80808,Pablo Santiago,Pablo Santiago López
80810,J. Mbambi,Jeremy Kandje Mbambi
80811,G. Zacchi,Gioele Zacchi
80812,Hugo San,Hugo San Modesto
80813,Y. Moslih,Yassin Moslih
80816,B. Burrowes,Bradley Burrowes
80817,B. Nam James,Bradley Nam James
80820,M. Zoma,Mohamed Alì Zoma
80821,E. Bashi,Ervin Bashi
80823,C. Marietta,Christian Marietta
80832,J. Gelli,Jacopo Gelli
80836,L. Di Maggio,Luca Di Maggio
80838,D. Giannini,Davide Giannini
80840,L. Berardi,Lorenzo Berardi
80846,A. Diakité,Amadou Diakité
80847,B. Caicedo,Brayan Caicedo
80850,F. El Mahboub,Fayssal El Mahboub
80852,A. Williams,Alex Williams
80857,I. Halifa,Islamdine Halifa
80858,K. Yalçın,Kerem Yalçın
80859,P. Hildesheim,Philip Hildesheim
80861,F. Cham,Fallou Cham
80862,S. Nador,Steven Nador
80863,D. Tonoli,Daniel Tonoli
80864,M. Pezzolato,Michele Pezzolato
80866,C. Gugenheim,Carlos Gugenheim
80868,M. Ćelić,Maks Ćelić
80871,R. Molnár,Rajmund Molnár
80872,Dani Bolt,Daniel Lima de Castro
80874,T. Grant,True Grant
80875,Raúl Pereira,Raúl Pereira Vargas
80876,M. Kireev,Maxim Kireev
80881,L. McCann,Lewis McCann
80882,Lucas Ferreira,Lucas dos Santos Ferreira
80884,S. Kielt,Stanislas Kielt
80885,Daniel Júnior,Daniel Melo Araujo Júnior
80886,Rafael Lobato,Rafael Genuino Lobato
80887,A. Sidibé,Ahmed Sidibé
80901,E. Mendy,Elydjah Mendy
80902,E. N'Tamon,Elie N'Tamon
80903,David Suárez,David Suárez Cárdenes
80909,I. Tabatadze,Iuri Tabatadze
80911,Patati,Weslley Pinto Batista
80912,Pedro Ataíde,Pedro Ataíde de Souza Oliveira
80915,Jan Virgili,Jan Virgili Tenas
80916,Luca Meirelles,Luca Oliveira Meirelles
80917,Isaque,Isaque Severino Silva
80918,K. Al Asbahi,Khaled Al Asbahi
81231,M. Šín,Matěj Šín
81232,A. Al Harfi,Ammar Al Harfi
81233,J. Rengifo,Juan Manuel Rengifo
81234,L. Vanlalvunga,Lalbiakdika Vanlalvunga
81235,A. AL Khaibari,Abdulrahman AL Khaibari
81236,David Kaiki,David Kaiki Flores da Silva
81237,R. Jansonas,Romualdas Jansonas
81238,E. Mokwana,Elias Mokwana
81239,A. Bah,Aboubacar Bah
81240,J. Bärtl,Jannis Bärtl
81241,F. Wolter,Fynn Wolter
81248,M. Kadıoğlu,Muhammed Kadıoğlu
81252,C. Balentien,Cheveyo Balentien
81260,V. Johansson,Vincent Johansson
81262,A. Coubiș,Andrei Coubiș
81265,F. Closter,Fernando Closter
81268,A. Al Fawaz,Abdulaziz Al Fawaz
81272,S. Al Anzi,Sultan Al Anzi
81283,Miguel Nogueira,João Miguel da Costa Nogueira
81286,J. Wallis,Joe Wallis
81288,G. Tabatadze,Giorgi Tabatadze
81291,I. Ouédraogo,Ismahila Ouédraogo
81295,M. Sémbène,Moustapha Sémbène
81299,M. Overmars,Martijn Overmars
81306,M. Pantovic,Milos Pantovic
81307,Lorran,Lorran Lucas Pereira de Sousa
81309,D. Mancini,Davide Mancini
81310,A. Daali,Amine Daali
81311,B. De Jaegere,Benoit De Jaegere
81312,S. Van Keymolen,Siebe Van Keymolen
81316,J. Robinson,Junior Robinson
81317,V. Ocansey,Vincent Ocansey
81318,S. Sarli,Semih Sarli
81319,V. Milosavljević,Veljko Milosavljević
81320,N. Fernandez,Noah Fernandez
81322,W. Brook,Will Brook
81323,D. Hülsenbusch,Daniel Hülsenbusch
81324,Gustavo Mancha,Gustavo Gustavo Teixeira
81325,D. McNeilly,Donnell McNeilly
81326,A. Markhiev,Adam Markhiev
81327,Figueiredo,Lucas Figueiredo
81329,R. Ogam,Ryan Ogam
81330,A. Uzondu,Austin Uzondu
81336,R. Burgio,Riccardo Burgio
81337,L. Samuel,Lakyle Samuel
81340,E. Odede,Elijah Odede
81341,L. Lalbiaknia,Lalrinzuala Lalbiaknia
81342,V. Ilić,Veljko Ilić
81343,B. Mirčetić,Bogdan Mirčetić
81345,L. Bawitlung,Lalnuntluanga Bawitlung
81346,D. Fonville,Deveron Fonville
81348,L. Bèye,Lamine Bèye
81358,O. Correia,Omar Correia
81378,Gibi,Gilbert Jordana Cámara
81379,Z. Zothanpuia,Zothanpuia Zothanpuia
81380,P. Ba,Papa Dame Ba
81381,E. Prekop,Erik Prekop
81383,Matheus Gonçalves,Matheus Gonçalves Martins
81393,Adrián Molina,Adrián Molina Colorado
81402,A. Niang,Amadou Niang
81403,M. Djordjević,Mateja Djordjević
81405,J. Naafo,Jonas Naafo
81406,Thalys,Thalys henrique Gomes de Araújo
81407,H. Sani,Hassan Sani
81408,V. Alibasic,Vedad Alibasic
81409,J. Udoh,Joshua Udoh
81410,A. Arous,Adem Arous
81412,A. Casadei,Alexis Casadei
81414,A. Mané,Alioune Mané
81415,X. Bertoncello,Xavier Bertoncello
81416,O. Seck,Ousseynou Fall Seck
81418,M. Cooper,Max Cooper
81422,O. Correia,Oscar Correia
81423,Marcos Zambrano,Marcos Alberto Zambrano Delgado
81425,V. Radojević,Viktor Radojević
81426,Y. Djemba,Yvan Djemba
81427,K. Potulski,Kacper Potulski
81446,C. Vegas,Charly Vegas
81447,M. Morigi,Marco Morigi
81449,Y. Rebolledo,Yeiker Rebolledo
81451,S. Flores,Sebastian Flores
81452,J. Delgado,Juan Delgado
81453,B. Arias,Brian Arias
81458,A. Tamba,Abdoulie Tamba
81459,M. Nartey,Matthias Nartey
81460,B. Apiiga,Baba Salifu Apiiga
81461,C. Petersen,Christoffer Petersen
81462,A. Kouame,Axel Kouame
81463,C. Otokwefor,Courage Otokwefor
81467,E. Lysionok,Ernestas Lysionok
81468,G. Astaldi,Gianluca Astaldi
81470,P. Durán,Paúl Durán
81473,E. Delmas,Eduardo Delmas
81474,M. Aziz,Musibau Aziz
81475,T. Raymond,Tochukwu Raymond
81478,D. Theodore,Damien Theodore
81480,F. Kasumovic,Feyzo Kasumovic
81481,M. Nichola,Malual Nichola
81482,N. Alfaro,Nickolas Alfaro
81483,J. Robertson,Jude Robertson
81484,T. Williams,Tyler Williams
81485,W. Heater,Will Heater
81486,R. Fransen,Ricky Fransen
81487,B. Mewett,Ben Mewett
81495,K. Musanhi,Kurai Musanhi
81496,R. Harvey,Ronnie Harvey
81508,T. Bag,Tankadhar Bag
81509,O. Jarde,Oskar Jarde
81511,Victor Hugo,Victor Hugo Ramos de Souza
81512,Ruan,Ruan Pereira Duarte
81513,M. Gluscevic,Matija Gluscevic
81515,André Miranda,André Alexandre Mendes Miranda
81516,J. Salas,José Ignacio Salas
81517,S. Karakoç,Samet Karakoç
81518,N. Saviolo,Noah Saviolo
81519,Rica Rocha,Ricardo Joaquim Ferreira Rocha
81520,D. Edwards,Dan Edwards
81532,G. Reyna,Gonzalo Reyna
81534,K. Bendra,Kristjan Bendra
81535,F. Doumbia,Fousseny Doumbia
81537,M. Dosso,Mickael Dosso
81544,O. Kabwit,Oscar Kabwit
81546,L. Bakker,Len Bakker
81547,D. Voute,David Voute
132740,J. Hansen,Jesper Hansen
138412,J. Milner,James Philip Milner
138431,R. Brush,Richard Brush
142962,E. Bologna,Enrique Alberto Bologna Gómez
143121,J. Sosa,José Ernesto Sosa
146296,Andrés Fernández,Andrés Eduardo Fernández Moreno
146562,Santi Cazorla,Santiago Cazorla González
146947,Vesga,Mikel Vesga Arruti
146952,Pichu Cuéllar,Iván Cuéllar Sacristán
150516,L. Podolski,Łukasz Józef Podolski
150525,P. Guerrero,José Paolo Guerrero Gonzáles
152908,A. Young,Ashley Simon Young
153048,M. Eikrem,Magnus Wolff Eikrem
153060,J. Insaurralde,Juan Manuel Insaurralde
155355,Lee Chung Yong,Chung-yong Lee
157407,B. Clarke,Brendan Clarke
157481,Raúl Albiol,Raúl Albiol Tortajada
157970,Ricardo Batista,Ricardo Jorge Cecília Batista
158023,L. Messi,Lionel Andrés Messi Cuccitini
158625,Dante,Dante Bonfim da Costa Santos
158784,J. Carranza,Jorge Carlos Carranza
162220,S. Bolat,Sinan Bolat
162297,D. Padelli,Daniele Padelli
162328,R. Pasveer,Remko Pasveer
162347,João Moutinho,João Filipe Iria Santos Moutinho
163050,B. Sharp,William Louis Sharp
163264,T. Heaton,Thomas David Heaton
163587,K. Schmeichel,Kasper Peter Schmeichel
163600,J. Ruddy,John Thomas Gordon Ruddy
164484,J. Dahlin,Johan Helge Dahlin
164505,B. Guzan,Bradley Edwin Guzan
164835,Ł. Fabiański,Łukasz Marek Fabiański
165153,K. Benzema,Karim Benzema
165531,I. Sosa,Víctor Ismael Sosa
166539,D. Etienne Jr.,Derrick Burckley Etienne Jr.
166764,T. Carson,Trevor Carson
166963,G. Değirmenci,Gökhan Değirmenci
167435,O. Ustari,Oscar Alfredo Ustari
167495,M. Neuer,Manuel Peter Neuer
167512,S. Whalley,Shaun James Whalley
167663,F. Martínez,Facundo Martín Martínez Montagnoli
167948,H. Lloris,Hugo Hadrien Dominique Lloris
167959,Marcelo Grohe,Marcelo Grohe
168965,R. Riou,Rémy Riou
169115,A. Masiello,Andrea Masiello
169493,F. Fielding,Francis David Fielding
169498,J. Garner,Joseph Alan Garner
169708,S. Hutchinson,Samuel Edward Hutchinson
169792,J. Rodriguez,Jay Enrique Rodríguez
169798,B. Hinchliffe,Ben Hinchliffe
170114,B. Graham,Brian Graham
170320,L. De Silvestri,Lorenzo De Silvestri
171791,José Fonte,José Miguel da Rocha Fonte
171923,S. Foley,Samuel Robert Foley
172522,D. Wass,Daniel Wass
172553,J. Lössl,Jonas Bybjerg Lössl
172723,A. Begović,Asmir Begović
173030,Ó. Trejo,Óscar Guido Trejo
173165,N. Ravaglia,Nicola Ravaglia
173373,S. Romero,Sergio Germán Romero
173426,S. Mignolet,Simon Luc Hildebert Mignolet
173531,B. Amos,Benjamin Paul Amos
173533,D. Button,David Robert Edmund Button
173671,K. McFadzean,Kyle John McFadzean
173734,J. Wilson,James Steven Wilson
173895,S. Eastwood,Simon Christopher Eastwood
175254,F. Caicedo,Felipe Salvador Caicedo Corozo
175314,K. McDonald,Kevin David McDonald
175851,Tomané,António Manuel Fernandes Mendes
176048,K. Kamara,Kei Ansu Kamara
176094,P. Tytoń,Przemysław Tytoń
176137,J. Vossen,Jelle Vossen
176246,M. Bottani,Mattia Bottani
176346,Choi Chul Soon,Chul-soon Choi
176550,D. Ospina,David Ospina Ramírez
176571,A. Ayew,André Morgan Rami Ayew
176580,L. Suárez,Luis Alberto Suárez Díaz
176920,M. Torrén,Miguel Ángel Torrén
176930,M. Díaz,Marcelo Alfonso Díaz Rojas
176994,R. Gurtner,Régis Gurtner
177003,L. Modrić,Luka Modrić
177279,R. Jenssen,Ruben Yttergård Jenssen
177373,L. Nielsen,Lasse Ladegaard Nielsen
177413,A. Witsel,Axel Laurent Angel Lambert Witsel
177448,G. Svensson,Karl Gustav Johan Svensson
177475,T. Sippel,Tobias Sippel
177569,J. de Guzmán,Jonathan Alexander de Guzmán
177683,Y. Sommer,Yann Sommer
177790,A. Jędrzejczyk,Artur Jędrzejczyk
177922,K. Grosicki,Kamil Grosicki
178287,S. Arfield,Scott Harry Nathaniel Arfield
178363,J. Placide,Johny Placide
178509,O. Giroud,Olivier Jonathan Giroud
178562,É. Banega,Éver Maximiliano David Banega
178566,J. García,Javier Hernán García
179543,A. Nouri,Amin Mimoun Nouri
179636,D. Worrall,David Richard Worrall
179746,S. Vokes,Samuel Michael Vokes
179752,Ó. Cardozo,Oscar René Cardozo Marín
179789,D. Da Silva,Damien Da Silva
179813,E. Cavani,Édinson Roberto Cavani Gómez
179947,Edgar,Edgar Bruno da Silva
180216,S. Coleman,Séamus Coleman
180283,Ki Sung Yueng,Sung-yueng Ki
180548,S. Al Sheeb,Saad Abdullah Mohammed Ebrahim Al Sheeb
180561,H. Al Haydos,Hasan Khalid Hasan Al Haydos
180818,D. McGoldrick,David James McGoldrick
180903,J. O'Shea,James O'Shea
180930,E. Džeko,Edin Džeko
181291,G. Wijnaldum,Georginio Gregion Emile Wijnaldum
181318,A. Ekdal,Albin Ekdal
181458,I. Perišić,Ivan Perišić
181468,D. Bouzanis,Dean Anthony Bouzanis
181872,A. Vidal,Arturo Erasmo Vidal Pardo
182091,K. Barbarouses,Konstantinos Barbarouses
182096,Zheng Long,Zheng Long
182156,G. Bolger,Gregory Bolger
182206,R. O'Donnell,Richard Mark O'Donnell
182224,Wang Dalei,Wang Dalei
182409,Zhang Chengdong,Zhang Chengdong
182411,Yu Hanchao,Yu Hanchao
182494,F. Muslera,Néstor Fernando Muslera Micol
182520,M. Männel,Martin Männel
182896,R. Rosales,Roberto José Rosales Altuve
183244,A. Redmayne,Andrew James Redmayne
183256,H. Saivet,Henri Grégoire Saivet
183339,J. Berget,Jo Inge Berget
183394,M. Sissoko,Moussa Sissoko
183491,Zanka,Mathias Jattah-Njie Jørgensen
183512,Yuri Berchiche,Yuri Berchiche Izeta
183513,J. Grahl,Jens Grahl
183540,B. Bannan,Barry Ryan Bannan
183544,G. Burke,Graham Dylan Burke
183569,E. Choupo-Moting,Jean-Eric Maxim Choupo-Moting
183632,R. Tesche,Robert Tesche
183711,J. Henderson,Jordan Brian Henderson
183789,M. Howard,Mark Stephen Howard
183807,P. Amond,Pádraig Amond
183895,M. Moralez,Maximiliano Nicolás Moralez
183898,Á. Di María,Ángel Fabián Di María Hernández
183966,F. Roncaglia,Facundo Sebastián Roncaglia
184040,M. Hansen,Martin Hansen
184111,C. Benteke,Christian Benteke Liolo
184143,A. Jacobsen,Anders Kvindebjerg Jacobsen
184148,J. Coppens,Jo Coppens
184156,G. François,Guillaume Pol François
184167,A. Moris,Anthony Christian Moris
184242,F. Ojo,Funso-King Ojo
184392,M. Darmian,Matteo Darmian
184432,Azpilicueta,César Azpilicueta Tanco
184457,R. van Wolfswinkel,Ricky van Wolfswinkel
184472,M. Olsson,Martin Tony Waikwa Olsson
184901,Shin Kwang Hoon,Kwang-hoon Shin
184941,A. Sánchez,Alexis Alejandro Sánchez Sánchez
185068,J. Russell,Jonathan Russell
185122,P. Gulácsi,Péter Gulácsi
185144,M. Coda,Massimo Coda
185172,V. Fiorillo,Vincenzo Fiorillo
185349,D. Odoi,Denis Frimpong Odoi
185422,J. King,Joshua Christian Kojo King
185427,Ø. Nyland,Ørjan Håskjold Nyland
186101,E. Hovland,Even Hovland
186122,B. Webster,Byron Clark Webster
186127,C. Evans,Chedwyn Michael Evans
186139,M. James,Matthew Lee James
186143,O. Norwood,Oliver James Norwood
186146,D. Welbeck,Daniel Nii Tackie Mensah Welbeck
186148,R. Zieler,Ron-Robert Zieler
186153,W. Szczęsny,Wojciech Tomasz Szczęsny
186156,L. Ayling,Luke David Ayling
186190,P. van Aanholt,Patrick John Miguel van Aanholt
186267,V. Hedenstad,Vegar Eggen Hedenstad
186296,R. Neustädter,Roman Neustädter
186345,K. Trippier,Kieran John Trippier
186395,M. Ritchie,Matthew Thomas Ritchie
186449,L. Kelly,Liam Mark Kelly
186494,M. Oxley,Mark Thomas Oxley
186507,C. Landu-Landu,Christian Tamba Landu-Landu
186508,A. Østbø,Arild Østbø
186537,C. Stuani,Cristhian Ricardo Stuani Curbelo
186562,J. Magennis,Joshua Brendan David Magennis
186569,S. Ulreich,Sven Ulreich
186611,M. Vigorito,Mauro Vigorito
186680,Raúl Fernández,Raúl Fernández Cavada Mateos
186695,E. Muñoz,Ezequiel Matías Muñoz
186783,A. Adomah,Albert Danquah Adomah
186905,A. Barnes,Ashley Luke Barnes
186942,İ. Gündoğan,İlkay Gündoğan
186998,W. Yarbrough,William Paul Yarbrough Story
187075,D. Moreno,Dayro Mauricio Moreno Galindo
187132,C. Zambrano,Carlos Augusto Zambrano Ochandarte
187154,N. Canavan,Niall David Stephen Canavan
187157,M. Godden,Matthew James Godden
187782,S. Conneely,Séamus Joseph Conneely
187796,K. Dennis,Kristian Dennis
187800,M. Isla,Mauricio Aníbal Isla Isla
187916,M. Olsson,Marcus Jonas Munuhe Olsson
187936,S. Nzonzi,Steven N'Kemboanza Mike Christopher Nzonzi
188091,F. Gulbrandsen,Fredrik Aasmundrud Gulbrandsen
188094,J. McLaughlin,Jonathan Peter McLaughlin
188154,L. Holtby,Lewis Harry Holtby
188166,M. Phillips,Matthew Phillips
188202,Y. Thoelen,Yannick Thoelen
188268,L. Acosta,Lautaro Germán Acosta
188278,M. Birighitti,Mark Romano Birighitti
188335,A. Budimir,Ante Budimir
188350,M. Reus,Marco Reus
188377,K. Walker,Kyle Andrew Walker
188400,T. Kaminski,Thomas Kaminski
188524,V. Babacan,Volkan Babacan
188537,L. Négo,Loïc Négo
188538,V. Sasso,Vincent Julien Sasso
188545,R. Lewandowski,Robert Lewandowski
188554,Dani Pacheco,Daniel Pacheco Lobato
188567,P. Aubameyang,Pierre-Emerick Emiliano François Aubameyang
188621,A. Meijers,Aaron Meijers
188782,M. Morrison,Michael Brian Morrison
188803,Taison,Taison Barcellos Freda
188825,A. Kashi,Ahmed Kashi
188836,J. Steele,Jason Sean Steele
188943,K. Trapp,Kevin Christian Trapp
188968,G. Marinelli,Gonzalo Marinelli
188988,M. Lanzini,Manuel Lanzini
188989,F. Riedel,Florian Riedel
189021,J. Mall,Joël Yves Mall
189060,A. Dragović,Aleksandar Dragović
189117,R. Bürki,Roman Bürki
189146,D. Gróf,Dávid Attila Gróf
189153,M. Díaz,Mauro Alberto Díaz
189155,S. Souprayen,Georges Marie Samuel Souprayen
189160,G. McCleary,Garath James McCleary
189177,J. Fleck,John Alexander Fleck
189186,A. Shinnie,Andrew Murray Shinnie
189221,João Aurélio,João Miguel Coimbra Aurélio
189250,S. Rondón,José Salomón Rondón Giménez
189271,F. Coquelin,Francis Coquelin
189280,A. Westwood,Ashley Roy Westwood
189296,E. Berisha,Etrit Berisha
189303,Nélson Oliveira,Nélson Miguel Castro Oliveira
189324,A. McCarthy,Alex Simon McCarthy
189332,Jordi Alba,Jordi Alba Ramos
189342,C. Pinsoglio,Carlo Pinsoglio
189357,C. Toselli,Cristopher Benjamín Toselli Ríos
189430,S. Colombi,Simone Colombi
189462,J. Hoilett,David Junior Wayne Hoilett
189472,Aridane,Aridane Hernández Umpiérrez
189505,Pedro,Pedro Eliezer Rodríguez Ledesma
189511,Sergio Busquets,Sergio Busquets Burgos
189513,Parejo,Daniel Parejo Muñoz
189558,B. Salamon,Bartosz Salamon
189573,Guarrotxena,Iker Guarrotxena Vallejo
189596,T. Müller,Thomas Müller
189615,A. Cresswell,Aaron Cresswell
189619,K. Smith,Korey Alexander Sheridan Smith
189682,B. Mee,Benjamin Thomas Mee
189776,M. Watkins,Marley Joseph Watkins
189805,L. de Jong,Luuk de Jong
189808,P. Madden,Patrick Stephen Madden
189860,Kiko Femenía,Francisco Femenía Far
189881,C. Smalling,Christopher Lloyd Smalling
189908,Ł. Skorupski,Łukasz Skorupski
189917,F. Lehmann,Frank Lehmann
189930,İ. Köybaşı,İsmail Köybaşı
190034,T. Kolodziejczak,Timothée Christian Kolodziejczak
190059,S. Zuber,Steven Zuber
190113,M. Günok,Fehmi Mert Günok
190120,K. Johnsson,Karl-Johan Anton Johnsson
190179,D. Cornell,David Joseph Cornell
190180,R. McGowan,Ryan James McGowan
190195,M. Samassa,Mamadou Samassa
190199,Óscar Sielva,Óscar Sielva Moreno
190239,J. Bowery,Jordan Nathaniel Bowery
190240,S. Bennett,Scot Andrew Bennett
190243,M. Hitz,Marwin Hitz
190276,S. Sunzu,Stoppila Sunzu
190324,C. Kabasele,Christian Kabasele
190362,T. Pukki,Teemu Eino Antero Pukki
190456,N. Clyne,Nathaniel Edwin Clyne
190460,C. Eriksen,Christian Dannemann Eriksen
190547,K. Glik,Kamil Jacek Glik
190560,O. González,Omar Alejandro González
190569,S. Frei,Stefan Frei
190583,M. Smith,Michael John Smith
190589,S. Hierländer,Stefan Hierländer
190592,M. Sollbauer,Michael Sollbauer
190602,R. Brosco,Riccardo Brosco
190620,D. Andrew,Daniel Kenny Andrew
190633,H. Dalsgaard,Henrik Dalsgaard
190640,V. Pálsson,Guðlaugur Victor Pálsson
190669,O. Jansson,Oscar Erik Jansson
190674,B. André,Benjamin André
190698,J. Burić,Jasmin Burić
190700,I. Koné,Ibrahim Koné
190738,H. Nielsen,Håvard Kallevik Nielsen
190745,M. Silvestri,Marco Silvestri
190765,P. Groß,Pascal Groß
190778,J. Zoet,Jeroen Zoet
190780,S. Johnson,Sean Everet Johnson
190813,S. El Shaarawy,Stephan Kareem El Shaarawy
190815,D. Blind,Daley Blind
190822,E. Johansen,Eirik Holmen Johansen
190852,C. McManaman,Callum Henry McManaman
190868,K. Théophile-Catherine,Kévin Théophile-Catherine
190885,A. Smith,Adam James Smith
190939,S. Chhetri,Sunil Chhetri
190941,L. Hrádecký,Lukáš Hrádecký
190962,T. Aldred,Thomas Michael Aldred
190972,E. Salvio,Eduardo Antonio Salvio
191058,Camora,Mário Jorge Malico Paulino
191076,J. Guðmundsson,Jóhann Berg Guðmundsson
191083,P. Mortensen,Patrick Mortensen
191153,M. Sandberg,Robert Marcus Sandberg
191173,A. Bedoya,Alejandro Bedoya
191202,N. Matić,Nemanja Matić
191269,S. Al Faraj,Salman Al Faraj
191390,F. N'Sakala,Mayele Fabrice N'Sakala
191528,Hou Sen,Hou Sen
191569,Gao Di,Gao Di
191572,Zheng Zheng,Zheng Zheng
191627,M. Rits,Mats Rits
191628,L. Chichizola,Leandro Chichizola
191648,M. Yoshida,Maya Yoshida
191684,Jung San,San Jeong
191730,S. Rafn,Simen Rafn
191740,Ander Herrera,Ander Herrera Agüera
191783,V. Berisha,Valon Berisha
191856,H. Barcos,Hernán Barcos
191871,Lee Yong Rae,Yong-rae Lee
191915,Lim Jong Eun,Jong-eun Lim
192008,Zhang Chi,Zhang Chi
192071,M. D'Alessandro,Marco D'Alessandro
192102,N. Hult,Bo Niklas Hult
192119,T. Courtois,Thibaut Nicolas Marc Courtois
192120,Geng Xiaofeng,Geng Xiaofeng
192123,C. Wood,Christopher Grant Wood
192126,N. Bahoui,Nabil Bahoui
192129,K. Nordfeldt,Bo Kristoffer Nordfeldt
192201,P. Abrahamsson,Peter Anders Abrahamsson
192231,J. Edwards,Joseph Robert Edwards
192241,R. Grant,Rhyan Bert Grant
192250,M. Jurman,Matthew John Jurman
192318,M. Götze,Mario Götze
192319,L. Garbutt,Luke Samuel Garbutt
192342,E. Cardona,Edwin Andrés Cardona Bedoya
192366,N. Otamendi,Nicolás Hernán Gonzalo Otamendi
192387,C. Immobile,Ciro Immobile
192397,Rafael,Rafael Cabral Barbosa
192448,M. ter Stegen,Marc-André ter Stegen
192450,A. Cook,Andrew Ellis Cook
192451,G. Carey,Graham Carey
192505,R. Lukaku,Romelu Menama Lukaku Bolingoli
192559,G. Nauber,Gerrit Nauber
192563,B. Leno,Bernd Leno
192567,M. Zimmermann,Matthias Jürgen Zimmermann
192622,S. Duffy,Shane Patrick Michael Duffy
192624,S. Ferguson,Shane Kevin Ferguson
192629,Iago Aspas,Iago Aspas Juncal
192636,David Simão,David Martins Simão
192638,Marcos Alonso,Marcos Alonso Mendoza
192641,K. Vogt,Kevin Vogt
192658,S. Jung,Sebastian Alexander Jung
192660,S. Polter,Sebastian Polter
192678,Kike García,Enrique García Martínez
192679,Escudero,Sergio Escudero Palomo
192695,N. Thompson,Nathan Michael Thompson
192765,P. Camacho,Pablo Jesús Camacho Figueira
192816,L. Cabrera,Leandro Daniel Cabrera Sasía
192840,M. Đurić,Milan Đurić
192883,H. Mkhitaryan,Henrikh Mkhitaryan
192955,M. Klich,Mateusz Andrzej Klich
192984,K. Casteels,Koen Casteels
192985,K. De Bruyne,Kevin De Bruyne
192991,C. Tosun,Cenk Tosun
193011,S. Cook,Steve Anthony Cook
193013,J. Shea,James William Shea
193061,R. Pereyra,Roberto Maximiliano Pereyra
193080,De Gea,David de Gea Quintana
193082,J. Cuadrado,Juan Guillermo Cuadrado Bello
193091,B. Nuytinck,Bram Nuytinck
193105,A. Areola,Alphonse Francis Aréola
193107,Paulo Victor,Paulo Victor Mileo Vidotti
193133,J. Larsen,Jens Stryger Larsen
193141,I. Pillud,Iván Alexis Pillud
193143,Roderick Miranda,Roderick Jefferson Gonçalves Miranda
193144,Nam Tae Hee,Tae-hee Nam
193177,A. Traoré,Adama Traoré
193185,S. Malone,Scott Liam Malone
193198,N. Gudelj,Nemanja Gudelj
193241,R. Fernández,Roberto Júnior Fernández Torres
193247,H. Lindner,Heinz Lindner
193254,C. Trimmel,Christopher Trimmel
193260,M. Pink,Markus Pink
193272,S. Şahin-Radlinger,Samuel Sahin-Radlinger
193283,T. Delaney,Thomas Joseph Delaney
193301,A. Lacazette,Alexandre Lacazette
193302,F. Kurto,Filip Kurto
193314,Aitor Fernández,Aitor Fernández Abarisketa
193331,K. Darlow,Karl Darlow
193333,N. Brighenti,Nicolò Brighenti
193336,V. Belec,Vid Belec
193348,X. Shaqiri,Xherdan Shaqiri
193352,R. Rodríguez,Ricardo Iván Rodríguez Araya
193359,R. Romo,Rafael Enrique Romo Pérez
193440,N. Viergever,Nick Viergever
193468,L. Benito,Loris Benito Souto
193474,I. Gueye,Idrissa Gana Gueye
193476,R. Cabella,Rémy Joseph Cabella
193478,J. Grimes,Jamie Neil Grimes
193532,G. Medel,Gary Alexis Medel Soto
193569,T. Lees,Thomas James Lees
193601,G. Pezzella,Germán Alejo Pezzella
193608,O. Clarke,Oliver Anthony Clarke
193683,X. Chavalerin,Xavier Chavalerin
193698,O. Baumann,Oliver Baumann
193701,J. Norwood,James Hammond Norwood
193713,Qian Jiegei,Alexander N'Doumbou
193716,D. Wilson,Daniel John Wilson
193747,Koke,Jorge Resurrección Merodio
193768,A. Matthews,Adam James Matthews
193786,F. Bardi,Francesco Bardi
193794,Villalibre,Asier Villalibre Molina
193844,Portillo,Francisco Portillo Soler
193870,Pedro Trigueira,Pedro José da Silva Trigueira
193881,F. Đuričić,Filip Djuricic
193884,S. Clucas,Samuel Raymond Clucas
193910,A. Forshaw,Adam John Forshaw
193945,N. Uysal,Necip Uysal
193957,C. Montaño,Cristian Alexis Montaño Castillo
194017,A. Weimann,Andreas Weimann
194018,J. Collins,James Steven Collins
194059,M. Chrapek,Michał Łukasz Chrapek
194077,V. Sarı,Veysel Sarı
194091,M. Jacobs,Michael Edward Jacobs
194122,W. Grigg,William Donald Grigg
194138,A. Gray,Andre Anthony Gray
194146,K. Long,Kevin Finbarr Long
194149,F. Ulvestad,Fredrik Stensøe Ulvestad
194150,S. Moore,Simon William Moore
194201,P. Jansson,Pontus Sven Gustav Jansson
194209,Y. El Arabi,Youssef El Arabi
194333,R. Gikiewicz,Rafał Gikiewicz
194372,E. Taşkıran,Mahmut Ertuğrul Taşkıran
194431,M. Kirkeskov,Mikkel Kirkeskov Andersen
194617,Chen Po Liang,Po-liang Chen
194730,Juan Carlos,Juan Carlos Martín Corral
194759,O. Beckles,Omar Jerome Beckles
194765,A. Griezmann,Antoine Griezmann
194769,A. Błąd,Adrian Błąd
194781,Renan Ribeiro,Renan Ribeiro
194785,T. Flanagan,Thomas Michael Flanagan
194794,A. Yarmolenko,Andriy Yarmolenko
194846,F. Hanin,Florent Olivier Sylvain Hanin
194879,Sergi Enrich,Sergi Enrich Ametller
194894,F. Rossi,Francesco Rossi
194911,Adrián,Adrián San Miguel del Castillo
194925,L. Moult,Louis Elliott Moult
194934,Dani Jiménez,Daniel Jiménez López
194964,N. Méndez-Laing,Nathaniel Otis Méndez-Laing
195033,M. Leckie,Mathew Allan Leckie
195037,D. Batth,Daniel Tanveer Batth
195038,F. Kainz,Florian Kainz
195065,G. Hairemans,Geoffry Hairemans
195086,D. Lovren,Dejan Lovren
195126,J. Marquis,John Edward Marquis
195202,T. Cairney,Thomas Cairney
195262,A. Grimaldi,Adriano Grimaldi
195365,K. Kampl,Kevin Kampl
195427,J. Stockley,Jayden Connor Stockley
195479,J. Tavernier,James Henry Tavernier
195668,Joel Robles,Joel Robles Blázquez
195859,D. Ings,Daniel William John Ings
195864,P. Pogba,Paul Labile Pogba
196316,B. Maubleu,Brice Maubleu
196318,S. Gürler,Serdar Gürler
196432,E. Pérez,Enzo Nicolás Pérez
196688,A. Corzo,Aldo Sebastián Corzo Chávez
196848,Í. Ávila,Írven Beybe Ávila Acero
196885,C. Lampe,Carlos Emilio Lampe Porras
196889,S. Verdi,Simone Verdi
196916,M. Pack,Marlon Pack
196935,Ignasi Miquel,Ignasi Miquel Pons
196952,J. Bidwell,Jake Brian Bidwell
196953,T. Nsiala,Aristote Nsiala
196978,C. Wilson,Callum Eddie Graham Wilson
197031,M. Ducksch,Marvin Ducksch
197170,K. Harris,Kadeem Raymond Mathurin-Harris
197240,N. Besara,Nahir Besara
197391,L. Vilsvik,Lars-Christopher Horst Jan Vilsvik
197402,Anselmo,Anselmo de Moraes
197445,D. Alaba,David Olatukunbo Alaba
197641,B. Leroy,Benjamin Leroy
197655,S. Coates,Sebastián Coates Nión
197689,A. Seculin,Andrea Seculin
197716,T. Bunbury,Teal Alexander Bunbury
197756,J. Ayew,Jordan Pierre Ayew
197774,C. McAleny,Conor Michael McAleny
197781,Isco,Francisco Román Alarcón Suárez
197831,J. Davidson,Jason Alan Davidson
197860,Ivo Pinto,Ivo Daniel Ferreira Mendonça Pinto
197891,Juanmi,Juan Miguel Jiménez López
197926,L. Crisetig,Lorenzo Crisetig
197928,J. Bond,Jonathan Henry Bond
197948,F. Lejeune,Florian Grégoire Claude Lejeune
197965,Pizzi,Luís Miguel Afonso Fernandes
197971,D. Alibec,Denis Alibec
198006,J. Toornstra,Jens Toornstra
198009,M. Perin,Mattia Perin
198011,T. Eaves,Thomas James Eaves
198023,Ximo Navarro,Joaquín Navarro Jiménez
198024,Y. de Lanlay,Yann-Erik Randa Bahezre de Lanlay
198032,D. Burn,Daniel Johnson Burn
198039,M. Gillespie,Mark Joseph Gillespie
198046,D. Dąbrowski,Damian Dąbrowski
198131,G. Grozav,Gheorghe Teodor Grozav
198141,Bartra,Marc Bartra Aregall
198143,Samu Sáiz,Samuel Sáiz Alonso
198145,S. Araujo,Sergio Ezequiel Araújo
198164,Jonathan Viera,Jonathan Viera Ramos
198176,S. de Vrij,Stefan de Vrij
198177,B. Schenkeveld,Bartholomew Schenkeveld
198178,A. Calisir,André Jack Calisir
198190,G. Cunningham,Gregory Richard Cunningham
198200,B. Stambouli,Benjamin Fernand Lucien Francois Stambouli
198261,T. Ream,Timothy Michael Ream
198285,L. Nicholls,Lee Anthony Nicholls
198331,M. Vydra,Matěj Vydra
198347,F. Jara,Franco Daniel Jara
198350,D. Bentley,Daniel Ian Bentley
198352,S. Bell,Stefan Bell
198377,L. Palmer,Liam Jordan Palmer
198437,T. Bradshaw,Thomas William Bradshaw
198451,Dani Rodríguez,Daniel José Rodríguez Vázquez
198455,J. Larsson,Johan Erik Larsson
198489,J. McClean,James Joseph McClean
198497,M. Connolly,Mark Gerard Connolly
198511,Mika,Michael Simões Domingues
198513,Cláudio Ramos,Cláudio Pires Morais Ramos
198538,B. Paulsen,Bjørn Iversen Paulsen
198543,A. Greene,Aaron Greene
198599,M. Linnes,Martin Linnes
198624,J. Shaughnessy,Joseph Thomas Gordan Shaughnessy
198625,S. Bain,Scott Bain
198628,M. Hoyos,Michael Ryan Hoyos
198633,A. Iannarilli,Antony Iannarilli
198635,Wellington Silva,Wellington Alves da Silva
198640,Z. Labyad,Zakaria Labyad
198642,D. Ulvestad,Dan Peter Ulvestad
198653,M. Silva,Martín Andrés Silva Leites
198657,J. Svensson,Jonas Svensson
198704,J. McEachran,Joshua Mark McEachran
198705,A. Nájar,Andy Ariel Nájar Rodríguez
198717,W. Zaha,Dazet Wilfried Armel Zaha
198776,J. Williams,Jonathan Peter Williams
198811,F. Jensen,Fredrik Oldrup Jensen
198836,V. Pajot,Vincent Pajot
198857,S. Romagnoli,Simone Romagnoli
198861,N. Mendy,Nampalys Mendy
198892,N. Mijušković,Nemanja Mijušković
198904,G. Hanley,Grant Campbell Hanley
198951,C. Bakambu,Cédric Bakambu
198990,R. Brennan,Ryan Brennan
199000,T. Sainsbury,Trent Lucas Sainsbury
199005,M. Ryan,Mathew David Ryan
199010,A. Boyle,Andrew Boyle
199027,J. Robinson,Jack Robinson
199042,C. Aránguiz,Charles Mariano Aránguiz Sandoval
199044,J. Bokila,Jeremy Loteteka Bokila
199051,Yohan Tavares,Yohan Tavares
199088,Wang Gang,Wang Gang
199101,Raúl Lizoain,Raúl Lizoáin Cruz
199103,A. Domínguez,Alexander Domínguez Carabalí
199110,L. Muriel,Luis Fernando Muriel Fruto
199146,A. Halliday,Andrew William Halliday
199151,J. Iturbe,Juan Manuel Iturbe Arévalos
199158,Sergio Álvarez,Sergio Álvarez Díaz
199159,L. Brattan,Nathan Luke Brattan
199174,A. Caracciolo,Antonio Aldo Caracciolo
199183,Kim Bo Kyung,Bo-kyung Kim
199189,R. Barkley,Ross Barkley
199191,D. Appiah,Dennis Appiah
199206,D. Vida,Domagoj Vida
199215,A. Gorgon,Alexander Gorgon
199218,B. Hamill,Brendan Michael Hamill
199231,Kim Tae Hwan,Tae-hwan Kim
199236,Hong Chul,Chul Hong
199244,L. Hejda,Lukáš Hejda
199247,Álex Fernández,Alejandro Fernández Iglesias
199259,Kim Da Sol,Da-Sol Kim
199266,Ji Dong Won,Dong-won Ji
199282,A. Abrashi,Amir Malush Abrashi
199313,A. Bamba,Abdoulaye Bamba
199323,J. Zelený,Jaroslav Zelený
199386,B. Linssen,Bryan Linssen
199393,N. Pallois,Nicolas Pallois
199422,J. Clasie,Jordy Clasie
199435,P. Barrios,Pier Miqueas Barrios
199439,M. Gregoritsch,Michael Gregoritsch
199482,A. Lopes,Anthony Lopes
199493,Diego Mariño,Diego Mariño Villar
199503,G. Xhaka,Granit Xhaka
199550,B. Martins Indi,Rolando Maximiliano
199562,Ilie Sánchez,Ilie Sánchez Farrés
199564,Sergi Roberto,Sergio Roberto Carnicer
199568,K. Lamprou,Konstantinos Lamprou
199572,C. Deac,Ciprian Ioan Deac
199577,Sergi Gómez,Sergi Gómez Solà
199602,J. Guidetti,John Alberto Fernando Andres Luigi Olof Guidetti
199627,H. Pell,Harry David Balraj Pell
199641,M. Sels,Matz Willy Els Sels
199652,D. Praet,Dennis Praet
199667,R. Funes Mori,José Ramiro Funes Mori
199669,L. González Pirez,Leandro Martín González Pírez
199705,M. Hautbois,Maxime Hautbois
199745,E. Sviatchenko,Erik Sviatchenko
199761,M. Kamiński,Marcin Kamiński
199792,A. Christiansen,Anders Bleg Christiansen
199803,D. Batz,Daniel Batz
199812,R. Allsop,Ryan Allsop
199813,G. Trauner,Gernot Trauner
199829,Timor,David Timor Copoví
199830,S. Galindo,Samuel Galindo Suheiro
199833,L. Unnerstall,Lars Unnerstall
199845,F. Acerbi,Francesco Acerbi
199890,N. Lavanchy,Numa Lavanchy
199897,N. Höfler,Nicolas Höfler
199904,J. Joronen,Jesse Pekka Joronen
199909,P. Pervan,Pavao Pervan
199915,L. Dunk,Lewis Carl Dunk
199960,J. Paterson,Jamie Charles Stuart Paterson
199986,Arbilla,Anaitz Arbilla Zabala
199987,J. Cillessen,Jacobus Antonius Peter Cillessen
200054,Pedro Obiang,Pedro Mba Obiang Avomo
200059,C. Coosemans,Colin Maurice Coosemans
200094,M. Ozdoev,Magomed Ozdoev
200104,H. Son,Heung-min Son
200110,M. Bizot,Marco Bizot
200122,M. Peersman,Marvin Peersman
200134,R. Benson,Robert Benson
200145,Casemiro,Carlos Henrique Casimiro
200155,H. Vanaken,Hans Vanaken
200159,S. Ortega,Stefan Ortega Moreno
200197,N. Blandi,Nicolás Blandi
200209,N. Larsen,Nicolai Oppen Larsen
200210,A. Šarčević,Antoni Charles Sarcevic
200253,J. Lindberg,Jonas Lindberg
200260,S. Berghuis,Steven Berghuis
200292,J. Lowe,Jason John Lowe
200294,Edu García,Eduardo García Martín
200302,G. Shinnie,Graeme Shinnie
200309,T. Darikwa,Tendayi David Darikwa
200316,T. Horn,Timo Horn
200389,J. Oblak,Jan Oblak
200404,S. Walsh,Stephen Walsh
200408,B. Gibson,Benjamin James Gibson
200425,M. te Wierik,Mike Jarno Maria te Wierik
200429,B. Raman,Benito Dirk Raman
200433,L. Hinterseer,Lukas Hinterseer
200440,B. Bodin,Billy Paul Bodin
200458,L. Digne,Lucas Digne
200471,D. Chima Chukwu,Daniel Chima Chukwu
200473,S. Skrzybski,Steven Skrzybski
200519,Pulido,Jorge Pulido Mayoral
200521,T. Ince,Thomas Paul Ince
200525,S. Walker,Samuel Colin Walker
200577,Lee Yong,Yong Lee
200588,Hong Jeong Ho,Jeong-ho Hong
200601,Yoon Bit Garam,Bit-garam Yoon
200610,K. Volland,Kevin Volland
200630,J. Forrest,James Forrest
200633,R. McDonald,Rodney Troy McDonald
200655,S. Osmanoğlu,Sinan Osmanoğlu
200667,M. Power,Max Mcauley Power
200672,Zhang Linpeng,Zhang Linpeng
200689,R. Leonard,Ryan Ian Leonard
200696,H. Verhulst,Hobie Verhulst
200697,R. Tafazolli,Ryan Sirous Tafazolli
200713,S. Aydoğdu,Soner Aydoğdu
200715,A. Davies,Adam Rhys Davies
200718,J. Hammar,Per Johan Gustav Hammar
200724,Nacho Fernández,José Ignacio Fernández Iglesias
200726,B. Lecomte,Benjamin Lecomte
200727,Carlos Delgado,Carlos Javier Delgado Rodríguez
200731,C. Piergianni,Carl Liam Piergianni
200741,Jiang Guangtai,Jiang GuangtaiTyias Charles Browning
200742,B. Heneghan,Benjamin John Heneghan
200746,J. Lundstram,John David Lundstram
200752,Juan Jesus,Juan Guilherme Nunes Jesus
200759,J. Schlupp,Jeffrey Schlupp
200778,C. Christie,Cyrus Sylvester Frederick Christie
200781,C. Thomas,Conor Thomas
200793,C. Robertson,Clark Robertson
200806,R. Smallwood,Richard Smallwood
200820,J. Obita,Jordan John Obita
200840,C. Nelson,Curtis Alexander Nelson
200841,C. Jenkinson,Carl Daniel Jenkinson
200844,J. Keohane,James Clifford John Keohane
200888,Danilo Pereira,Danilo Luís Hélio Pereira
200900,S. Murray,Sean Michael Murray
200904,D. Bariti,Davide Bariti
201024,K. Koulibaly,Kalidou Koulibaly
201026,Yi Teng,Yi Teng
201041,L. Carole,Lionel Jules Carole
201042,D. Sidibé,Djibril Sidibé
201081,B. Kopacz,Bartosz Kopacz
201093,N. Powell,Nicholas Edward Powell
201095,A. Marchesín,Agustín Federico Marchesín
201114,B. Pawłowski,Bartłomiej Pawłowski
201122,T. Kalas,Tomáš Kalas
201132,R. Janicki,Rafał Janicki
201136,M. Colin,Maxime Jean-Yves Colin
201138,Z. Boucher,Zacharie Boucher
201143,A. Mandi,Aïssa Mandi
201153,Morata,Álvaro Borja Morata Martín
201172,A. Woźniak,Arkadiusz Woźniak
201240,T. Barkhuizen,Thomas John Barkhuizen
201269,F. Rønnow,Frederik Riis Rønnow
201285,C. Gytkjær,Christian Lund Gytkjær
201299,N. Leali,Nicola Leali
201301,D. Høegh,Daniel Mathias Høegh
201303,R. Falk,Rasmus Falk Østergaard
201305,Gabriel Paulista,Gabriel Armando de Abreu
201335,F. Santander,Federico Javier Santander Mereles
201346,L. Boyce,Liam Boyce
201368,K. McLean,Kenneth McLean
201389,C. Biraghi,Cristiano Biraghi
201399,M. Icardi,Mauro Emanuel Icardi Rivero
201413,Maestre,Sergio Maestre García
201417,M. Doherty,Matthew James Doherty
201438,H. Van Der Bruggen,Hannes Van Der Bruggen
201447,S. Lletget,Sebastian Francisco Lletget
201455,G. Kondogbia,Geoffrey Edwin Kondogbia
201482,Julián Cuesta,Julián Cuesta Díaz
201505,David López,David López Silva
201514,E. Kachunga,Elias Kachunga
201528,Kim Young Gwon,Young-gwon Kim
201841,N. Dussenne,Noë Georges Dussenne
201847,L. Bostyn,Louis Bostyn
201862,M. Rojo,Faustino Marcos Alberto Rojo
201864,S. Thomas,Simon Edmund Thomas
201876,O. Omoijuanfo,Ohikhuaeme Anthony Kwoeme Omoijuanfo
201877,M. Dæhli,Mats Møller Dæhli
201884,R. Brady,Robert Brady
201887,D. Johnson,Daniel Anthony Johnson
201888,V. Berisha,Veton Berisha
201895,D. Fagúndez,Diego Santiago Fagúndez Pepe
201901,C. Winchester,Carl Winchester
201903,Ø. Øvretveit,Øystein Øvretveit
201911,W. Keane,William David Keane
201940,Z. MacMath,Zachary Michael MacMath
201943,A. Cornelius,Andreas Evald Cornelius
201955,M. Haïdara,Massadio Haïdara
201965,S. Thern,Johan Simon Thern
201967,G. Wikheim,Gustav Mendonça Wikheim
201976,A. Gomis,Amigo Alfred Benjamin Junior Gomis
202014,R. Lopes,Roberto Carlos Lopes
202024,R. Freuler,Remo Marco Freuler
202033,S. McLaughlin,Stephen Antony McLaughlin
202048,C. Coady,Conor David Coady
202050,T. Bruns,Thomas Jan Paul Bruns
202073,E. Zavaleta,Eriq Anthony Zavaleta Vanney
202078,D. Nagbe,Darlington Joe Phillip Nagbe
202079,D. Blažević,Davor Blažević
202087,J. Geis,Johannes Geis
202088,F. Klaus,Felix Klaus
202089,L. Mejía,Luis Ricardo Mejía Cajar
202107,A. Morales,Alfredo Eloy Galo Morales
202113,M. Odubajo,Moses OdubajoMoses Adeshina Ayoola Junior Odubajo
202123,C. Aneke,Chukwuemeka Ademola Amachi Aneke
202125,J. Bonham,Jack Elliott Bonham
202126,H. Kane,Harry Edward Kane
202151,K. Stafylidis,Konstantinos Stafylidis
202157,A. Behich,Aziz Eraltay Behich
202170,M. Boxall,Michael Joseph Boxall
202199,G. Long,George Long
202201,J. Gouweleeuw,Jeffrey Gouweleeuw
202208,D. Petratos,Dimitrios Petratos
202215,J. Willis,Joe Willis
202259,M. Ødegaard,Magnar Ødegaard
202282,S. Armstrong,Stuart Armstrong
202316,T. Chandler,Timothy Chandler
202325,D. Demme,Diego Demme
202331,F. Quignon,Facundo Tomás Quignón
202335,E. Dier,Eric Jeremy Edgar Dier
202371,T. Meunier,Thomas Andre A. Meunier
202408,A. Flint,Aden Flint
202429,D. da Costa,Danny Vieira da Costa
202457,L. Koopmans,Luuk Koopmans
202464,J. Clark,Jordan Charles Clark
202469,D. Bingham,David Bingham
202489,D. Bisoli,Dimitri Bisoli
202515,Jesé,Jesé Rodríguez Ruiz
202518,C. Wernitznig,Christopher Wernitznig
202526,S. May,Steven May
202556,M. Depay,Memphis Depay
202558,P. Ceppelini,Pablo Daniel Ceppelini Gatto
202570,J. Maurer,James Maurer
202617,V. Hladký,Václav Hladký
202648,Sergi Darder,Sergi Darder Moll
202651,Suso,Jesús Joaquín Fernández Sáez de la Torre
202652,R. Sterling,Raheem Shaquille Sterling
202676,A. Taggart,Adam Jake Taggart
202678,J. Risdon,Joshua Robert Risdon
202686,N. Wells,Nahki Michael Wells
202693,M. Crooks,Matt Davidson Rider Crooks
202695,J. Tarkowski,James Alan Tarkowski
202697,J. Stephens,Jack Stephens
202698,L. Young,Luke Young
202716,Abdón Prats,Abdón Prats Bastidas
202731,C. McCormack,Conor McCormack
202750,W. Boly,Willy-Arnaud Zobo Boly
202770,C. Ripley,Connor James Ripley
202771,J. Newell,Joseph Peter Newell
202789,A. Schwolow,Alexander Schwolow
202808,Li Ke,Li KeNicholas Harry Yennaris
202810,S. McDermott,Sean McDermott
202811,E. Martínez,Damián Emiliano Martínez Romero
202814,N. Byrne,Nathan William Byrne
202819,C. Forrester,Christopher Stephen Forrester
202848,G. Caprari,Gianluca Caprari
202849,J. Vestergaard,Jannik Vestergaard
202851,G. Defrel,Grégoire André Defrel
202855,Tan Long,Tan Long
202873,K. Müller,Kevin Müller
202881,K. Buckley,Keith Buckley
202884,L. Spinazzola,Leonardo Spinazzola
202886,B. Siegrist,Benjamin Kevin Siegrist
202905,C. Nyman,Christoffer Åke Sven Nyman
202910,D. Mitov Nilsson,David Mitov Nilsson
202925,C. Kouakou,Onil Christian Kouakou
202968,Yun Il Lok,Il-lok Yun
202978,Min Sang Gi,Sang-gi Min
203002,Kim Kee-Hee,Kee-hee Kim
203026,P. Filipović,Petar Filipović
203030,R. Knoche,Robin Knoche
203034,J. Day,Joseph David Day
203042,J. Butland,Jack Butland
203067,D. Chará,Diego Ferney Chará Zamora
203095,S. Gannon,Seán Gannon
203106,L. Bittencourt,Leonardo Jesus Loureiro Bittencourt
203128,T. Monconduit,Thomas Monconduit
203137,R. Jansson,Per Tony Robin Jansson
203138,J. Scowen,Joshua Charles Scowen
203161,M. Franke,Marcel Franke
203172,A. Lundin,Alexander Lundin
203175,L. Burge,Lee Stephen Burge
203177,D. Foulquier,Dimitri Foulquier
203215,A. Cairns,Alexander Thomas Cairns
203239,Caio Secco,Caio Gobbo Secco
203244,Lucas Mendes,Lucas Michel Mendes
203263,H. Maguire,Jacob Harry Maguire
203264,S. Wootton,Scott James Wootton
203287,E. Harrison,Ellis Wade Harrison
203292,O. Turton,Oliver Anthony Turton
203308,J. Brillante,Joshua Brillante
203309,B. Halloran,Benjamin Halloran
203328,S. Hoskins,Samuel Tobias Hoskins
203362,M. Elyounoussi,Mohamed Amine Elyounoussi
203363,G. Valsvik,Gustav Valsvik
203368,E. Andersen,Eirik Ulland Andersen
203376,V. van Dijk,Virgil van Dijk
203393,E. Gnahoré,Vhakka Eddy Stelh Gnahoré
203398,D. Williams,Derrick Shaun Williams
203415,J. Reeves,Jake Kenny Reeves
203423,L. Thomas,Lawrence Andrew Kingsley Thomas
203428,E. Hewitt,Elliott Jack Hewitt
203483,D. Klaassen,Davy Klaassen
203485,T. Kongolo,Terence Kongolo
203486,T. Hazard,Thorgan Ganael Francis Hazard
203487,J. Lascelles,Jamaal Lascelles
203500,D. Rose,Daniel Antony Rose
203502,B. De Cordova-Reid,Bobby Armani De Cordova-Reid
203505,J. Bryan,Joseph Edward Bryan
203535,T. Vilhena,Tonny Emílio Trindade de Vilhena
203568,P. Wszołek,Paweł Marek Wszołek
203574,J. Stones,John Stones
203575,D. Abramowicz,Dawid Abramowicz
203581,I. Balliu,Iván Balliu Campeny
203590,F. Hübner,Florian Hübner
203605,P. Kadeřábek,Pavel Kadeřábek
203615,T. Kainz,Tobias Kainz
203725,V. Misidjan,Virgil Roy Misidjan
203733,José Ángel,José Ángel Jurado de la Torre
203741,T. Delaine,Thomas Delaine
203746,Jon Toral,Jon Miquel Toral Harper
203747,Héctor Bellerín,Héctor Bellerín Moruno
203749,S. Bradley,Sonny Bradley
203751,C. Townsend,Conor Stephen Townsend
203754,M. Zeitz,Manuel Zeitz
203775,L. Karius,Loris Sven Karius
203780,F. Veseli,Frédéric Shtjefan Veseli
203782,A. Benali,Ahmed Benali
203824,R. Matthews,Remi Luke Matthews
203841,N. Pope,Nicholas David Pope
203843,D. Suárez,Damián Nicolás Suárez Suárez
203864,B. Zuculini,Bruno Zuculini
203902,A. Luna,Adrián Nicolás Luna Retamar
203980,K. Fortounis,Konstantinos Fortounis
204007,T. Nichols,Thomas Andrew Nichols
204017,C. Sørensen,Christian Nikolaj Sørensen
204033,N. Devlin,Nicholas Devlin
204034,A. Sauvage,Alexis Sauvage
204042,M. Perrotta,Marco Perrotta
204060,T. Chery,Tjaronn Inteff Chefren Chery
204077,M. Niang,M'Baye Hamady Niang
204078,R. Wolski,Rafał Wolski
204082,J. Brooks,John Anthony Brooks Jr.
204092,J. Blaswich,Janis Jonathan Blaswich
204105,K. Lala,Kenny Lala
204111,M. Hanousek,Marek Hanousek
204121,J. Brabec,Jakub Brabec
204125,J. Bořil,Jan Bořil
204152,J. Jønsson,Jens Jønsson
204193,T. Trybull,Tom Trybull
204211,P. Papp,Paul Papp
204215,A. Reach,Adam Michael Reach
204219,A. Jackson,Adam Lewis Jackson
204234,Edgar Badia,Edgar Badia Guardiola
204246,M. Bettinelli,Marcus Bettinelli
204269,Z. Clark,Zander Clark
204275,L. Polworth,Liam Polworth
204280,Cristian Herrera,Cristian Ignacio Herrera Pérez
204297,A. O'Connor,Anthony Dean O'Connor
204308,H. Van Crombrugge,Hendrik Van Crombrugge
204311,K. Zouma,Kurt Happy Zouma
204322,R. McKenzie,Rory McKenzie
204324,M. Kennedy,Matthew Kennedy
204348,J. Allansson,Joel Emil Martin Allansson
204353,C. Forsyth,Craig Forsyth
204354,J. Alnwick,Jak Alnwick
204370,S. van de Streek,Alexander Gerard van de Streek
204412,G. Saville,George Alan Saville
204424,P. Izzo,Paul David Izzo
204451,K. Günter,Koray Günter
204458,D. Oshilaja,Abdul-Yussuf Adedeji Adeniyi Oshilaja
204485,R. Mahrez,Riyad Mahrez
204496,P. Bauer,Patrick Bauer
204497,K. Stöger,Kevin Stöger
204502,M. Ingram,Matthew Robert Ingram
204513,M. Dupé,Maxime Dupé
204525,Iñigo Martínez,Íñigo Martínez Berridi
204529,M. Batshuayi,Michy Batshuayi-Atunga
204539,L. Advíncula,Luis Jan Piers Advíncula Castrillón
204542,Y. Yotún,Víctor Yoshimar Yotún Flores
204549,D. Roef,Davy Dirk Roef
204612,O. Selnæs,Ole Kristian Selnæs
204638,W. Orban,Vilmos Tamás Orbán
204639,S. Savić,Stefan Savić
204684,M. Seuntjens,Mats Seuntjens
204687,P. Olkowski,Paweł Mirosław Olkowski
204688,S. Schwab,Stefan Schwab
204691,M. Pereyra,Mauricio Ernesto Pereyra Antonini
204699,L. Melgarejo,Lorenzo Antonio Melgarejo Sanabria
204709,D. Rubio,Diego Iván Rubio Köstner
204738,R. Ibarra,Alex Renato Ibarra Mina
204760,C. Taylor,Charles James Taylor
204776,T. Leistner,Toni Andreas Leistner
204785,M. Mandron,Mikaël Yann Mathieu Mandron
204816,M. Koch,Menno Robert Maria Koch
204825,B. Wilson,Ben Wilson
204838,R. Jiménez,Raúl Alonso Jiménez Rodríguez
204842,Y. Brecher,Yanick Brecher
204850,T. Nguen,Tokmac Chol Nguen
204860,K. Hemmings,Kane Ruudi Hemmings
204870,N. Byrne,Neill Byrne
204882,R. Williams,Ryan Dale Williams
204883,B. Samba,Brice Lauriche Samba
204922,A. Leitner,Andreas Leitner
204923,M. Sabitzer,Marcel Sabitzer
204931,J. Smits,Joshua Gerardus Petrus Wilhelmus Smits
204935,J. Pickford,Jordan Lee Pickford
204936,J. Egan,John Egan
204963,Carvajal,Daniel Carvajal Ramos
204966,Adrián Ortolá,Adrián Ortolá Vañó
204970,F. Thauvin,Florian Tristan Mariano Thauvin
204979,I. Touray,Ibou Omar Touray
205015,J. Grimmer,Jack Richard Grimmer
205019,J. Caprice,Jake Lenox Caprice
205054,K. Naismith,Kallum Lachlan Naismith
205070,Portu,Cristian Portugués Manzanera
205089,M. Valoti,Mattia Valoti
205119,S. Rodríguez,Sebastián Javier Rodríguez Iriarte
205139,P. Barrett,Patrick Barrett
205157,Ruiz de Galarreta,Iñigo Ruiz de Galarreta Etxeberria
205158,Guillermo,Guillermo Fernández Hierro
205159,C. Raglan,Charles Jordan Clark Raglan
205175,A. Milik,Arkadiusz Krystian Milik
205186,P. Gazzaniga,Paulo Dino Gazzaniga Farias
205192,Denis Suárez,Denis Suárez Fernández
205201,O. Yokuşlu,Okay Yokuşlu
205210,O. Lewicki,Carl Oscar Johan Lewicki
205211,M. Borjan,Milan BorjanM
205214,Z. Tripić,Zlatko Hovland Tripić
205255,J. Reid,James Tyrrell Reid
205278,Rim Chang Woo,Chang-woo Rim
205288,Fernando,Fernando Martínez Rubio
205291,H. Stengel,Herman Sørby Stengel
205331,Zhang Jiaqi,Zhang Jiaqi
205343,J. Akpa Akpro,Jean-Daniel Dave Lewis Akpa Akpro
205347,M. Luongo,Massimo Corey Luongo
205352,J. Archer,Jordan Gideon Archer
205363,M. Bianchetti,Matteo Bianchetti
205365,J. Kopic,Jan Kopic
205369,R. Schoofs,Rob Schoofs
205377,D. Léon,Donovan René Léon
205391,S. Meïté,Soualiho Meïté
205393,J. Baldwin,Jack Baldwin
205401,Vako,Valeri Qazaishvili
205402,J. Boëtius,Jean-Paul Patrick Boëtius
205407,D. Baselli,Daniele Baselli
205431,N. Füllkrug,Niclas Füllkrug
205433,A. Hahn,Alexander Hahn
205452,A. Rüdiger,Antonio Rüdiger
205481,M. Bennett,Mason Kane Bennett
205496,Nicolas,Nicolás David Andrade
205530,M. Pigliacelli,Mirko Pigliacelli
205531,V. Verre,Valerio Verre
205548,N. Bellomo,Nicola Bellomo
205551,Álvaro Lemos,Álvaro Lemos Collazo
205554,L. Zima,Lukáš Zima
205559,N. Dicko,Nouha Dicko
205566,Alberto Moreno,Alberto Moreno Pérez
205569,J. Ward-Prowse,James Michael Edward Ward-Prowse
205584,M. Ihiekwe,Michael Uzoukwu Absalom Jude Ihiekwe
205590,Luís Hernández,Luis Hernández Rodríguez
205596,J. Husband,James Andrew Husband
205598,André Sousa,André Alexandre Carreira Sousa
205603,M. van Duinen,Mike van Duinen
205630,L. Abecasis,Luciano Andrés Abecasis
205633,L. Castro,Lucas Nahuel Castro
205678,E. Višća,Edin Višća
205686,T. Savanier,Téji Tedy Savanier
205691,R. Pucino,Raffaele Pucino
205693,S. Haller,Sébastien Romain Teddy Haller
205703,Miguel Bañuz,Miguel Bañuz Antón
205726,G. Brugman,Gastón Brugman Duarte
205747,M. Sourzac,Martin Sourzac
205756,S. Denswil,Stefano Wilfred Denswil
205759,D. Stojanović,Dejan Stojanović
205760,M. Eppel,Márton Eppel
205812,P. Terracciano,Pietro Terracciano
205818,R. Woods,Ryan Michael Woods
205849,E. Andrada,Esteban Maximiliano Andrada
205850,L. Pavoletti,Leonardo Pavoletti
205855,M. Livaja,Marko Livaja
205869,Jairo,Jairo Samperio Bustara
205878,S. Kapino,Stefanos Kapino
205887,C. Woodrow,Cauley Woodrow
205892,B. Tashchy,Boris Tashchy
205895,A. Ring,Alexander Ring
205897,N. Chalobah,Nathaniel Nyakie Chalobah
205923,B. Davies,Benjamin Thomas Davies
205939,O. Bulut,Onur Bulut
205942,S. Lung,Silviu Lung
205943,V. Chiricheș,Vlad Iulian Chiricheş
205953,João Paulo,João Paulo Mior
205966,A. Younes,Amin Younes
205970,J. Wallace,Jed Fearnley Wallace
205972,R. Bentancourt,Rubén Daniel Bentancourt Morales
205976,Léo Baptistão,Leonardo Carrilho Baptistão
205983,D. Đoković,Damjan Đoković
205988,L. Shaw,Luke Paul Hoare Shaw
205989,C. Chambers,Calum Chambers
205990,H. Reed,Harrison James Reed
205995,J. Willems,Jetro Danovich Sexer Willems
206003,Y. Mvogo,Yvon Landry Mvogo Nganoma
206006,E. Alioski,Ezgjan Alioski
206031,Jefté,Jefté Betancor Sánchez
206075,S. Johnstone,Samuel Luke Johnstone
206083,J. Murphy,Joshua Murphy
206085,J. Murphy,Jacob Kai Murphy
206086,H. Toffolo,Harry Stefano Toffolo
206089,C. McGeehan,Cameron Alexander McGeehan
206098,Patric,Patricio Gabarrón Gil
206104,S. Dursun,Serdar Dursun
206113,S. Gnabry,Serge David Gnabry
206115,I. Hayden,Isaac Scott Hayden
206134,D. Cole,Devante Lavon Andrew Dewar-Cole
206145,B. Uphoff,Benjamin Uphoff
206147,M. Antonsson,Carl Marcus Christer Antonsson
206159,S. Sabelli,Stefano Sabelli
206170,J. Turnbull,Jordan Robert Turnbull
206171,Júnior Urso,Ocimar de Almeida Júnior
206198,D. Heintz,Dominique Heintz
206202,O. Norburn,Oliver Lewis Norburn
206218,P. Nardi,Paul Nardi
206219,Juan Cruz,Juan Cruz Álvaro Armada
206222,Bigas,Pedro Bigas Rigo
206243,C. Vincent,Christophe Vincent
206254,M. Stevanović,Miroslav Stevanović
206306,J. Ferri,Jordan Ferri
206307,J. Frick,Jérémy Frick
206408,T. Boyd,Terrence Anthony Boyd
206413,T. Stepanenko,Taras Stepanenko
206431,R. Buess,Roman Buess
206436,Y. Benzia,Yassine Benzia
206467,A. Pléa,Alassane Alexandre Pléa
206485,R. Camacho,Rudy Adrien Camacho
206511,M. Arnold,Maximilian Arnold
206516,W. Hughes,William James Hughes
206517,J. Grealish,Jack Peter Grealish
206518,C. Robinson,Callum Jack Robinson
206522,Satrústegui,Eneko Satrústegui Plano
206524,J. Willis,Jordan Kenneth Willis
206535,P. Digby,Paul Andrew Digby
206536,T. Naylor,Thomas Keith Naylor
206545,Manu Trigueros,Manuel Trigueros Muñoz
206549,E. Bush,Evan William Bush
206551,T. Arrigoni,Tommaso Arrigoni
206554,J. Bolton,James William Bolton
206555,C. Pym,Christy Pym
206558,J. Roberts,Jordan Stephen Roberts
206561,C. Walton,Christian Timothy Walton
206562,L. Thompson,Louis Clyde William Thompson
206565,J. Walker,James Walker
206566,M. Crocombe,Maxime Teremoana Crocombe
206584,J. Tveita,Jon-Helge Tveita
206585,Kepa,Kepa Arrizabalaga Revuelta
206590,Moi Gómez,Moisés Gómez Bordonado
206591,M. Weiser,Mitchell-Elijah Weiser
206594,S. March,Solomon Benjamin March
206601,M. Sampirisi,Mario Sampirisi
206606,P. Hofmann,Philipp Hofmann
206626,M. Ishak,Mikael Ishak
206653,B. Potts,Bradley Michael Potts
206654,Pablo Marí,Pablo Marí Villar
207410,M. Kovačić,Mateo Kovačić
207421,L. Trossard,Leandro Trossard
207431,Insua,Pablo Ínsua Blanco
207439,L. Paredes,Leandro Daniel Paredes
207440,F. Fragapane,Franco Rodrigo Fragapane
207441,L. Vietto,Luciano Darío Vietto
207454,P. Rodríguez,Patricio Julián Rodríguez
207471,F. Vázquez,Franco Damián Vázquez
207491,R. Gaffney,Rory Nicholas Gaffney
207494,J. Lingard,Jesse Ellis Lingard
207502,R. Kristiansen,Ruben Kristiansen
207513,G. Holohan,Gavan Richard Holohan
207528,R. Fitzsimons,Ross Alan Richard Frank Fitzsimons
207554,V. Claesson,Viktor Johan Anton Claesson
207555,F. Helander,Filip Viktor Helander
207557,R. Olsen,Robin Patrick Olsen
207589,M. Nilsson Säfqvist,Malkolm Johan Henrik Nilsson Säfqvist
207593,J. Uronen,Jere Juhani Uronen
207599,M. Keane,Michael Vincent Keane
207606,J. Lynch,Jay Anthony Lynch
207616,A. Webster,Adam Harry Webster
207620,C. Jennings,Connor Joseph Jennings
207622,M. Bjørnbak,Martin Bjørnbak
207624,K. Omeruo,Kenneth Josiah Omeruo
207633,J. Haugaard,Jakob Let Haugaard
207641,B. Carrasco,Bryan Paul Carrasco Santos
207646,P. Sweeney,Pierce Liam Sweeney
207650,E. Krafth,Emil Henry
207715,N. López,Nicolás Federico López Alonso
207716,A. Al Hafith,Abdullah Fareed Al Hafith
207725,M. van der Hoorn,Mike Adrianus Wilhelmus van der Hoorn
207730,Paik Sung Dong,Sung-dong Baek
207732,Roger Martí,Roger Martí Salvador
207733,Filipe Augusto,Filipe Augusto Carvalho Souza
207740,I. Kallon,Issa Kallon
207762,Jota,João Tiago Serrão Garcês
207790,K. Ayhan,Kaan Ayhan
207791,Y. Poulsen,Yussuf Yurary Poulsen
207804,A. Bell,Amari'i Kyren Bell
207807,R. Fraser,Ryan Fraser
207828,C. Stockton,Cole John Stockton
207858,D. Dwyer,Dominic James Dwyer
207862,M. Ginter,Matthias Lukas Ginter
207865,Marquinhos,Marcos Aoás Corrêa
207868,J. Mountney,John Mountney
207877,J. Martínez,Josef Alexander Martínez Mencia
207886,A. Oggesen,Andreas Oggesen
207897,A. Jung,Anthony Jung
207926,A. Linde,Andreas Christopher Linde
207935,M. Dituro,Matías Ezequiel Dituro Curto
207948,B. Traoré,Bertrand Isidore Traoré
207952,S. Ajayi,Oluwasemilogo Adesewo Ibidapo Ajayi
207956,P. Mpanzu,Pelly Ruddock Mpanzu
207993,S. Kolašinac,Sead Kolašinac
207998,D. Ward,Daniel Ward
208004,J. Veltman,Joël Ivo Veltman
208014,M. Pearson,Matthew Joe Pearson
208024,M. Wallace,Murray Wallace
208047,Kim In Sung,In-sung Kim
208052,A. Yiadom,Andrew Kyere Yiadom
208053,D. Pelkas,Dimitrios Pelkas
208054,L. Fernández,Leandro Miguel Fernández
208063,Ju Se Jong,Se-jong Ju
208073,Ahn Young Kyu,Young-kyu Ahn
208088,Sergi Samper,Sergi Samper Montaña
208093,Gerard Moreno,Gerard Moreno Balagueró
208111,S. Sandberg,Simon Sandberg
208128,H. Çalhanoğlu,Hakan Çalhanoğlu
208135,A. Doucouré,Abdoulaye Doucouré
208137,Lucas Torró,Lucas Torró Marset
208146,D. Adorni,Davide Adorni
208157,Juanto Ortuño,Juan Tomás Ortuño Martínez
208159,M. Frey,Michael Frey
208165,B. Djimsiti,Berat Ridvan Gjimshiti
208188,J. Guthrie,Jonathan Neil Guthrie
208214,T. Defourny,Théo Pierre Defourny
208224,P. Mantalos,Petros Mantalos
208247,L. Spendlhofer,Lukas Spendlhofer
208250,A. Bakasetas,Anastasios Bakasetas
208260,D. Kourbelis,Dimitrios Kourbelis
208268,B. Cristante,Bryan Cristante
208295,R. Saïss,Romain Ghanem Paul Saïss
208297,K. Antonsen,Kent-Are Antonsen
208302,A. Gilbey,Alexander Scott Gilbey
208330,A. Januzaj,Adnan Januzaj
208333,E. Can,Emre Can
208335,L. Kübler,Lukas Kübler
208364,Clinton Mata,Clinton Mukoni Mata Pedro Lourenço
208375,M. Müller,Marius Müller
208418,Y. Carrasco,Yannick Ferreira Carrasco
208424,M. Ricci,Matteo Ricci
208432,T. Pettersson,Tom Peder Pettersson
208440,M. Danielson,Marcus Andreas Danielsson
208448,E. Forsberg,Emil Peter Forsberg
208461,M. de Roon,Marten Elco de Roon
208462,R. Pröpper,Robin Pröpper
208470,F. Holland,Fabian Holland
208480,Chow Tim,Tim Chow
208481,K. Singh,Karanjit Singh
208504,J. Cazares,Juan Ramón Cazares Sevillano
208509,T. Foket,Thomas Foket
208520,H. Sakai,Hiroki Sakai
208535,A. Duncan,Joseph Alfred Duncan
208543,C. Howieson,Cameron Drew Neru Howieson
208564,P. Ankersen,Peter Svarrer Ankersen
208573,M. Dyngeland,Mathias Lønne Dyngeland
208574,F. Kostić,Filip Kostić
208590,M. Armellino,Marco Armellino
208592,M. Delgado,Marco Antonio Delgado
208596,A. Belotti,Andrea Belotti
208597,H. Hermannsson,Hjörtur Hermannsson
208602,Y. van Nieff,Yoëll van Nieff
208615,C. Jullien,Christopher Jullien
208618,Lucas Vázquez,Lucas Vázquez Iglesias
208620,Omar Mascarell,Omar Mascarell González
208621,Óscar Plano,Óscar Plano Pedreño
208622,Rubén Sobrino,Rubén Sobrino Pozuelo
208626,S. Said,Said Ahmed Said
208670,H. Ziyech,Hakim Ziyech
208679,R. Himmelmann,Robin Himmelmann
208697,D. Rogers,Daniel Rogers
208722,S. Mané,Sadio Mané
208755,C. Nedelcovici,Cristian Nedelcovici
208769,W. Vaulks,William Robert Vaulks
208771,G. Buckley,Garry Buckley
208776,F. Stritzel,Florian Stritzel
208787,A. Thomasson,Adrien Thomasson
208806,M. Fox,Morgan Alexander Fox
208812,M. Benning,Malvind Singh Benning
208817,Andy,José Andrés Rodríguez Gaitán
208830,J. Vardy,Jamie Richard Vardy
208852,K. Morris,Kieron Morris
208861,J. Gastien,Johan Gastien
208892,S. Byram,Samuel Mark Byram
208894,F. Bednarek,Filip Bednarek
208919,R. Gauld,Ryan Gauld
208920,N. Aké,Nathan Benjamin Aké
208942,P. Rozzio,Paolo Rozzio
208949,N. Al Abed,Nawaf Shaker Fayrouz Al Abed
208965,A. Asiri,Ahmad Hassan Hassan Asiri
208974,H. Bahebri,Hattan Sultan Ahmed Bahebri
208987,I. Zaid,Ibrahim Zaid Al Malki
208999,D. Wright,Drey Jermaine Wright
209027,A. Al Kassar,Ahmed Ali Al Kassar
209039,D. Moberg Karlsson,Jens David Joacim Moberg Karlsson
209061,S. Hedlund,Simon Fredrik Hedlund
209062,P. Frick,Per Samuel Frick
209063,S. Holmén,Rasmus Sebastian Holmén
209166,M. Malaeka,Mustafa Reda Malayekah
209196,P. Ziereis,Philipp Ziereis
209210,A. Grant,Alexander Ian Grant
209232,Ľ. Šatka,Ľubomír Šatka
209236,Guilherme,Guilherme dos Santos Torres
209256,T. Anderson,Thomas Robert Anderson
209264,B. Finne,Bård Finne
209281,Y. Al Shehri,Yahya Sulaiman Ali Al Shehri
209289,Kévin Rodrigues,Kévin Manuel Rodrigues
209293,K. Van Langendonck,Koen Van Langendonck
209297,Fred,Frederico Rodrigues de Paula Santos
209315,D. Butler,Daniel Butler
209320,N. Saint-Ruf,Nicolas Saint-Ruf
209323,Maurides,Maurides Roque Junior
209331,M. Salah,Mohamed Salah Hamed Ghaly
209332,M. Salvi,Mirko Salvi
209335,K. Haugen,Kristoffer Haugen
209359,B. O'Neill,Brandon O'Neill
209361,T. Payne,Timothy John Payne
209368,J. Powell,Jack Patrick Powell
209369,B. Turgott,Blair Sebastian Turgott
209409,M. Marras,Manuel Marras
209417,R. Murawski,Radosław Paweł Murawski
209423,M. Michel,Mathieu Michel
209438,M. Haglind-Sangré,Marcus Haglind-Sangré
209475,J. O'Sullivan,John Anthony James O'Sullivan
209491,T. Meißner,Thomas Meißner
209493,D. Daniels,Donervon Joseph Daniels
209499,Fabinho,Fábio Henrique Tavares
209504,B. Hrgota,Branimir Hrgota
209523,D. González,Derlis Alberto González Galeano
209532,D. Bachmann,Daniel Bachmann
209547,S. Mitrović,Stefan Mitrović
209597,Antônio Carlos,Antônio Carlos Cunha Capocasali Junior
209602,T. Cancellotti,Tommaso Cancellotti
209613,P. Iemmello,Pietro Iemmello
209618,F. Tardieu,Florian Tardieu
209620,R. Baba,Abdul Rahman Baba
209658,L. Goretzka,Leon Christoph Goretzka
209744,E. Mena,Eugenio Esteban Mena Reveco
209750,I. Lawlor,Ian John Lawlor
209761,D. Steres,Daniel Steres
209780,S. Schrijvers,Siebe Schrijvers
209781,P. Capelle,Pierrick Capelle
209782,S. Larsson,Sam Andreas Larsson
209816,Buatu,Jonathan Buatu Mananga
209830,Q. Beunardeau,Quentin Régis Beunardeau
209839,T. Letschert,Timo Letschert
209846,C. Günter,Christian Günter
209852,B. Galloway,Brendan Joel Zibusiso Galloway
209886,A. Caceres,Anthony Richard Cáceres
209888,C. Goodwin,Craig Alexander Goodwin
209889,R. Guerreiro,Raphaël Adelino José Guerreiro
209957,J. Busk,Jakob Busk Jensen
209960,Pacheco,Fernando Pacheco Flores
209973,J. Nsame,Jean-Pierre Nsame
209981,Y. Bounou,Yassine Bounou
209987,M. Schuhen,Marcel Schuhen
209989,T. Partey,Thomas Teye Partey
210004,B. Saller,Benedikt Saller
210006,T. Dähne,Thomas Dähne
210008,A. Rabiot,Adrien Rabiot-Provost
210010,J. van Overeem,Joris van Overeem
210021,H. Mukhtar,Hany Abubakr Mukhtar
210029,J. Rafferty,Joseph Rafferty
210035,Grimaldo,Alejandro Grimaldo García
210044,C. Burgess,Christian Albert Elliot Burgess
210047,F. Schär,Fabian Lukas Schär
210108,E. Lee,Elliot Robert Lee
210136,T. Kędziora,Tomasz Karol Kędziora
210205,D. Malone,Dion Omar Rudchell Malone
210243,Ricardo Pereira,Ricardo Domingos Barbosa Pereira
210244,L. Angol,Lee Anthony Angol
210257,Ederson,Ederson Santana de Moraes
210259,A. Hassan,Ahmed Hassan Mahgoub
210263,M. Duffy,Michael Duffy
210304,H. Zuck,Hendrick Zuck
210321,R. Quioto,Romell Samir Quioto Robinson
210324,J. Hofmann,Jonas Hofmann
210327,A. Gianniotis,Andreas Gianniotis
210347,I. Lučić,Ivan Lučić
210358,A. Brignoli,Alberto Brignoli
210366,N. Lomb,Niklas Lomb
210368,J. Duncan,Jack Carleton Duncan
210372,R. Ghezzal,Rachid Ghezzal
210377,João Teixeira,João Carlos Vilaça Teixeira
210380,D. Diamantakos,Dimitrios Diamantakos
210381,C. Lykogiannis,Charalampos Lykogiannis
210384,R. Haps,Ridgeciano Delano Leandro Haps
210385,Rui Silva,Rui Tiago Dantas da Silva
210386,K. Peterson,Kristoffer Paul Peterson
210389,B. Smith,Bradley Shaun Smith
210392,R. McLaughlin,Ryan McLaughlin
210394,J. Ikoko,Jordan Ikoko
210401,C. Donis,Christos Donis
210406,P. Zieliński,Piotr Sebastian Zieliński
210411,Otávio,Otávio Edmilson da Silva Monteiro
210413,A. Romagnoli,Alessio Romagnoli
210422,K. Kamiński,Krzysztof Kamiński
210423,A. Rusnák,Albert Rusnák
210450,A. Touré,Abdoulaye Touré
210452,D. Tonetto,Diego Rubén Tonetto
210455,Jonny,Jonathan Castro Otto
210482,S. Piesinger,Simon Piesinger
210484,A. Kuen,Andreas Kuen
210489,L. Schaub,Louis Schaub
210509,T. Castella,Thomas Castella
210513,J. Quintero,Juan Fernando Quintero Paniagua
210514,João Cancelo,João Pedro Cavaco Cancelo
210537,R. Steffen,Renato Steffen
210538,L. Zuffi,Luca Danilo Zuffi
210544,Willyan,Willyan Da Silva Barbosa
210548,L. Capezzi,Leonardo Capezzi
210556,Lucas João,Lucas Eduardo Santos João
210602,S. Al Dawsari,Salem Al Dawsari
210603,Y. Al Shahrani,Yasser Gharsan Saeed Al Mohammadi Al Shahrani
210619,Jordi Quintillà,Jordi Quintillà Guasch
210625,K. Mbabu,Melingo Kevin Mbabu
210642,J. Storch,Jannich Victor Bøgelund Storch
210644,E. Marcondes,Emiliano Marcondes Camargo Hansen
210646,A. Rømer,André Ibsen Rømer
210648,A. Hegazi,Ahmed Elsayed Ali Elsayed Hegazy
210671,A. Partipilo,Anthony Partipilo
210676,W. Falcone,Wladimiro Falcone
210679,Paulo Oliveira,Paulo André Rodrigues de Oliveira
210688,A. Trondsen,Anders Trondsen
210695,H. Aleesami,Haitam Aleesami
210697,C. Nørgaard,Christian Thers Nørgaard
210715,A. Hansen,Andreas Hansen
210719,M. Kempf,Marc Oliver Kempf
210724,C. Paterson,Callum Thomas Owen Paterson
210736,Emerson,Emerson Palmieri dos Santos
210739,C. Nielsen,Casper Mørup Nielsen
210747,Salva Ruíz,Salvador Ruiz Rodríguez
210772,P. Drewes,Patrick Drewes
210826,F. Gallegos,Luis Felipe Gallegos Leiva
210828,B. Engels,Björn Lionel Engels
210831,B. Verstraete,Birger Danny Verstraete
210832,M. Branderhorst,Mattijs Branderhorst
210843,H. Kadish,Hassan Kadesh Mahboob
210864,E. Hysaj,Elseid Gëzim Hysaj
210876,B. Hüseynov,Bədavi Ruslan oğlu Hüseynov
210881,J. McGinn,John McGinn
210896,M. Sanson,Morgan Sanson
210897,C. Mbemba,Chancel Mbemba Mangulu
210930,Carles Gil,Carles Gil de Pareja Vicent
210935,D. Berardi,Domenico Berardi
210940,S. Perilli,Simone Perilli
210941,Lee Chang Geun,Chang-geun Lee
210951,E. Flores,Edison Michael Flores Peralta
210964,F. Ceccherini,Federico Ceccherini
210985,B. Osborn,Benjamin Jarrod Osborn
211003,Jung Woo Young,Woo-young Jung
211004,Han Kook Young,Kook-young Han
211009,D. Lenihan,Darragh Patrick Lenihan
211019,D. Ubbink,Desley Petrus Cornelis Ubbink
211021,P. Bråtveit,Per Kristian Worre Bråtveit
211022,Rubén García,Rubén García Santos
211042,G. Milanov,Georgi Milanov
211053,L. Hägg Johansson,Lucas Hägg Johansson
211061,A. Maxim,Alexandru Iulian Maxim
211068,Kodro,Kenan Kodro
211093,C. McGregor,Callum William McGregor
211096,M. Fraser,Marcus Fraser
211098,B. Dack,Bradley Paul Dack
211101,Rubén Blanco,Rubén Blanco Veiga
211105,N. Flø,Nicolai Flø Jepsen
211107,Frederico Venâncio,Frederico André Ferrão Venâncio
211110,P. Dybala,Paulo Bruno Exequiel Dybala
211143,J. Ironside,Joe Samuel Ironside
211147,V. Lazaro,Valentino Lando Lazaro
211152,M. Al Olayan,Madallah Ali Al Olayan
211166,J. Whatmough,Jack David Vincent Whatmough
211173,S. Al Shehri,Saleh Khalid Mohammed Al Shehri
211177,A. Traustason,Arnór Ingvi Traustason
211203,S. Long,Samuel Patrick Robert Long
211204,D. John,Declan Christopher John
211217,D. Sweeney,Daniel Liam Sweeney
211221,M. Boyle,Martin Callie Boyle
211228,M. Palmer,Matthew Thomas Palmer
211240,J. Lopez,Julien Yves Rémi Lopez Baila
211241,Rubén Peña,Rubén Peña Jiménez
211243,Nono,David González Plata
211250,U. Radaković,Uroš Radaković
211256,N. Tagliafico,Nicolás Alejandro Tagliafico
211262,M. Vicentini,Manuel Matías Vicentini
211263,L. Magallán,Lisandro Magallán
211269,Pol Fernández,Guillermo Matías Fernández
211272,C. Corvalán,Gastón Claudio Corvalán
211274,M. Pérez Guedes,Martín Pérez Guedes De Leo
211299,K. Roos,Kelle Willem Roos
211300,A. Martial,Anthony Jordan Martial
211302,G. Lapadula,Gianluca Lapadula Vargas
211320,D. Rugani,Daniele Rugani
211345,P. Azogue,Pedro Jesús Azogue Rojas
211348,S. Dimitrievski,Stole Dimitrievski
211358,J. Fabri,Julien Fabri
211361,D. Cataldi,Danilo Cataldi
211362,A. Dźwigała,Adam Dźwigała
211365,E. Hestad,Eirik Hestad
211368,Bruma,Armindo Tué Na Bangna
211378,J. Irvine,Jackson Alexander Irvine
211381,S. Boufal,Sofiane Boufal
211382,I. Amadou,Ibrahim Amadou
211384,J. Lowe,Jamal Akua Lowe
211387,B. Lundt,Benjamin Maximilian Lundt
211389,R. Alborno,Rodrigo Alborno Ortega
211395,A. Al Salem,Abdullah Al Salem
211398,M. Caillard,Marc-Aurèle Caillard
211408,K. Linetty,Karol Linetty
211437,L. Bertone,Leonardo Bertone
211438,M. Bürki,Marco Bürki
211476,L. Rodrigues,Lenny Rodrigues
211489,J. Gómez,Jonatan David Gómez
211504,L. Baker,Lewis Renard Baker
211506,J. Swift,John David Swift
211513,T. Lawrence,Thomas Morris Lawrence
211514,R. James,Reece James
211515,P. Gollini,Pierluigi Gollini
211522,A. Callens,Alexander Martín Marquinho Callens Asín
211536,M. O'Hara,Mark O'Hara
211537,J. Hamilton,Jack Hamilton
211556,Carlos Hernández,Carlos Hernández Alarcón
211561,Cassiano,Cassiano Dias Moreira
211565,Higinio,Higinio Marín Escavy
211575,André Gomes,André Filipe Tavares Gomes
211591,M. Dembélé,Moussa Dembélé
211594,G. Leigh,Gregory Alex Leigh
211595,G. Evans,George Evans
211604,L. Roberts,Liam Joseph Roberts
211608,M. Rigione,Michele Rigione
211622,M. Cichocki,Mateusz Cichocki
211635,Jeong Woon,Woon Jeong
211672,T. Boyd,Tyler Dominic Boyd
211688,Gayà,José Luis Gayà Peña
211707,P. McGinn,Paul McGinn
211732,T. Thiele,Timmy Dennis Mario Thiele
211736,R. Leipertz,Robert Leipertz
211738,M. Flekken,Mark Flekken
211739,E. Yeşilyurt,Erdoğan Yeşilyurt
211746,R. Benatelli,Rico Benatelli
211748,K. Demirbay,Kerem Demirbay
211784,N. Maupay,Neal Maupay
211786,Reis,Isnairo Reis Silva Morais
211793,J. Donachie,James Kevin Donachie
211827,P. Klewin,Philipp Mickel Klewin
211856,K. Akpoguma,Kevin John Ufuoma Akpoguma
211857,Álex Muñoz,Alejandro José Muñoz Miguel
211874,S. Scherder,Simon Scherder
211879,J. Haberer,Janik Haberer
211891,A. Voglsammer,Andreas Voglsammer
211899,F. Niederlechner,Florian Niederlechner
211903,B. Kololli,Benjamin Kololli
211908,G. Güvenç,Günay Güvenç
211927,Kwon Chang Hoon,Chang-hoon Kwon
211928,D. Gape,Dominic Edward Gape
211946,M. Kolke,Markus Kolke
211953,R. Vollath,Renè Vollath
211978,S. Hoare,Seán Hoare
211982,N. Neidhart,Nico Neidhart
211987,R. Yalçın,Robin Yalçın
211990,O. Vlachodimos,Odysseas Vlachodimos
211999,R. Khedira,Rani Khedira
212002,H. Tabaković,Haris Tabaković
212006,B. Waters,Bill Henry Penna Waters
212040,U. Jenssen,Ulrik Yttergård Jenssen
212045,C. Højer,Casper Michael Højer Nielsen
212048,A. Chipciu,Alexandru Mihăiță Chipciu
212075,A. Nabbout,Andrew Nabbout
212090,Ricardo Santos,Ricardo Alexandre Almeida Santos
212091,Rodinei,Rodinei Marcelo de Almeida
212096,V. Grifo,Vincenzo Grifo
212099,S. Tronstad,Sondre Bjorvand Tronstad
212100,M. Lowe,Max Josef Lowe
212118,M. Grimes,Matthew Jacob Grimes
212121,J. Vanlerberghe,Jordi Vanlerberghe
212138,P. Frankowski,Przemysław Frankowski
212150,M. Meyer,Maximilian Meyer
212151,T. Strakosha,Thomas Fotaq Strakosha
212153,R. Gagliardini,Roberto Gagliardini
212165,S. Ohlsson,Sebastian Ohlsson
212167,C. Vernam,Charles Terence Priestley Vernam
212170,M. Desler,Mikkel Desler
212187,P. Max,Philipp Martin Max
212188,T. Werner,Timo Werner
212190,N. Süle,Niklas Süle
212192,J. Green,Julian Wesley Green
212194,J. Brandt,Julian Brandt
212197,D. Heuer Fernandes,Daniel Heuer Fernandes
212198,Bruno Fernandes,Bruno Miguel Borges Fernandes
212204,B. Mechele,Brandon Mechele
212205,N. Storm,Nikola Storm
212207,N. Stanciu,Nicolae Claudiu Stanciu
212208,L. Galeano,Leonel Ezequiel Galeano
212212,D. Kohr,Dominik Kohr
212213,Ricardo Esgaio,Ricardo Sousa Esgaio
212214,A. Solari,Augusto Jorge Mateo Solari
212218,A. Laporte,Aymeric Jean Louis Gerard Alphonse Laporte
212219,A. Djiku,Alexander Kwabena Baidoo Djiku
212223,S. Maguire,Sean Patrick Maguire
212225,E. Roco,Enzo Pablo Roco Roco
212226,D. Nistor,Dan Nicolae Nistor
212228,I. Toney,Ivan Benjamin Elijah Toney
212232,J. Maclaren,Jamie MacLaren
212240,K. Karaman,Kenan Karaman
212242,R. Andrich,Robert Andrich
212244,C. Lenz,Christopher Lenz
212245,Y. Gerhardt,Yannick Gerhardt
212248,F. Lohkemper,Felix Lohkemper
212249,S. Kerk,Sebastian Kerk
212260,Hwang Ui Jo,Ui-jo Hwang
212267,Ivan Cavaleiro,Ivan Ricardo Neves Abreu Cavaleiro
212269,R. Bazoer,Riechedly Guillermo Bazoer
212287,A. Maxsø,Andreas Beyer Maxsø
212321,J. Meffert,Jonas Meffert
212347,Kim Young Chan,Young-Chan Kim
212366,J. Sheehan,Joshua Luke Sheehan
212381,R. Insigne,Roberto Insigne
212382,P. Onuachu,Paul Ebere Onuachu
212401,S. Moreira,Steven Moreira
212404,F. Bernardeschi,Federico Bernardeschi
212417,P. Gregor,Pascal Wiberg Gregor
212419,T. Mings,Tyrone Deon Mings
212424,W. Trapp,William Alexander Trapp
212432,Jo Hyeon Woo,Hyeon-woo Jo
212439,Lim Chai Min,Chae-min Lim
212442,José Sá,José Pedro Malheiro de Sá
212453,Germán Parreño,Germán Parreño Boix
212454,C. O'Dowda,Callum Joshua Ryan O'Dowda
212476,Medrán,Álvaro Medrán Just
212484,W. Burns,Wesley James Burns
212485,D. Bakker,Danny Bakker
212487,M. Rose,Michael Alexander Rose
212491,A. Masuaku,Fuka-Arthur Masuaku Kawela
212493,S. Kaikai,Sulaiman Borbor Kaikai
212501,L. Dendoncker,Leander Dendoncker
212516,J. Souttar,John Souttar
212523,Anderson Talisca,Anderson Souza Conceição
212546,M. Abena,Leo Myenty Janna Abena
212591,W. Zimmerman,Walker Dwain Zimmerman
212592,A. Farrell,Andrew Mikobi Farrell
212601,C. Malele,Cephas Malele
212602,Diego Llorente,Diego Javier Llorente Ríos
212613,W. Saïd,Wesley Saïd
212616,R. De Paul,Rodrigo Javier de Paul
212622,J. Kimmich,Joshua Walter Kimmich
212625,D. Kinsombi,David Kinsombi
212626,D. Selke,Davie Selke
212643,P. Cibicki,Paweł Cibicki
212678,L. Augustinsson,Hans Carl Ludwig Augustinsson
212682,B. Morris,Bryn Andrew Morris
212683,J. Matt,Jamille Antonio Matt
212692,Rony Lopes,Marcos Paulo Mesquita Lopes
212710,Joel Pereira,Joel Dinis Castro Pereira
212722,D. Yedlin,DeAndre Roselle Yedlin
212729,Tozé,António José Pinheiro de Carvalho
212735,E. Basilio,Enzo Basilio
212747,T. Martínez,Tomás Martínez
212755,J. Hendrix,Jorrit Petrus Carolina Hendrix
212776,Lee Chang Yong,Chang-yong Lee
212778,Kwon Kyung Won,Kyung-won Kwon
212790,J. Thiaré,Jamal Thiaré
212791,Kim Seung Dae,Seung-dae Kim
212811,M. Lemina,Mario René Junior Lemina
212814,João Mário,João Mário Naval da Costa Eduardo
212830,A. Mabil,Awer Bul Mabil
212831,Alisson,Alisson Ramsés Becker
212839,Park Chung Hyo,Cheong-hyo Park
212879,S. Michel,Sven Michel
212886,W. Cyprien,Wylan Jean-Claude Cyprien
212912,Park Ji Soo,Ji-su Park
212915,Yoon Pyung Gook,Pyeong-guk Yun
212934,A. Zoubir,Abdellah Zoubir
212938,B. Moe,Brede Mathias Moe
212939,D. Douline,David Marc Michel Douline
212977,N. Stark,Niklas Stark
212990,C. Camps,Callum Jason Noel Camps
212994,R. Healey,Rhys James Evitt-Healey
213007,A. Aseri,Abdulfattah Tawfiq Jaber Asiri
213013,F. Acheampong,Frank Opoku Acheampong
213017,B. Davies,Benjamin Keith Davies
213018,R. Croasdale,Ryan Mark Croasdale
213064,F. Calvo,Francisco Javier Calvo Quesada
213092,S. Piette,Samuel Piette
213094,S. Roux,Storm James Roux
213105,L. Evans,Lee Evans
213134,L. Öztunalı,Levin Mete Öztunali
213143,R. Oates,Rhys Derek Oates
213147,J. Allen,Jamie Paul Allen
213151,C. Norman,Cameron Pearce Norman
213152,C. Morris,Carlton John Morris
213156,R. Browne,Stephen Rhys Browne
213163,M. Rodić,Milan Rodić
213189,Joo Min Kyu,Min-kyu Joo
213206,B. Stuver,Bradley Stuver
213209,K. Acosta,Kellyn Kai Perry-Acosta
213242,A. Tameze,Adrien Tamèze Aoutsa
213281,P. Retre,Paulo Ricardo Pereira Retre
213296,N. Bentaleb,Nabil Bentaleb
213301,S. Horvath,Sascha Horvath
213317,Kim Jin Su,Jin-su Kim
213323,S. Decarli,Saulo Igor Decarli
213327,A. Jovanović,Aleksandar Jovanović
213331,J. Tah,Jonathan Glao Tah
213345,K. Coman,Kingsley Junior Coman
213367,L. Abergel,Laurent Abergel
213374,Aderllan Santos,Aderllan Leandro de Jesus Santos
213407,M. Macey,Matthew Ryan Macey
213408,R. Boot,Ryan Thomas William Boot
213413,L. Vigouroux,Lawrence Ian Vigouroux
213414,W. Troost-Ekong,William Paul Troost-Ekong
213418,C. Akpom,Chuba Amechi Akpom
213433,F. Tobio,Omar Fernando Tobio
213439,J. Osorio,Jonathan Osorio
213449,P. Stolarski,Paweł Stolarski
213471,D. Bojanić,Darijan Bojanić
213497,J. Une,Jacob Hugo Une-Larsson
213498,S. Martinsson Ngouali,Serge-Junior Bertil Nicolas Martinsson Ngouali
213502,R. Cornwall,Robert Cornwall
213516,Ricardo Horta,Ricardo Jorge da Luz Horta
213530,N. Poulsen,Nicolai Søberg Poulsen
213536,M. Crépeau,Maxime Crépeau
213565,T. Lemar,Thomas Lemar
213570,S. O'Donnell,Stephen Gerard O'Donnell
213573,M. Gersbeck,Marius Gersbeck
213577,Puertas,José Antonio Rodríguez Díaz
213581,M. Nervo,Martín Hugo Nervo
213597,D. Valdés,Diego Alfonso Valdés Contreras
213613,S. Gustafson,Simon Gustafson
213620,F. Mora,Felipe Andrés Mora Aliaga
213644,A. Geipl,Andreas Geipl
213648,P. Højbjerg,Pierre-Emile Kordt Højbjerg
213649,D. Iliev,Dejan Iliev
213654,G. Kamara,Glen Adjei Kamara
213655,A. Iwobi,Alexander Chuka Iwobi
213661,A. Christensen,Andreas Bødtker Christensen
213665,J. Houghton,Jordan Alexander Houghton
213666,R. Loftus-Cheek,Ruben Ira Loftus-Cheek
213667,D. Conroy,Dion John Conroy
213670,I. Ssewankambo,Isak Ssali Ssewankambo
213677,B. Killip,Ben Killip
213685,N. Ioannou,Nicolas Ioannou
213686,D. Love,Donald Alistair Love
213689,B. Pearson,Benjamin David Pearson
213693,J. Rothwell,Joseph Matthew Rothwell
213697,P. McNair,Patrick James Coleman McNair
213699,A. Fletcher,Ashley Michael Fletcher
213702,H. Ongenda,Hervin Scicchitano Ongenda
213705,Camacho,João Pedro Gomes Camacho
213719,A. Kann,Alec Kann
213724,Bicho,Javier Fernández Abruñedo
213750,K. Sema,Ken Nlata Sema
213761,A. Hamdallah,Abderrazak Hamdallah
213763,R. Schüller,Rasmus Vilhelm Schüller
213777,I. Fossum,Iver Tobias Rørvik Fossum
213795,Kiki,Christian Neiva Afonso
213798,A. Mowatt,Alex James Mowatt
213813,A. Fransson,Alexander Martin Fransson
213814,F. Di Francesco,Federico Di Francesco
213815,M. Uhre,Mikael Uhre
213835,J. Gammelby,Jens Martin Gammelby
213839,B. Guillaume,Baptiste Guillaume
213846,C. Suárez,Cristian Fernando Suárez Figueroa
213864,B. Utvik,Bjørn Inge Utvik
213884,R. Christie,Ryan Christie
213899,É. Balanta,Éder Fabián Álvarez Balanta
213901,A. Madu,Abdullah Mohammed Musa Madu
213905,S. Gallagher,Samuel James Gallagher
213917,Fábio Cardoso,Fábio Rafael Rodrigues Cardoso
213928,E. Sobol,Eduard Sobol
213933,L. Wahlqvist Egnell,Rolf Linus Wahlqvist Egnell
213938,D. Biraschi,Davide Biraschi
213948,D. Holmes,Duane Octavious Holmes
213949,K. Wriedt,Kwasi Okyere Wriedt
213956,Adama Traoré,Adama Traoré Diarra
213959,E. Andersson,Nils Erik Elias Andersson
213969,M. Pinnock,Mitchell Bernard Pinnock
213991,J. Lerma,Jefferson Andrés Lerma Solís
213994,N. Belloni,Niccolò Belloni
214006,Y. Candelo,Yerson Candelo Miranda
214026,J. Mojica,Johan Andrés Mojica Palacio
214040,F. Fabra,Frank Yusty Fabra Palacios
214047,M. Uribe,Andrés Mateus Uribe Villa
214065,H. Salinas,Hans Francisco Salinas Flores
214088,C. Dawson,Cameron Miles Dawson
214092,A. Miranchuk,Aleksey Miranchuk
214096,T. Kleindienst,Tim Kleindienst
214169,W. Tesillo,William José Tesillo Gutiérrez
214177,L. Paz,Luis Alejandro Paz Mulato
214192,J. Mena,Jefferson Mena Palacios
214196,D. Bocanegra,Daniel Eduardo Bocanegra Ortiz
214226,R. Loaiza,Raúl Alberto Loaiza Morelos
214231,M. Jorquera,Marcelo Pablo Jorquera Silva
214238,P. Parra,Pablo Alejandro Parra Rubilar
214250,M. Palacios,Manuel Emilio Palacios Murillo
214294,E. Pavez,Esteban Andrés Pavez Suazo
214302,C. Baeza,Claudio Andrés Baeza Baeza
214308,A. Martínez,Ariel Elías Martínez Arce
214333,D. Zúñiga,Dilan Patricio Zúñiga Espinoza
214354,D. Asprilla,Dairon Estibens Asprilla Rivas
214356,J. Malagón,Jerson Andrés Malagón Piracún
214366,R. Carrascal,Rafael Andrés Carrascal Avilez
214404,V. Huerta,Valber Roberto Huerta Jerez
214414,R. Ureña,Rodrigo Andrés Ureña Reyes
214421,F. Hinestroza,Fredy Hinestroza Arias
214436,P. Díaz,Paulo César Díaz Huincales
214440,D. Melo,Darío Esteban Melo Pulgar
214520,F. Castro,Edwin Fabry Castro Barros
214525,D. Richards,David Richards
214584,F. Armani,Franco Armani
214606,S. Pérez,Sebastián Pérez Cardona
214622,J. Toljan,Jeremy Isaiah Richard Toljan
214639,Postigo,Sergio Postigo Redondo
214641,S. Tanser,Scott Tanser
214650,V. Vevatne,Viljar Helland Vevatne
214658,J. Karlström,Jesper Karlström
214659,N. Freire,Nicolás Omar Freire
214660,L. Rodríguez,Lucas Nahuel Rodríguez
214661,G. Iñiguez,Gaspar Emmanuel Iñíguez
214665,J. Ramírez,Juan Edgardo Ramírez
214673,L. Cano,Lucas Matías Cano
214676,T. Biasci,Tommaso Biasci
214680,G. Gallon,Gauthier Gallon
214682,J. Wright,Joseph Harris Wright
214698,L. Casanova,Luis Ignacio Casanova Sandoval
214701,T. Asta-Buruaga,Tomás Pablo Asta-Buruaga Montoya
214747,D. Orellana,Diego Felipe Andrés Orellana Medina
214766,C. Izquierdoz,Carlos Roberto Izquierdoz
214769,F. Rasmussen,Federico Rasmussen
214770,D. González,Diego Hernán González
214772,N. Pasquini,Nicolás Pasquini
214777,L. Díaz,Leandro Nicolás Díaz
214779,B. Vides,Bruno Leonel Vides
214784,J. Pereyra Díaz,Jorge Rolando Pereyra Díaz
214830,S. Gonzalez,Sebastián Emmanuel González Valdéz
214835,R. Fernández,Ronnie Alan Fernández Sáez
214836,J. Ortiz,João Luis Ortiz Pérez
214838,Ó. Opazo,Óscar Mauricio Opazo Lara
214854,R. Farfán,Rúben Ignacio Farfán Arancibia
214874,M. Bolados,Marcos Nikolás Bolados Hidalgo
214876,J. Marriott,Jack David Marriott
214877,H. Bjørdal,Henrik Rørvik Bjørdal
214882,J. Czerwiński,Jakub Czerwiński
214884,M. Nalepa,Michał Nalepa
214893,S. Sobczak,Szymon Sobczak
214896,P. Mullin,Paul Philip Mullin
214906,A. Hughes,Andrew Martyn Hughes
214922,Á. Ramos,Álvaro Sebastián Ramos Sepúlveda
214923,M. Qasem,Mohammed Qasem Hamza Al Shuraimi Al Nakhli
214924,J. McGhee,Jordan McGhee
214933,D. Rodríguez,Diego Matías Rodríguez
214944,Gumbau,Gerard Gumbau Garriga
214947,J. Gbamin,Jean-Philippe Gbamin
214968,F. Mancuello,Federico Andrés Mancuello
214971,F. Pizzini,Francisco Andrés Pizzini
214977,M. Kranevitter,Claudio Matías Kranevitter
214979,J. Musso,Juan Agustín Musso
214986,F. Meza,Fernando Nicolás Meza
214990,M. Catalán,Matías Ezequiel Catalán Echevarría
215011,M. Maidana,Mauro Ángel Maidana
215020,J. Cavallaro,Juan Ignacio Cavallaro
215026,P. Magnín,Pablo Daniel Magnín
215036,F. Cornejo,Fernando Nicolás Cornejo Miranda
215048,J. Burrai,Javier Nicolás Burrai
215049,D. Pérez,Damián Alfredo Pérez
215051,L. López,Lisandro Ezequiel López Dessypris
215053,M. Zaldivia,Matías Ezequiel Zaldivia
215054,V. Cuesta,Víctor Leandro Cuesta
215057,I. Marcone,Iván José Marcone
215061,D. Benedetto,Darío Ismael Benedetto
215064,J. Furch,Julio César Furch
215065,M. Céliz,Milton Aaron Céliz
215069,R. Rey,Rodrigo Francisco Jesús Rey
215071,M. Casco,Milton Oscar Casco
215074,H. Orzán,Horacio de Dios Orzán
215086,B. Cortés,Brayan Josué Cortés Fernández
215103,É. Puch,Edson Raúl Puch Cortez
215107,H. Villalba,Héctor Daniel Villalba
215112,R. Contreras,Rodrigo Nicolás Contreras
215113,N. Bertocchi,Miguel Nicolás Bertocchi
215123,A. Aguerre,Alan Joaquín Aguerre
215127,L. Fioravanti,Leandro Ariel Fioravanti
215129,M. Dávila,Misael Aldair Dávila Carvajal
215132,S. Moyano,Sebastián Emanuel Moyano
215147,L. Giannetti,Lautaro Daniel Giannetti
215155,F. Zuqui,Fernando Rubén Zuqui
215168,J. Garro,Juan Fernando Garro
215178,E. Godoy,Érik Fernando Godoy
215193,L. Menossi,Lucas Ariel Menossi
215195,S. Svendsen,Sander Svendsen
215199,R. Botta,Rubén Alejandro Botta Montero
215202,L. Janson,Lucas Ezequiel Janson
215211,B. Cargill,Baily James Cargill
215223,W. Benítez,Walter Daniel Benítez
215228,C. Lema,Cristian Franco Lema
215245,A. Hunou,Adrien Hunou
215247,M. Ingvartsen,Marcus Højriis Ingvartsen
215251,G. Herrera,Guido Gabriel Herrera
215254,L. Lollo,Mauricio Luciano Lollo
215270,L. Zelarayán,Lucas Manuel Zelarayán
215292,M. Cauteruccio,Martín Cauteruccio Rodríguez
215301,L. Jones,Lloyd Richard Jones
215316,G. Rulli,Gerónimo Rulli
215323,A. Sowe,Ali Sowe
215331,L. Jara,Leonardo Rafael Jara
215332,C. Auzqui,Carlos Daniel Auzqui
215333,D. Zapata,Duván Esteban Zapata Banguero
215334,G. Carrillo,Guido Marcelo Carrillo
215353,L. Alario,Lucas Nicolás Alario
215363,L. Montipò,Lorenzo Montipò
215368,R. Ranftl,Reinhold Ranftl
215374,S. Hogan,Scott Andrew Hogan
215376,E. Capradossi,Elio Capradossi
215399,Rúben Vezo,Rúben Miguel Nunes Vezo
215410,B. Chardonnet,Brendan Chardonnet
215412,C. Elder,Callum Roddie Elder
215417,C. Mathenia,Christian Mathenia
215419,C. Kerr,Cameron Kerr
215420,R. Muirhead,Robbie Muirhead
215433,F. Vicari,Francesco Vicari
215441,S. Guirassy,Serhou Yadaly Guirassy
215443,P. Zinckernagel,Philip Aksel Frigast Zinckernagel
215449,R. Skov,Robert Faxe Skov
215455,B. Petković,Bruno Petković
215502,B. Drągowski,Bartłomiej Drągowski
215522,A. Schlager,Alexander Schlager
215531,D. Türüç,Deniz Türüç
215546,M. Brouwer,Michael Brouwer
215556,E. Fernandes,Edimilson Fernandes Ribeiro
215562,R. Hunt,Robert Donald Hunt
215565,M. Miazga,Matthew Miazga
215572,Alberto Jiménez,Alberto Jiménez Benítez
215581,J. Łukowski,Jakub Łukowski
215590,Ayoze,Ayoze Pérez Gutiérrez
215601,A. Chitu,Aurelian Ionuț Chițu
215616,Jason,David Remeseiro Salgueiro
215638,L. Lindsay,Liam James Lindsay
215643,Ramiro,Ramiro Moschen Benetti
215651,Samir Caetano,Samir Caetano de Souza Santos
215686,J. Grønning,Jeppe Nørregaard Grønning
215689,A. Petagna,Andrea Petagna
215693,T. Mikkelsen,Thomas Korsgaard Mikkelsen
215698,M. Maignan,Mike Peterson Maignan
215700,L. O'Nien,Luke Terry O'Nien
215703,Marlon,Marlon Santos da Silva Barbosa
215708,A. Monfray,Adrien-Mehdi Monfray
215750,W. Mendieta,William Gabriel Mendieta Pintos
215785,K. Baldé,Keita Baldé Diao
215798,M. Cornet,Gnaly Maxwel Cornet
215817,D. Islamović,Dino Islamović
215820,L. Donnelly,Liam Francis Peadar Donnelly
215823,D. Župarić,Dario Župarić
215855,B. Purrington,Ben Purrington
215892,U. Spajić,Uroš Spajić
215911,A. Hatem,Abdulaziz Hatem Abdallah Mohammed
215914,N. Kanté,N'Golo Kanté
215930,T. Jedvaj,Tin Jedvaj
215970,B. Bolingoli,Boli Bolingoli-Mbombo
215993,D. Miloc,Dardo Federico Miloc
215995,E. Méndez,Emiliano Jorge Rubén Méndez
215998,I. Fernández,Ignacio Martín Fernández
216003,B. Kapustka,Bartosz Kapustka
216020,L. Gil,Leonardo Roque Albano Gil
216033,J. Broun,Jorge Emanuel Broun
216036,R. Delgado,Rafael Marcelo Delgado
216054,N. Domínguez,Nery Andrés Domínguez
216055,F. Carrizo,Federico Gastón Carrizo
216065,M. Sportiello,Marco Sportiello
216072,G. Letizia,Gaetano Letizia
216110,D. Kudła,Dawid Kudła
216114,I. Näsberg,Ivan Tarek Fjellstad Näsberg
216145,A. Izzo,Armando Izzo
216150,D. Zappacosta,Davide Zappacosta
216155,H. Cornick,Harry Charles Frederick Cornick
216158,S. Widmer,Silvan Dominic Widmer
216183,S. Handle,Simon Handle
216193,B. Vriends,Bart Vriends
216194,Dani García,Daniel García Carrillo
216199,P. Mainka,Patrick Mainka
216201,Iñaki Williams,Iñaki Williams Arthuer
216218,L. Shankland,Lawrence Shankland
216227,K. Jackson,Kayden Pastel Dunn Jackson
216230,M. Amevor,Mawouna Kodjo Amevor
216247,M. Tisserand,Marcel Jany Emile Tisserand
216255,M. Stefaniak,Marvin Stefaniak
216258,I. Bebou,Ihlas Bebou
216260,F. Kaufmann,Fabio Herbert Kaufmann
216266,K. Tete,Kenny Joelle Tete
216267,A. Robertson,Andrew Henry Robertson
216270,G. Honeyman,George Christopher Honeyman
216275,P. Mwene,Phillipp Mwene
216283,Danilo,Danilo Teodoro Soares
216286,J. Andersen,Jeppe Andrup Andersen
216320,S. Fofana,Seko Mohamed Fofana
216325,A. Gunn,Angus Fraser James Gunn
216334,P. Gerkens,Pieter Tom Gerkens
216346,A. Powell,Alvas Elvis Powell
216349,A. Halilović,Alen Halilović
216352,M. Brozović,Marcelo Brozović
216354,A. Kramarić,Andrej Kramarić
216376,Marco Sangalli,Marco Sangalli Fuentes
216377,S. Kutschke,Stefan Kutschke
216380,D. Sinkgraven,Daley Sinkgraven
216385,R. Ortiz,Richard Ortiz Bustos
216387,S. Sané,Saliou Sané
216393,Y. Tielemans,Youri Tielemans
216409,M. Politano,Matteo Politano
216416,J. Gyamerah,Jan Kwasi Gyamerah
216435,S. Lobotka,Stanislav Lobotka
216447,Álvaro García,Álvaro García Rivera
216453,L. Shephard,Liam Christopher Shephard
216460,J. Giménez,José María Giménez de Vargas
216461,Óscar Gil,Óscar Gil Osés
216464,A. Browne,Alan James Browne
216467,J. Payne,Jack Payne
216475,Morales,José Luis Morales Nogales
216481,J. Cooper,Jake Matthew Cooper
216497,M. Philipp,Maximilian Marcus Philipp
216524,J. Eickmayer,Joachim Eickmayer
216526,A. Gogić,Alexander Gogić
216547,Rafa,Rafael Alexandre Fernandes Ferreira da Silva
216549,A. Sørloth,Alexander Sørloth
216580,Cláudio Winck,Cláudio Winck Neto
216582,D. Maderner,Daniel Maderner
216627,K. Moore,Kieffer Roberto Francisco Moore
216698,M. García,Ariel Matías García
216700,M. Meza,Maximiliano Eduardo Meza
216730,S. Gregersen,Stian Rode Gregersen
216736,Wang Shangyuan,Wang Shangyuan
216741,Yang Mingyang,Yang Mingyang
216744,C. Burgess,Cameron Robert Burgess
216749,Carlos Mané,Carlos Manuel Cardoso Mané
216750,P. Carlgren,Patrik Ulf Anders Carlgren
216755,Felipe Abner,Abner Felipe Souza de Almeida
216774,W. Hoedt,Wesley Theodorus Hoedt
216779,F. Ruberto,Francesco Ruberto
216790,C. Grant,Conor James Grant
216791,M. Pennington,Matthew Pennington
216795,C. Long,Christopher Michael Long
216799,G. Di Chiara,Gianluca Di Chiara
216800,J. Cisotti,Juri Cisotti
216814,S. Uçan,Salih Uçan
216816,G. Simeone,Giovanni Pablo Simeone Baldini
216820,M. Simon,Moses Daddy-Ajala Simon
216823,V. Vermeij,Vincent Vermeij
216860,V. Černý,Václav Černý
216939,A. Blake,Andre Jason Blake
217007,M. Thiam,Mame Baba Thiam
217021,Sandro Lima,Sandro César Cordovil de Lima
217036,Álex Moreno,Alexandre Moreno Lopera
217047,A. Godoy,Aníbal Casis Godoy Lemus
217085,V. García,Víctor Hugo García Fernández
217096,J. Lumley,Joseph Patrick Lumley
217097,R. Otero,Rómulo Otero Vásquez
217153,Wu Xi,Wu Xi
217160,Peng Xinli,Peng Xinli
217196,J. Palomino,José Luis Palomino
217242,Y. Kubo,Yuya Kubo
217332,M. Monthé,Emmanuel Gaetan Nguemkam Monthe
217338,J. Vandeputte,Jari Vandeputte
217439,B. Kaltak,Brian Kaltak
217585,B. Kuipers,Bas Edo Kuipers
217605,L. Lerager,Lukas Reiff Lerager
217606,E. Boateng,Emmanuel Agyenim Boateng
217699,I. Slimani,Islam Slimani
217714,P. Arriola,Paul Joseph Arriola Hendricks
217731,Sandro,Sandro Ramírez Castillo
217794,B. Véjar,Brayan Alfonso Véjar Utreras
217805,A. Martín Arias,Alexis Martín Arias
217826,J. Laurent,Joshua Ishaele Jacob-Heron Hunt-Laurent
217841,M. Schultz,Michael Schultz
217845,A. Hjulsager,Andrew Hjulsager
217870,G. Di Lorenzo,Giovanni Di Lorenzo
217940,D. Djené,Dakonam Ortega Djené
217990,J. Gómez,Juan Pablo Gómez Vidal
217998,C. Arango,Cristian Daniel Arango Duque
218066,A. Samatta,Mbwana Ally Samatta
218208,C. Fuentes,César Nicolás Fuentes González
218212,A. Noppert,Andries Noppert
218339,M. Dahoud,Mahmoud Dahoud
218343,R. Hedges,Ryan Peter Hedges
218534,S. Adamyan,Sargis Adamyan
218576,W. Aimson,William Stewart Aimson
218593,S. Moore,Stuart John Moore
218623,Cafú,Carlos Miguel Ribeiro Dias
218651,P. Sotiriou,Pieros Sotiriou
218656,S. Mockenhaupt,Sascha Mockenhaupt
218658,D. Iorfa,Dominic Iorfa
218659,M. Targett,Matthew Robert Targett
218667,Bernardo Silva,Bernardo Mota Veiga de Carvalho e Silva
218738,Ely Fernandes,Ely Ernesto Lopes Fernandes
218745,O. Ntcham,Jules Olivier Ntcham
218746,José Pozo,José Ángel Pozo la Rosa
218873,T. Paterok,Tim Paterok
218887,O. Custodio,Olivier Custodio Da Costa
218936,Rafa Soares,Luís Rafael Soares Alves
218985,R. Augustyniak,Rafał Augustyniak
219087,S. Vegas,Sebastián Ignacio Vegas Orellana
219127,P. Galdames,Pablo Ignacio Galdames Millán
219145,G. Maripán,Guillermo Alfonso Maripán Loaysa
219167,S. Vittor,Sergio Javier Vittor
219174,R. Carrera,Ramiro Ángel Carrera
219175,J. Randazzo,Juan Cruz Randazzo
219177,J. Grant,Jorge Edward Grant
219180,Dani Calvo,Daniel Pedro Calvo Sanromán
219216,J. Windass,Joshua Dean Windass
219244,D. von Ballmoos,David von Ballmoos
219259,R. Brown,Reece Brown
219293,M. Helik,Michał Sławomir Helik
219339,Marcos Felipe,Marcos Felipe de Freitas Monteiro
219392,A. Rufer,Alex Arthur Rufer
219414,I. Alba,Israel Alba Marín
219451,N. Paz,Nehuén Mario Paz
219452,J. Fernández,Julián Rodrigo Fernández
219461,E. Palmer-Brown,Erik Ross Palmer-Brown
219466,B. Meling,Birger Solberg Meling
219467,B. Halliday,Bradley Halliday
219469,S. Perica,Stipe Perica
219482,R. Fulton,Ryan William Fulton
219486,P. Brough,Patrick John Brough
219522,C. Ledesma,Jeremías Conan Ledesma
219525,E. Cerutti,Ezequiel Osvaldo Cerutti
219536,I. Pussetto,Ignacio Pussetto
219550,O. Palmer,Oliver James Palmer
219551,C. Shaughnessy,Conor Glynn Shaughnessy
219553,C. Aquino,Claudio Ezequiel Aquino
219575,C. Bordacahar,Cristian Ariel Bordacahar
219576,R. Battaglia,Rodrigo Andrés Battaglia
219581,S. Gigot,Samuel Florent Thomas Gigot
219584,L. Lezzerini,Luca Lezzerini
219585,M. Valjent,Martin Valjent
219586,S. Russini,Simone Russini
219595,D. Quiñones,Déinner Alexander Quiñones Quiñones
219605,C. Cuevas,Cristian Alejandro Cuevas Jara
219621,G. Oliver,Gary Oliver
219637,Cantero,Ander Cantero Armendariz
219655,F. Zampano,Francesco Filippo Zampano
219657,L. Wedl,Lukas Wedl
219683,C. Tolisso,Corentin Tolisso
219684,S. Nicholson,Sam Alastair Nicholson
219686,Carlos Júnior,Carlos Alberto Carvalho da Silva Júnior
219693,Diego Carlos,Diego Carlos Santos Silva
219694,C. Johansson,Carl Anders Lorentz Johansson
219705,D. Węglarz,Damian Węglarz
219712,S. Cristóforo,Sebastián Carlos Cristóforo Pepe
219715,R. Di Gennaro,Raffaele Di Gennaro
219733,L. Ajorque,Ludovic Ajorque
219736,E. Horvath,Ethan Shea Horvath
219754,Bruno Varela,Bruno Miguel Semedo Varela
219759,S. Molina,Salvatore Andrea Molina
219768,J. Vojtuš,Jakub Vojtuš
219774,Sebas Moyano,Francisco Sebastián Moyano Jiménez
219780,Claude Gonçalves,Joaquim Claude Gonçalves Araújo
219787,A. Mosquera,Andrés Felipe Mosquera Guardia
219789,H. Traoré,Hamari Traoré
219792,B. Santamaria,Baptiste Santamaria
219795,J. Coleman,Joel Coleman
219796,Einar Galilea,Einar Galilea Azaceta
219797,R. Martínez,Roger Beyker Martínez Tobinson
219812,P. Ciurria,Patrick Ciurria
219814,S. Klaiber,Sean Desmond Klaiber
219836,Rubén Yáñez,Orlando Rubén Yáñez Alabart
219841,N. Figal,Jorge Nicolás Figal
219848,David Costas,David Costas Cordal
219852,A. Ferrari,Alex Ferrari
219854,G. Smith,Grant Ashley Smith
219862,M. Borja,Miguel Ángel Borja Hernández
219865,J. Gustavsson,Per Jesper Gustavsson
219908,Bruno Nazario,Bruno dos Santos Nazário
219932,A. Sanabria,Arnaldo Antonio Sanabria Ayala
219937,N. Körber,Nils-Jonathan Körber
219941,G. Castellón,Gabriel Jesús Castellón Velázquez
219948,J. Cummings,Jason Steven Cummings
219951,A. Salétros,Anton János Jönsson Salétros
219952,L. Henderson,Liam Henderson
219953,Embarba,Adrián Embarba Blazquez
219956,P. Ceccaroni,Pietro Ceccaroni
219957,J. Laursen,Jacob Barrett Laursen
219967,D. Hładun,Dominik Hładun
219985,M. Vecino,Matías Vecino Falero
220018,A. Rebić,Ante Rebić
220019,M. Harness,Marcus Anthony Myers-Harness
220028,S. Adekugbe,Samuel Ayomide Adekugbe
220029,S. Khaoui,Saîf-Eddine Khaoui
220030,G. Paquiez,Gaëtan Paquiez
220031,O. McBurnie,Oliver Robert McBurnie
220039,D. Charles,Dion Elie Raymond Charles
220045,C. Mahoney,Connor Anthony Mahoney
220048,S. Scuffet,Simone Scuffet
220058,D. Phillips,Dillon Phillips
220061,N. Gyömbér,Norbert Gyömbér
220065,E. Gliozzi,Ettore Gliozzi
220073,M. Amondarain,Maximiliano Javier Amondarain Colzada
220074,R. Espejord,Runar Espejord
220075,M. Kanno,Mohamed Ibrahim Abdullah Kanno
220084,C. Falletti,César Alejandro Falletti dos Santos
220085,L. Waldschmidt,Gian-Luca Waldschmidt
220087,Fabrício Baiano,Fabrício Santos de Jesus
220093,H. Hateboer,Hans Hateboer
220139,S. Szmodics,Samuel Joseph Szmodics
220140,F. Kent,Frankie James Kent
220147,F. Álvarez,Federico Hernán Álvarez
220148,N. Orsini,Nicolás Orsini
220156,A. Balboa,Adrián Martín Balboa Camacho
220165,J. Pohjanpalo,Joel Julius Ilmari Pohjanpalo
220172,S. Janko,Saidy Janko
220175,O. Kemen,Olivier Kemen
220196,D. Brooks,David Robert Brooks
220198,B. Celina,Bersant Celina
220230,P. Bochniewicz,Paweł Piotr Bochniewicz
220291,L. González,Leonel Hernán González
220306,A. Ceesay,Assan Torrez Ceesay
220346,Pedro López,Pedro López Galisteo
220348,Iza Carcelén,Isaac Carcelén Valencia
220380,R. Rabia,Rami Hisham Abdel Aziz Rabia
220383,Aarón,Aarón Escandell Banacloche
220385,Iván Márquez,Iván Márquez Álvarez
220407,M. Dúbravka,Martin Dúbravka
220414,Diego Rico,Diego Rico Salguero
220421,H. Kamara,Hassane Kamara
220422,M. Hamzi,Mansour Hamzi
220429,G. Campi,Gastón Matías Campi
220440,C. Lenglet,Clément Nicolas Laurent Lenglet
220475,A. Grassi,Alberto Grassi
220482,B. Sarnavskyi,Bogdan Sarnavskyi
220491,E. Gyasi,Emanuel Quartsin Gyasi
220493,A. Barreca,Antonio Barreca
220502,M. Zaccagni,Mattia Zaccagni
220509,L. Venuti,Lorenzo Venuti
220517,F. Di Mariano,Francesco Di Mariano
220523,Y. Mina,Yerry Fernando Mina González
220528,G. Tutino,Gennaro Tutino
220529,L. Palmiero,Luca Palmiero
220532,N. Contini,Nikita Contini Baranovskiy
220534,S. Luperto,Sebastiano Luperto
220537,A. Takroni,Abdulaziz Takroni
220539,A. Cabrera,Abraham Cabrera Scapín
220570,J. Bednarek,Jan Kacper Bednarek
220584,V. Myhra,Viljar Røsholt Myhra
220600,A. Lundkvist,Adam Stefan Lundqvist
220609,V. Vada,Valentín Vada
220616,M. Trojak,Miłosz Trojak
220620,F. Hadergjonaj,Florent Hadërgjonaj
220621,S. Benrahma,Mohamed Saïd Benrahma
220624,L. Acosta,Lucas Mauricio Acosta
220633,D. Gray,Demarai Ramelle Gray
220635,T. Conlon,Tom George Sawyer Conlon
220638,Luismi,Luis Miguel Sánchez Benítez
220649,S. Vecchia,Stefano Giuseppe Arne Holmquist Vecchia
220651,Angeliño,José Ángel Esmoris Tasende
220659,J. Brownhill,Joshua Brownhill
220665,G. Wüthrich,Gregory Kwesi Wüthrich
220697,J. Maddison,James Daniel Maddison
220702,G. Silva,Gastón Alexis Silva Perdomo
220708,B. Borrello,Brandon Joel Gaetano Borrello
220710,H. Wilson,Harry Wilson
220714,P. Billing,Philip Anyanwu Billing
220715,E. Ponce,Ezequiel Ponce Martínez
220720,A. Fulignati,Andrea Fulignati
220739,J. Sornoza,Júnior Nazareno Sornoza Moreira
220746,A. Živković,Andrija Živković
220754,D. Ortiz,Danilo Fabián Ortiz Soto
220763,R. Thomas,Ryan Jared Thomas
220782,M. Ilaimaharitra,Marco Ilaimaharitra
220785,A. Čolak,Antonio-Mirko Čolak
220786,M. Njie,Moussa Jailani Gaucho Njie
220793,D. Sánchez,Davinson Sánchez Mina
220807,M. O'Leary,Max Edward O'Leary
220814,L. Hernández,Lucas François Bernard Hernández Pi
220819,R. Kitto,Ryan Kitto
220820,M. Diaw,Mory Diaw
220821,C. Starfelt,Carl Anders Theodor Starfelt
220829,E. Torregrossa,Ernesto Torregrossa
220834,Marco Asensio,Marco Asensio Willemsen
220837,D. Machado,Deiver Andrés Machado Mena
220847,M. Maertens,Mathieu Maertens
220851,F. Leys,Franco Ezequiel Leys
220862,J. Hugill,Jordan Thomas Hugill
220872,G. Kiltie,Greg Kiltie
220876,F. Honorat,Franck Honorat
220881,V. Sulejmani,Valmir Sulejmani
220886,B. Tuiloma,Bill Poni Tuiloma
220893,C. Baker-Richardson,Courtney Romello Baker-Richardson
220901,David Raya,David Raya Martín
220906,D. Epassy,Devis Rogers Epassy Mboka
220912,F. Jagiełło,Filip Wojciech Jagiełło
220915,G. Moncini,Gabriele Moncini
220922,H. Friðjónsson,Hólmbert Aron Briem Friðjónsson
220925,A. Schöpf,Alessandro André Schöpf
220933,A. Bellemo,Alessandro Bellemo
220940,C. Brannagan,Cameron Mark Thomas Brannagan
220944,J. Wildsmith,Joseph Charles Wildsmith
220948,S. Sydorchuk,Sergiy Sydorchuk
220956,R. Johnson,Ryan Anthony Johnson
220969,N. Eliasson,Niclas Eliasson Santana
220971,N. Keïta,Naby Laye Keïta
221000,B. Ndiaye,Papa Alioune N'Diaye
221001,U. Saltnes,Ulrik Saltnes
221014,Carlos Fernández,Carlos Fernández Luna
221024,A. Sørensen,Asger Strømgaard Sørensen
221053,E. Gómez,Elías José Gómez
221087,Pau López,Pau López Sabata
221125,S. Driussi,Sebastián Driussi
221167,C. Dummigan,Cameron Dummigan
221168,D. Kownacki,Dawid Igor Kownacki
221197,F. Onyedinma,Wilfred Oluwafemi Onyedinma
221201,T. Leibold,Tim Leibold
221219,G. Conti,Germán Andrés Conti
221271,T. Pellenard,Théo Pellenard
221279,L. Kelly,Liam Anthony Kelly
221281,D. Hyam,Dominic John Hyam
221282,J. Stacey,Jack William Stacey
221284,J. Gradit,Jonathan Gradit
221306,M. Barrios,Michael David Barrios Puerta
221316,M. Blázquez,Matías Javier Blázquez Lavín
221323,J. Onguéné,Jérôme Junior Onguéné
221331,L. Mazzitelli,Luca Mazzitelli
221336,L. Houri,Lyes Hafid Houri
221342,Maffeo,Pablo Carmine Maffeo Becerra
221346,M. Samuelsen,Martin Samuelsen
221358,J. Rossiter,Jordan Bernard Rossiter
221363,D. van de Beek,Donny van de Beek
221370,M. Al Buraik,Mohammed Ibrahim Mohammed Al Burayk
221422,S. Ingason,Sverrir Ingi Ingason
221425,K. Nagasawa,Kazuki Nagasawa
221428,D. Kun,Dominik Kun
221445,Wu Lei,Wu Lei
221448,R. Celia,Raffaele Celia
221456,R. Burke,Reece Frederick James Burke
221463,E. Hernández,Ernesto Exequiel Hernández Oncina
221467,Lee Chang Min,Chang-min Lee
221479,D. Calvert-Lewin,Dominic Nathaniel Calvert-Lewin
221486,D. O'Shaughnessy,Daniel Michael O'Shaughnessy
221488,R. Hollingshead,Ryan Michael Hollingshead
221491,N. Elvedi,Nico Elvedi
221493,Woo Joo Seong,Joo-Seong Woo
221531,M. Maroši,Marko Maroši
221534,G. O'Neill,Gary O'Neill
221551,E. Mammana,Emanuel Hernán Mammana
221552,S. Nilsen,Sivert Heltne Nilsen
221567,Sim Sang Min,Sang-min Sim
221584,J. Rinne,Jacob Rinne
221587,J. Lolley,Joseph Lolley
221600,M. Clarke,Matthew Edward Barkell Clarke
221605,A. Jeremejeff,Alexander Thomas Jeremejeff
221610,D. Dibusz,Dénes Dibusz
221633,B. Sørmo,Bent Langåssve Sørmo
221639,Mariano,Mariano Díaz Mejía
221652,Sergio,Sergio González Poirrier
221656,E. Miller,Eric Miller
221658,A. Sharahili,Ahmed Mohammed Sharahili
221660,V. Lindelöf,Victor Jörgen Nilsson Lindelöf
221664,W. Cartagena,Wilder José Cartagena Mendoza
221671,Lee Jae Sung,Jae-sung Lee
221680,N. Hagglund,Nicholas Stuart Hagglund
221692,C. Bishop,Colby David Bishop
221697,O. Watkins,Oliver George Arthur Watkins
221705,K. Dempsey,Kyle Michael Dempsey
221713,D. Lovitz,Daniel Harry Lovitz
221714,A. Morelos,Alfredo José Morelos Aviléz
221750,André Geraldes,André Geraldes de Barros
221759,Kim Gyeong Min,Kyeong-min Kim
221767,Choi Kyoung Rok,Kyoung-rok Choi
221772,A. Al Bishi,Abdulaziz Ali Mohammed Al Bishi
221791,R. Kurzawa,Rafał Maciej Kurzawa
221793,P. Twumasi,Patrick Twumasi
221797,E. Thommy,Erik Thommy
221798,Fang Jingqi,Fang Jingqi
221801,Liao Lisheng,Liao Lisheng
221810,R. Keating,Ruairí Keating
221815,Yang Chaosheng,Yang Chaosheng
221820,Zhang Xizhe,Zhang Xizhe
221826,Li Tixiang,Li Tixiang
221827,T. Dierßen,Tim Dierßen
221831,Shin Chang Moo,Chang-moo Shin
221841,A. Armstrong,Adam James Armstrong
221844,Shao Puliang,Shao Puliang
221845,Han Rongze,Han Rongze
221846,Wang Tong,Wang Tong
221847,M. Mirahmetjan,Murahmetjan Muzepper
221850,Li Songyi,Li Songyi
221854,Wu Xinghan,Wu Xinghan
221855,Liu Binbin,Liu Binbin
221856,Luo Senwen,Luo Senwen
221860,C. Gruezo,Carlos Armando Gruezo Arboleda
221885,P. Seguin,Paul Seguin
221890,J. Fulton,Jay Fulton
221896,D. Avdijaj,Donis Avdijaj
221906,C. Donaldson,Coll Ian Donaldson
221908,L. Morgan,Lewis Morgan
221909,J. Staněk,Jindřich Staněk
221912,Kang Hyeon Mu,Hyeon-mu Kang
221919,A. Zeneli,Arbër Zeneli
221952,L. Carrizo,Lucas Eduardo Carrizo
221953,B. Whitfield,Benjamin Michael Whitfield
221955,J. Torres,Jonatán Gabriel Torres
221956,S. Pirkl,Simon Josef Alois Pirkl
221964,Wu Yake,Wu Yake
221969,F. Mladenović,Filip Mladenović
221972,Sun Jie,Sun Jie
221982,P. Roberts,Patrick John Joseph Roberts
221986,J. Hardeveld,Jeff Hardeveld
221989,F. Aliti,Fidan Aliti
221990,Y. Cabral,Yonathan Emanuel Cabral
221992,H. Lozano,Hirving Rodrigo Lozano Bahena
222028,J. Weigl,Julian Weigl
222041,L. Boyé,Lucas Ariel Boyé
222045,C. Halkett,Craig Halkett
222052,Lee Myung Jae,Myung-jae Lee
222065,J. Vélez,Jairo David Vélez Cedeño
222075,Yang He,He Yang
222077,M. Locatelli,Manuel Locatelli
222081,N. Sandberg,Niklas Sandberg
222095,C. Burton,Callum Alex David Burton
222104,T. Adarabioyo,Abdul-Nasir Oluwatosin Oluwadoyinsolami Adarabioyo
222109,C. Cadden,Christopher Cadden
222114,A. Lacey,Alexander Lawrence Lacey
222123,A. Long,Aaron Ray Long
222145,S. Ohlsson,Sebastian Jonas Ohlsson
222148,O. Duda,Ondrej Duda
222153,C. Buonaiuto,Cristian Buonaiuto
222154,B. Carvallo,Bryan Andrés Carvallo Utreras
222156,J. Bree,James Patrick Bree
222157,D. Collinge,Daniele James Collinge
222164,A. Kasperkiewicz,Arkadiusz Kasperkiewicz
222165,E. Hansson,Emil Hansson
222168,L. Salvesen,Lars-Jørgen Salvesen
222175,Yang Yihu,Yang Yihu
222179,Jin Pengxiang,Jin Pengxiang
222183,Aidi Fulangxisi,Aidi Fulangxisi
222190,Lü Peng,Lü Peng
222191,Sun Bo,Sun Bo
222192,Sun Guowen,Sun Guowen
222195,Zhao Xuebin,Zhao Xuebin
222199,Zheng Kaimu,Zheng Kaimu
222200,Liu Jiashen,Liu Jiashen
222215,P. Strand,Petter Dahle Strand
222221,A. Buzbuchi,Alexandru Buzbuchi
222227,P. Berg,Patrick Berg
222235,Ren Hang,Ren Hang
222256,T. Bishop,Edward James Bishop
222262,C. Dessers,Cyriel Kolawole Dessers
222263,N. Jackers,Nordin Jackers
222273,Jiang Zhipeng,Jiang Zhipeng
222278,Tang Miao,Tang Miao
222286,G. Lloris,Gautier Lloris
222306,Ding Haifeng,Ding Haifeng
222328,J. Bager,Jonas Valentin Bager
222329,M. Wdowiak,Mateusz Wdowiak
222331,L. Klostermann,Lukas Manuel Klostermann
222344,Sun Zheng'ao,Sun Zheng'ao
222346,Shi Ke,Shi Ke
222349,Ruan Yang,Ruan Yang
222350,Xie Pengfei,Xie Pengfei
222351,Luo Jing,Luo Jing
222352,A. Ajeti,Albian Afrim Ajeti
222355,L. Valzania,Luca Valzania
222356,L. Vásquez,Luis Erney Vásquez Caicedo
222357,B. Embolo,Breel Donald Embolo
222369,E. Smith,Eric Anders Smith
222373,L. Cabral,Luciano Javier Cabral Melgarejo
222388,Paulo Azzi,Paulo Daniel Dentello Azzi
222389,N. Haikin,Nikita Haikin
222390,Unai López,Unai López Cabrera
222396,D. Ball,Dominic Martin Ball
222399,C. Ogilvie,Connor Stuart Ogilvie
222400,H. Winks,Harry Billy Winks
222405,L. Kinsella,Liam Mark Kinsella
222411,J. Prior,Jérôme Prior
222418,N. Losada,Nahuel Hernán Losada
222428,J. Komar,Juan Cruz Komar
222429,A. Cubas,Adrián Andrés Cubas
222431,J. Storevik,Jacob Storevik
222432,Feng Gang,Feng Gang
222434,Dong Yu,Dong Yu
222435,Zhao Yuhao,Zhao Yuhao
222438,Zou Dehai,Zou Dehai
222440,Cheng Jin,Cheng Jin
222449,Cao Haiqing,Cao Haiqing
222461,Rochinha,Diogo Filipe Costa Rocha
222464,Sivera,Antonio Sivera Salvá
222467,Ivi López,Iván López Álvarez
222472,D. Granli,Daniel Fredrik Granli
222475,M. Thorsby,Morten Thorsby
222477,L. Reed,Louis Samuel Reed
222484,D. Mesenhöler,Daniel Mesenhöler
222492,L. Sané,Leroy Aziz Sané
222493,M. Friedrich,Marvin Friedrich
222501,T. Castagne,Timothy Castagne
222503,H. Isted,Harvey James Duke Isted
222509,Dani Ceballos,Daniel Ceballos Fernández
222514,F. Woodman,Frederick John Woodman
222528,L. Gooch,Lynden Jack Gooch
222540,N. Vergos,Nikolaos Vergos
222542,M. Saliakas,Manolis Saliakas
222546,L. Zingerle,Leopold Zingerle
222557,J. Glad,Justen Thomas Glad
222562,R. Rúnarsson,Rúnar Alex Rúnarsson
222572,Iván Villar,Iván Villar Martínez
222576,Pleguezuelo,Julio José Pleguezuelo Selva
222582,Kim Young Bin,Young-bin Kim
222583,T. James,Thomas Lynn James
222587,F. Escobar,Franco Nicolás Escobar
222592,Kim Dong Jin,Dong-Jin Kim
222598,Nélson Monte,Nélson Macedo Monte
222612,M. Kelly,Michael Kelly
222621,Du Jia,Du Jia
222625,N. Smith,Nathan James Smith
222636,G. Kyei,Grejohn Kyei
222639,R. Ramírez,Roberto Fabián Ramírez
222654,J. Beesley,Jake Elliott Beesley
222665,M. Ødegaard,Martin Ødegaard
222693,H. Fertoli,Héctor Hugo Fértoli
222709,Petros,Petros Matheus dos Santos Araújo
222714,C. Evans,Connor Lemonheigh-Evans
222724,M. Benson,Benson Manuel Hedilazio
222729,Gustavo,Gustavo Henrique da Silva Sousa
222734,Kang Sang Woo,Sang-woo Kang
222737,Malcom,Malcom Filipe Silva de Oliveira
222798,Jeong Woo Jae,Woo-jae Jeong
222820,E. Salles,Esteban Salles
222830,F. Grillo,Lautaro Fausto Grillo
222836,R. Ledson,Ryan Graham Ledson
222838,B. Ajdini,Bashkim Ajdini
222853,Hou Yongyong,Hou YongyongJohn Hou Sæter
222875,J. Kayembe,Joris Kayembe Ditu
222876,J. Smith,Jordan Clifford Smith
222878,T. Walker,Tyler Andrew Walker
222889,L. Acevedo,Lucas Javier Acevedo
222900,W. Hahn,Warner Lloyd Hahn
222908,S. Madejski,Sebastian Madejski
222930,T. Serbest,Tarkan Serbest
222937,B. Close,Ben Easton Close
222951,M. Rodák,Marek Rodák
222959,S. Moreo,Stefano Moreo
222982,A. Blin,Alexis Blin
222994,M. Nakamba,Marvelous Nakamba
223017,Ö. Şahiner,Ömer Ali Şahiner
223054,C. Penilla,Cristian Anderson Penilla Caicedo
223061,F. Cervi,Franco Emanuel Cervi
223064,F. Noguera,Fabián Ariel Noguera
223069,O. Sowunmi,Omar Kolawole Olufemi Sowunmi
223073,J. Muldoon,Jonathan Jack Lyndan Muldoon
223082,W. Norris,William James Norris
223085,L. Berry,Luke David Berry
223091,R. Donelon,Regan Donelon
223099,D. Churín,Diego Churín Puyo
223100,Pibe,Agustín Emanuel Pastoriza Cacabelos
223105,N. Oroz,Nicolás Adrián Oroz
223113,K. Piątek,Krzysztof Piątek
223115,P. Gladon,Paul Gladon
223134,Z. Yavru,Zeki Yavru
223137,F. Bonazzoli,Federico Bonazzoli
223138,A. Briançon,Anthony Briançon
223143,U. Garcia,Ulisses Alexandre Garcia Lopes
223150,L. Mpasi,Lionel M'Pasi N'Zau
223154,O. Tufan,Ozan Tufan
223157,A. Novakovich,Andrija Novaković
223159,R. Dickie,Robert Joseph Andrew Dickie
223174,O. Piri,Onurcan Piri
223175,O. Kocuk,Okan Kocuk
223186,J. Thomasen,Jens Jakob Dyhr Thomasen
223197,E. Ünal,Enes Ünal
223229,C. Manea,Cristian Marian Manea
223231,F. Tănase,Florin Lucian Tănase
223243,E. Aguilera,Víctor Emanuel Aguilera
223249,G. Arias,Gabriel Arias Arroyo
223253,E. Haugan,Eirik Haugan
223255,A. Witry,Aslak Fonn Witry
223273,M. Pašalić,Mario Pašalić
223283,F. Diédhiou,Famara Diédhiou
223298,Li Yuanyi,Li Yuanyi
223302,Samu,Fábio Samuel Amorim da Silva
223307,J. Kubicki,Jarosław Kubicki
223334,Joelinton,Joelinton Cassio Apolinário de Lira
223335,L. Diarte,Lucas Martín Diarte
223344,Wei Shihao,Wei Shihao
223355,A. Mateiu,Alexandru Mateiu
223370,M. Engels,Mario Engels
223373,L. Maguire,Laurence Henry Maguire
223379,O. Johansson Schellhas,Oscar Nils Per Johansson Schellhas
223381,M. Demetriou,Michael David Demetriou
223402,E. Taşdemir,Emre Taşdemir
223426,B. Zech,Benedikt Zech
223427,L. Jäger,Lukas Jäger
223489,A. Pešić,Aleksandar Pešić
223498,E. Cecchini,Rodrigo Emanuel Cecchini
223501,A. Spörle,Adrián Marcelo Spörle
223510,A. Mendy,Alexandre Mendy
223524,E. Goldaniga,Edoardo Goldaniga
223550,J. Omlin,Jonas Omlin
223558,N. Ratti,Kevin Nicolás Ratti Fredes
223566,W. Dammers,Wessel Dammers
223571,Guille Vallejo,Guillermo Vallejo Delgado
223573,M. Mohand Mohamedi,Munir Mohand Mohamedi El Kajoui
223578,Mata,Jaime Mata Arnaiz
223593,J. Correa,Marcelo Javier Correa
223597,R. Aguilar,Ruben Aguilar
223603,F. Bredlow,Fabian Bredlow
223618,H. Boumous,Hugo Adnan Boumous
223627,O. Al Somah,Omar Jehad Al Somah
223629,S. Al Amri,Saleh Al Jamaan Al Amri
223633,L. Paçarada,Leart Shukri Paqarada
223637,A. Polo,Andy Jorman Polo Andrade
223641,T. Baumgartl,Timo Baumgartl
223663,B. Spittal,Blair Spittal
223671,S. Posch,Stefan Posch
223676,R. Renner,René Renner
223678,D. Slamar,Dennis Slamar
223680,M. Schuster,Marco Schuster
223685,O. Rivero,Raúl Octavio Rivero Falero
223686,T. Wellenreuther,Timon Janis Wellenreuther
223689,W. Weghorst,Wout François Maria Weghorst
223694,E. Marxen,Erik Marxen
223696,M. Hamdaoui,Mohamed Hamdaoui
223697,R. Gosens,Robin Everardus Gosens
223710,V. Muriqi,Vedat Muriqi
223717,D. Toköz,Dorukhan Toköz
223724,S. Lainer,Stefan Lainer
223727,C. MacGillivray,Craig Brodie MacGillivray
223740,Eguaras,Íñigo Eguaras Álvarez
223746,G. Stewart,Greg Alexander James Stewart
223747,S. Kingsley,Stephen Kingsley
223751,G. Jung,Gideon Jung
223755,M. Ritter,Marlon Ritter
223756,M. Schulz,Marvin Schulz
223760,A. Singh,Amrinder Ranjit Singh
223763,S. Jhingan,Sandesh Jhingan
223779,D. Szymański,Damian Dawid Szymański
223790,S. Becker,Sheraldo Rudi Becker
223810,G. Maris,George Thomas Maris
223813,D. van Bruggen,Damian van Bruggen
223814,D. Mirani,Damon Mirani
223816,J. Rodríguez,Jonathan Javier Rodríguez Portillo
223818,João Afonso,João Ricardo da Silva Afonso
223827,J. McDonnell,Joseph Patrick McDonnell
223848,S. Milinković-Savić,Sergej Milinković-Savić
223852,F. Rawson,Farrend James Rawson
223853,Agus Medina,Agustín Medina Delgado
223861,S. Crone,Svenn Crone
223866,S. Lovrič,Sandi Lovrić
223868,T. Schützenauer,Tobias Schützenauer
223871,D. Armstrong,Daniel Armstrong
223874,V. Rongier,Valentin Rongier
223877,D. Furlong,Darnell Anthony Furlong
223880,P. Lemonnier,Pierre Lemonnier
223885,A. Nübel,Alexander Nübel
223898,P. Bernardoni,Paul Jean François Bernardoni
223902,T. Pett,Thomas George Pett
223905,P. Ng,Perry Tian Hee Ng
223907,P. Johansson,Piotr Johansson
223909,A. Palmer,Alexander Palmer
223918,B. Comley,Brandon Comley
223925,A. Brunst,Alexander Brunst-Zöllner
223926,S. Bastien,Samuel Christopher Bastien
223931,H. Matthys,Hervé Jean Matthys
223933,G. Nilsson,Håkan Gustaf Nilsson
223940,M. Southam-Hales,Macauley Anthony Southam-Hales
223952,David Soria,David Soria Solís
223957,L. Pirard,Lucas Frédéric Pirard
223959,L. Torreira,Lucas Sebastián Torreira di Pascua
223963,C. Humphreys,Cameron Lisceous Humphreys-Grant
223968,V. Vasić,Vaso Vasić
223969,J. Jones,James Charles Jones
223977,A. Nemane,Aaron Evans Nemane
223978,Manu García,Manuel García Alonso
223979,Paolo Fernandes,Paolo Fernándes Cantin
223981,M. Clark,Max Oliver Clark
223988,L. Ward,Lewis Moore Ward
223998,Jon García,Jon García Herrero
224003,Sergio Herrera,Sergio Herrera Pirón
224013,Sergi Canós,Sergi Canós Tenés
224017,M. Williams,Michael Jordan Williams
224019,Pedro Chirivella,Pedro Chirivella Burgos
224030,M. Lopez,Maxime Baila Lopez
224031,A. Marušić,Adam Marušić
224041,M. Schwäbe,Marvin Schwäbe
224049,N. Breitenbruch,Néstor Adriel Breitenbruch
224057,A. Farías,Carlos Agustín Farías
224062,P. Dziczek,Patryk Dziczek
224067,J. Tverskov,Jeppe Theis Tverskov
224068,H. Konaté,Yored Hillel Konaté
224069,K. Toko Ekambi,Karl Louis Brillant Toko Ekambi
224081,K. Phillips,Kalvin Mark Phillips
224093,M. Komenda,Marco Komenda
224094,J. Bachmann,Janik Jay Bachmann
224099,L. Coyle,Lewie Jacob Coyle
224104,D. Martínez,Damián Alberto Martínez
224115,Ricardinho,Ricardo José Veiga Varzim Miranda
224130,J. Vickers,Joshua Anthony Vickers
224142,C. Henao,Carlos Alberto Henao Sánchez
224146,Jesús Imaz,Jesús Imaz Ballesté
224158,S. Amrabat,Sofyan Amrabat
224163,A. Verschueren,Arno Verschueren
224179,Borja Iglesias,Borja Iglesias Quintas
224185,C. Leemans,Clint Leemans
224186,J. de Wijs,Jordy de Wijs
224188,T. Mokwa,Tomasz Mokwa
224189,Y. Barbet,Yoann Barbet
224196,R. Bensebaini,Ramy Bensebaini
224211,S. Mmaee,Samy Mmaee A Nwambeben
224213,T. Ebuehi,Tyronne Efe Ebuehi
224221,J. Andersen,Joachim Christian Andersen
224225,A. Phillips,Adam Lee Phillips
224232,N. Barella,Nicolò Barella
224238,W. Boyle,William Sam Douglas Harry Boyle
224241,N. Olij,Nick Olij
224251,R. Zentner,Robin Zentner
224252,P. Pflücke,Patrick Pflücke
224258,K. Ajer,Kristoffer Vassbakk Köpp Ajer
224263,J. Kenny,Jonjoe Kenny
224265,J. Williams,Joseph Michael Williams
224267,F. Varesi-Strauss,Fabio Strauss
224271,T. Goiginger,Thomas Goiginger
224293,Rúben Neves,Rúben Diogo da Silva Neves
224294,L. Cook,Lewis John Cook
224297,A. Gersbach,Alexander Joseph Gersbach
224301,K. Świderski,Karol Grzegorz Świderski
224302,M. Wieteska,Mateusz Wieteska
224305,Iván Calero,Iván Calero Ruiz
224307,T. Watson,Tennai Rosharne Watson
224309,Joan Jordán,Joan Jordán Moreno
224317,J. Cabrera,Marcelo Javier Cabrera Rivero
224322,K. Haug,Christian Kjetil Haug
224324,O. Zawada,Oskar Zawada
224330,N. Stefanelli,Nicolás Marcelo Stefanelli
224334,M. Acuña,Marcos Javier Acuña
224336,T. Romanczuk,Taras Wiktorowycz Romanczuk
224348,L. Hoyos,Lucas Adrián Hoyos
224361,A. Cannon,Andrew Francis Cannon
224371,J. Bowen,Jarrod Bowen
224378,M. Bani,Mattia Bani
224389,J. Larsson,Carl Henrik Jordan Larsson
224394,Fábio Martins,Fábio Santos Martins
224395,B. Bahn,Heinrich Bentley Baxter Bahn
224396,Y. Gómez Andrade,Yeimar Pastor Gómez Andrade
224403,G. Alanís,Gabriel Gustavo Alanís
224411,Guedes,Gonçalo Manuel Ganchinho Guedes
224415,Luis Rioja,Luis Jesús Rioja González
224421,M. Reinthaler,Maximilian Reinthaler
224422,J. Boga,Jérémie Boga
224423,M. Wittek,Maximilian Wittek
224424,R. Neudecker,Richard Neudecker
224425,M. Wolf,Marius Wolf
224426,N. Bürgy,Nicolas Sandro Bürgy
224428,J. Otero,Juan Ferney Otero Tovar
224430,D. Chessa,Dennis Chessa
224438,A. Buksa,Adam Buksa
224440,J. Pollersbeck,Julian Pollersbeck
224442,B. Kamara,Bingourou Kamara
224444,H. Belkebla,Haris Belkebla
224447,G. Jones,Gethin Wynne Jones
224461,W. Montoya,Walter Iván Alexis Montoya
224466,Ba Dun,Ba Dun
224470,He Chao,He Chao
224475,Dong Chunyu,Dong Chunyu
224483,M. Greve,Mathias Greve
224488,F. Soyalp,Furkan Soyalp
224490,Z. Çelik,Mehmet Zeki Çelik
224491,C. Ortag,Christian Ortag
224494,R. Henry,Rico Antonio Henry
224504,I. Poblete,Israel Elías Poblete Zúñiga
224508,L. Mancuso,Leonardo Mancuso
224510,W. Bou,Walter Ariel Bou
224511,E. Bonifacio,Ezequiel Augusto Bonifacio Moreno
224518,T. Ciğerci,Tolcay Ciğerci
224520,R. Kent,Ryan Kent
224524,E. Burgos,Esteban Rodrigo Burgos
224538,Pedro Nuno,Pedro Nuno Fernandes Ferreira
224540,E. Boateng,Emmanuel Okyere Boateng
224543,M. Stryjek,Maksymilian Stryjek
224544,Zhao Honglue,Zhao Honglüe
224546,Wang Jinxian,Wang Jinxian
224549,Yue Xin,Yue Xin
224550,Wang Yaopeng,Wang Yaopeng
224555,Xu Jiamin,Xu Jiamin
224556,Rao Weihui,Rao Weihui
224558,Yu Rui,Yu Rui
224562,Gan Chao,Gan Chao
224574,O. Pineda,Orbelín Pineda Alvarado
224590,J. Benet,Jessy Bénet
224591,Y. Bodiger,Yann Yves Laurent Bodiger
224599,Yan Junling,Yan Junling
224602,Zhang Wei,Zhang Wei
224604,Wang Shenchao,Wang Shenchao
224611,Lü Wenjun,Lü Wenjun
224615,Zheng Dalun,Zheng Dalun
224616,Li Shenglong,Li Shenglong
224618,Lin Chuangyi,Lin Chuangyi
224624,Fu Huan,Fu Huan
224631,Yang Shiyuan,Yang Shiyuan
224633,He Guan,He Guan
224648,Li Lei,Li Lei
224656,O. Aina,Temitayo Olufisayo Olaoluwa Aina
224661,A. Borgmann,Axel Borgmann
224662,M. Multhaup,Maurice Michael Multhaup
224667,Yang Kuo,Yang Kuo
224669,Yin Hongbo,Yin Hongbo
224674,Wang Jianan,Wang Jia'nan
224675,Zhong Jinbao,Zhong Jinbao
224677,Bi Jinhao,Bi Jinhao
224685,Zhang Xiaobin,Zhang Xiaobin
224690,Li Ang,Li Ang
224692,Liao Chengjian,Liao Chengjian
224701,Zhang Yudong,Zhang Yudong
224702,Liu Dianzuo,Liu Dianzuo
224718,T. Antalyalı,Taylan Antalyalı
224724,T. Bingöl,Tayfur Bingöl
224761,T. Loska,Tomasz Loska
224763,K. Bielik,Krystian Bielik
224793,B. Wembangomo,Brice Wembangomo
224817,R. Barrios,Rafael Victoriano Barrios
224821,S. Rouiller,Steve Rouiller
224836,V. Milinković-Savić,Vanja Milinković-Savić
224841,K. Diks,Kevin Diks Bakarbessy
224842,G. Docherty,Greg Alexander Docherty
224846,K. Kotsaris,Konstantinos Kotsaris
224854,L. Passerini,Lucas Giuliano Passerini
224855,G. Byers,George William Byers
224874,A. Pellegrino,Amahl William D'Vaz Pellegrino
224882,A. Ribelin,Anthony Ribelin
224883,S. Mounié,Steve Michel Mounié
224885,Guilherme Sityá,Guilherme Haubert Sityá
224890,Miguel Cardoso,Miguel Felipe Nunes Cardoso
224915,S. Wright,Scott Wright
224921,Adrián Marín,Adrián Marín Gómez
224925,G. Gaudino,Gianluca Gaudino
224933,K. Lasagna,Kevin Lasagna
224947,D. Grimshaw,Daniel James Grimshaw
224956,D. Crowley,Daniel Crowley
224959,A. Al Khaibary,Abdulrahman Al Khaibary
224962,M. Al Kuwaykibi,Mohammed Marzouq Al Kuwaykibi Al Ruwaili
224967,M. Sylla,Mamadou Sylla Diallo
224970,J. Dompé,Jean-Luc Mamadou Diarra Dompé
224977,A. Micai,Alessandro Micai
224980,M. Busch,Marnon-Thomas Busch
224981,Gregorio Sierra,Gregorio Sierra Pérez
224982,A. Palumbo,Antonio Palumbo
224987,I. Provedel,Ivan Provedel
224996,F. Belli,Francesco Belli
225001,K. Wootton,Kyle Leon Wootton
225014,G. Castrovilli,Gaetano Castrovilli
225026,E. Björkander,Nils Eric Roland Björkander
225028,N. Radoja,Nemanja Radoja
225037,M. Pisseri,Matteo Pisseri
225051,B. Warland,Benjamin Andrew Warland
225053,L. Rose,Liam Joseph Rose
225054,A. Kalik,Anthony Kalik
225071,B. Whiteman,Benjamin Whiteman
225072,Z. Vyner,Zachary George Onyego Vyner
225075,J. Günther-Schmidt,Julian Günther-Schmidt
225077,S. Fet,Sondre Brunstad Fet
225085,J. Bamba,Jonathan Bamba
225087,F. Al Sagour,Fawaz Khrees Al Sqoor
225100,J. Gomez,Joseph Dave Gomez
225106,Jorge Sáenz,Jorge Sáenz de Miera Colmeiro
225116,A. Meret,Alex Meret
225117,N. Haas,Nicolas Thibault Haas
225125,H. Anderson,Harry John Anderson
225126,E. Skhiri,Ellyes Joris Skhiri
225133,M. Maigaard,Mikkel Maigaard Jakobsen
225134,A. Bass,Alexander Michael Bass
225147,C. Roberts,Connor Richard John Roberts
225149,J. Butez,Jean Butez
225152,R. Mühren,Robert Mühren
225161,Vallejo,Jesús Vallejo Lázaro
225166,X. Lenogue,Xavier Lenogue
225174,D. Louiserre,Dylan Louiserre
225189,S. Bastoni,Simone Bastoni
225193,Mikel Merino,Mikel Merino Zazón
225195,A. Al Harajin,Abdulhadi Radan Al Harajin
225200,Kike Barja,Enrique Barja Alfonso
225201,Berenguer,Alejandro Berenguer Remiro
225203,L. Kelly,Liam Patrick Kelly
225204,Raúl Guti,José Raúl Gutiérrez Parejo
225206,K. Narey,Khaled Narey
225213,G. Singh Sandhu,Gurpreet Singh Sandhu
225237,J. Ouro Ortmark,Jacob Åke Stefan Ortmark
225245,R. Coughlan,Ronan Liam Coughlan
225251,J. Soltvedt,Joachim Soltvedt
225263,D. Ćaleta-Car,Duje Ćaleta-Car
225266,M. Rasmussen,Mathias Knutsen Rasmussen
225270,I. Jeraldino,Ignacio Alejandro Jeraldino Jil
225273,M. Thychosen,Mads Døhr Thychosen
225279,C. McGrandles,Conor McGrandles
225280,D. Mitov,Dimitar Mitov
225282,J. Devecchi,José Antonio Devecchi
225289,N. Fernández,Nicolás Emanuel Fernández
225293,H. Diallo,Habibou Mouhamadou Diallo
225309,N. Amiri,Nadiem Amiri
225310,B. Thompson,Ben Rhys Thompson
225316,J. Hendry,Jack William Hendry
225317,K. Nisbet,Kevin Nisbet
225342,J. Stevens,Jack Alexander Stevens
225361,L. McGee,Luke Paul McGee
225375,K. Laimer,Konrad Laimer
225381,J. Petriccione,Jacopo Petriccione
225383,H. Charsley,Henry William James Charsley
225395,Ezkieta,Jokin Ezkieta Mendiburu
225396,B. Ampuero,Erwin Branco Ampuero Vera
225403,İ. Kahveci,İrfan Can Kahveci
225406,J. Talbot,James Anthony Talbot
225410,A. Masina,Adam Masina
225428,F. Gerli,Fabio Gerli
225432,D. Sommariva,Daniele Sommariva
225439,R. Mandragora,Rolando Mandragora
225441,K. Palmer,Kasey Remel Palmer
225475,Hernani,Hernani Azevedo Júnior
225478,Sai Erjiniao,Sérgio Antônio Soler de Oliveira Junior
225487,H. Kuruçay,Hasan Kuruçay
225498,L. Sutton,Jack Levi Sutton
225508,E. Bailly,Eric Bertrand Bailly
225509,A. Collins,Aaron Graham John Collins
225511,C. Trueman,Connal Joe Trueman
225523,Lekue,Iñigo Lekue Martínez
225532,I. Cissé,Ibrahim Cissé
225533,C. Bedia,Chris Vianney Bedia
225536,R. Corlu,Rezan Çorlu
225539,D. Solanke,Dominic Ayodele Solanke-Mitchell
225543,B. Collins,Bradley Ray Collins
225555,A. Oğuz,Ahmet Oğuz
225557,R. Poole,Regan Leslie Poole
225589,J. Kerr,Jason Kerr
225591,L. Suárez,Leonardo Gabriel Suárez
225600,A. Al Ammar,Abdullah Khalid Mohammed Al Ammar
225625,K. Vincent-Young,Kane Benjamin Vincent-Young
225629,T. Valls,Théo Valls
225632,O. Burke,Oliver Jasen Burke
225636,L. Boeder,Lukas Boeder
225647,M. Campaña,Martín Nicolás Campaña Delgado
225650,T. King,Thomas Lloyd King
225653,G. Kerk,Gyrano Emilio Kerk
225654,J. Düker,Julius Düker
225659,G. Rodríguez,Guido Rodríguez
225663,A. Golovin,Aleksandr Golovin
225667,C. Chaplin,Conor Mark Chaplin
225668,K. Grant,Karlan Ahearne-Grant
225669,K. Ehizibue,Kingsley Osezele Ehizibue
225674,D. Fernández,Diego Nicolás Fernández Castro
225679,L. Cangá,Luis David Cangá Sánchez
225682,M. Pineida,Mario Alberto Pineida Martínez
225685,E. Koffi,Erwin Koffi
225692,M. Bader,Matthias Bader
225696,Murilo,Murilo de Souza Costa
225699,Anuar,Anuar Mohamed Tuhami
225701,P. Gallese,Pedro David Gallese Quiroz
225706,M. Trauco,Miguel Ángel Trauco Saavedra
225714,F. Anselmo,Federico Marcelo Anselmo
225719,K. Iheanacho,Kelechi Promise Iheanacho
225720,G. Bijl,Glenn Bijl
225733,Cesinha,César Fernando Silva dos Santos
225734,C. Hamilton,Christopher Nathan Hamilton
225735,D. Baumann,Dominic Baumann
225738,Kuki Zalazar,José Luis Zalazar Martínez
225739,Jin Yangyang,Jin Yangyang
225740,Dong Yanfeng,Dong Yanfeng
225748,T. Cantwell,Todd Owen Cantwell
225751,A. Oxborough,Aston Jay Oxborough
225757,M. Burgess,Max Barry Burgess
225766,H. Keto,Hugo Oliver Keto
225769,G. Dobson,George David Dobson
225772,K. Green,Kieran Thomas Green
225775,M. Bola,Marc Joel Bola
225779,B. Sheaf,Benjamin David Sheaf
225782,A. Maitland-Niles,Ainsley Cory Maitland-Niles
225783,S. Mavididi,Stephy Alvaro Mavididi
225785,C. Willock,Christopher Anthony Willock
225793,B. Godfrey,Benjamin Matthew Godfrey
225809,E. Restrepo,Edisson Restrepo Perea
225811,M. Moreno,Marlos Moreno Durán
225844,D. Verde,Daniele Verde
225849,M. Dittgen,Maximilian Dittgen
225853,R. Raveloson,Rayan Ny Aina Arnaldo Raveloson
225855,A. Bobichon,Antonin Bobichon
225858,M. Ledesma,Marcos Ignacio Ledesma
225859,M. Niakhaté,Moussa Niakhaté
225863,O. Boscagli,Olivier Maxime Boscagli
225867,V. Adeboyejo,Ayomide Victor Adeboyejo
225868,David Gil,David Gil Mohedano
225872,J. McGrath,Jamie McGrath
225873,R. Feely,Rory Michael Feely
225878,C. Domínguez,Cecilio Andrés Domínguez Ruiz
225910,M. López Quintana,Mario Federico López Quintana
225922,M. Shelton,Mark John Shelton
225926,Pere Milla,Pere Milla Peña
225927,Q. Lecoeuche,Quentin Lecoeuche
225931,M. Duelund,Mikkel Duelund Poulsen
225948,R. Lauritsen,Rasmus Steensbæk Lauritsen
225951,D. Bouanga,Denis Athanase Bouanga
225953,S. Bergwijn,Steven Charles Bergwijn
225956,B. Akintola,Babajide David Akintola
225974,S. McKenna,Scott Fraser McKenna
225976,S. Mandash,Sultan Ahmed Mohammed Mandash
225993,O. Sail,Oliver Steven Edward Sail
225995,P. Stojanović,Petar Stojanović
225996,E. Janža,Erik Janža
225998,A. McEneff,Aaron McEneff
226006,C. Horgan,Colm Horgan
226012,R. Manning,Ryan Phelim Manning
226018,K. Tshimanga,Kabongo Tshimanga
226021,Guo Hao,Guo Hao
226035,J. Morris,Jordan Perry Morris
226044,R. Vargas,Rodrigo Mauricio Vargas Castillo
226045,J. Gallardo,Jesús Daniel Gallardo Vasconcelos
226050,C. Teuchert,Cedric Teuchert
226084,R. Hardie,Ryan Hardie
226087,Víctor García,Víctor García Marín
226093,C. Adams,Ché Zach Everton Fred Adams
226096,Rômulo,Rômulo Jose Pacheco da Silva
226102,C. Dunkley,Cheyenne Armani Keanu Roma Dunkley
226103,Akieme,Sergio Akieme Rodríguez
226108,F. Romagna,Filippo Romagna
226110,N. Pépé,Nicolas Pépé
226116,R. Sweeney,Ryan Joseph Sweeney
226129,J. Gorenc Stanković,Jon Gorenc Stankovič
226130,F. Miguel,Florian Jérémie Miguel
226151,Iago Maidana,Iago Justen Maidana Martins
226157,Javi Muñoz,Javier Muñoz Jiménez
226161,Marcos Llorente,Marcos Llorente Moreno
226162,E. Buendía,Emiliano Buendía Stati
226166,N. Mukiele,Nordi Mukiele Mulere
226167,J. Dehm,Jannik Dehm
226168,M. Eggestein,Maximilian Eggestein
226170,E. Amor,Emiliano Javier Amor
226172,L. Mandeville,Liam Mandeville
226181,H. Al Jayzani,Hamad Sulaiman Al Jayzani
226182,Sui Weijie,Sui Weijie
226197,Feng Jin,Feng Jin
226205,Ć. Suljić,Ćazim Suljić
226220,M. Rodríguez,José Guillermo Rodríguez
226221,Aritz Elustondo,Aritz Elustondo Irribaria
226226,G. Lo Celso,Giovani Lo Celso
226227,L. Landriel,Leonardo Emanuel Landriel
226229,T. Kehrer,Jan Thilo Kehrer
226259,L. Andrenacci,Lorenzo Andrenacci
226260,A. Cistana,Andrea Cistana
226268,F. Dimarco,Federico Dimarco
226271,Fabián Ruiz,Fabián Ruiz Peña
226286,G. Ávalos,Gabriel Ávalos Stumpfs
226295,B. Boutobba,Bilal Boutobba
226296,Ye Chugui,Ye Chugui
226300,U. Çakır,Uğurcan Çakır
226356,M. Fares,Mohamed Salim Fares
226370,André Horta,André Filipe Luz Horta
226376,Kaku,Alejandro Sebastián Romero Gamarra
226377,G. Martínez,Gonzalo Nicolás Martínez
226378,R. Ábila,Ramón Darío Ábila
226380,Hwang Hee Chan,Hee-chan Hwang
226385,C. Espinoza,Cristian Omar Espinoza
226386,L. Sosa,Luca Alexander Sosa
226393,N. Pelaitay,Nicolás Franco Pelaitay
226395,M. Covea,Michael O'Neal Covea Uzcátegui
226401,K. Dowell,Kieran O'Neill Dowell
226411,C. Paz,Cristian Ignacio Paz
226414,M. Coco,Marcus Regis Coco
226419,F. Sambueza,Fabián Héctor Sambueza
226429,A. Coote,Alistair Coote
226430,S. Hakšabanović,Sead Hakšabanović
226431,Leonardo Lopes,Leonardo Adelino da Silva Lopes
226436,H. ter Avest,Hidde Willem ter Avest
226447,S. Echeverría,Santiago Echeverría
226456,Fornals,Pablo Fornals Malla
226468,A. Favilli,Andrea Favilli
226486,C. González,César Alejandro González Ramírez
226491,K. Tierney,Kieran Tierney
226495,Sergio Santos,Sergio Henrique Santos Gomes
226506,K. Mets,Karol Mets
226507,J. Yates,Jerry Arron Yates
226508,G. Taylor,Greg John Taylor
226510,D. Grétarsson,Daníel Leó Grétarsson Schmidt
226514,D. Harvie,Daniel William Harvie
226515,Andrei Girotto,Andrei Girotto
226517,H. Hajradinović,Haris Hajradinović
226518,A. Milić,Antonio Milić
226523,F. Brorsson,Franz Denniz Brorsson
226537,V. Janssen,Vincent Petrus Anna Sebastiaan Janssen
226539,Y. Namli,Younes Namli
226561,J. McMillan,Jack McMillan
226568,I. Hagi,Ianis Hagi
226579,A. Zendejas,Alejandro Zendejas Saavedra
226583,S. Papagiannopoulos,Sotirios Papagiannopoulos
226584,P. Aránguiz,Pablo Mauricio Aránguiz Salazar
226616,J. Galván,Jonathan Sebastián Galván
226627,T. Minamino,Takumi Minamino
226633,C. Gravius,Christos Emil Gravius
226651,Kim Min Hyeok,Min-hyuk Kim
226652,Park Yong Woo,Yong-woo Park
226656,E. Gertmonas,Edvinas Gertmonas
226662,B. Nieuwkoop,Bart Nieuwkoop
226671,F. Fattori,Federico Fattori Mouzo
226675,F. Lanzillotta,Federico Vicente Lanzillotta
226677,J. Bacuna,Juninho Gracielo Bacuna
226686,M. Christiansen,Max Christiansen
226705,D. Atanga,David Dona Atanga
226710,G. Scamacca,Gianluca Scamacca
226720,Witi,Witiness Chimoio João Quembo
226730,F. Lescano,Facundo Lescano
226737,J. Palacios,Jeisson Andrés Palacios Murillo
226753,A. Onana,André Onana
226754,I. Bennacer,Ismaël Bennacer
226765,L. Gamba,Lucas Emanuel Gamba
226766,Daniel Podence,Daniel Castelo Podence
226772,J. Laso,Joaquín Marcelo Laso
226777,C. Larin,Cyle Christopher Larin
226781,K. Shelton,Khiry Lamar Shelton
226786,A. Bono,Alexander Nicholas Bono
226789,A. Fulgini,Angelo Fulgini
226790,W. Ndidi,Onyinye Wilfred Ndidi
226791,T. Moore,Taylor David Moore
226793,M. Polster,Matthew Ryan Polster
226797,V. Malcorra,Víctor Ignacio Malcorra
226798,M. Martínez,Mauricio Leonel Martínez
226803,T. Parker,Timothy Ryan Parker
226804,J. Papaleo,Joaquín Matías Papaleo
226807,C. Roldan,Cristian Roldán
226838,Wang Guoming,Wang Guoming
226851,B. Pavard,Benjamin Pavard
226853,J. St. Juste,Jeremiah Israël St. Juste
226855,D. Franco,Daniel Alejandro Franco
226866,Dálcio,Euciodálcio Gomes
226877,Ivo Rodrigues,Ivo Tiago dos Santos Rodrigues
226958,Ronivaldo,Ronivaldo Bernardo Sales
227040,S. Cosgrove,Sam Benjamin Cosgrove
227050,T. Erlandsson,Tim Anders Junior Erlandsson
227055,Gelson Martins,Gelson Dany Batalha Martins
227082,D. Markey,Darragh Markey
227127,Álex Remiro,Alejandro Remiro Gargallo
227148,F. Bonansea,Federico Bonansea
227154,S. Britos,Sebastián Javier Britos Rodríguez
227174,M. Cash,Matthew Stuart Cash
227182,A. Breslin,Anthony Breslin
227186,A. Batalla,Augusto Martín Batalla Barga
227222,F. Guilbert,Frédéric Guilbert
227232,F. Sotoca,Florian Sotoca
227234,L. Tousart,Lucas Simon Pierre Tousart
227236,A. Zambo Anguissa,André-Frank Zambo Anguissa
227274,D. Barbona,David Matías Barbona
227278,G. Berggren,Karl Gustav Vilhelm Berggren
227288,J. Flores,Jordan Michael Flores
227290,M. Dmitrović,Marko Dmitrović
227362,S. Rosted,Sigurd Rosted
227370,M. Zetterer,Michael Zetterer
227394,C. González,Carlos Gabriel González Espinola
227427,A. Aliev,Alibek Aliev
227477,F. Altamirano,Facundo Altamirano
227503,J. Larsen,Jacob Bruun Larsen
227508,Melero,Gonzalo Julián Melero Manzanares
227509,E. Ómarsson,Elías Már Ómarsson
227511,N. Rapp,Nicolai Rapp
227520,T. Salquist,Tobias Frank Salquist Nielsen
227527,Fábio Abreu,Fábio Gonçalves Abreu
227528,B. Romero,Braian Ezequiel Romero
227529,M. Hudson,Mathew Anthony Hudson
227535,R. Bentancur,Rodrigo Bentancur Colmán
227537,H. Veerman,Hendrik Andreas Jacobus Veerman
227549,R. Arias,Ramón Ginés Arias Quinteros
227550,D. Viera,Diego Francisco Viera Ruiz Díaz
227558,J. Siebatcheu,Theoson-Jordan Siebatcheu
227560,J. Soto,Jorge Iván Soto Botero
227561,S. Buș,Sergiu Florin Buş
227562,L. Haraslín,Lukáš Haraslín
227570,L. Steacy,Lee Steacy
227584,D. Melnjak,Dario Melnjak
227591,A. Canelo,Pedro Alexis Canelo
227594,J. Obrian,Jáder Rafael Obrian Arias
227616,A. Wichne,Amund Wichne
227622,S. Spierings,Stijn Spierings
227632,Jeon Min Gwang,Min-kwang Jeon
227647,M. Mittelstädt,Maximilian Mittelstädt
227653,E. Edwards Jr.,Earl William Edwards Jr.
227655,M. Dugandžić,Marko Dugandžić
227659,Kim Jin Kyu,Jin-gyu Kim
227667,I. Mbenza,Isaac Mbenza
227678,E. Konsa,Ezri Konsa Ngoyo
227679,A. McDonnell,Adam Patrick McDonnell
227682,G. Lapslie,George Robert Lapslie
227686,K. Anderson,Keshi Stuart Oluyinka Adetokunboh Anderson
227688,K. Al Muqaytib,Khaled Al Muqaitib
227689,K. Mrabti,Abdallah Kerim Mrabti
227706,J. Hromada,Jakub Hromada
227738,L. Klemenz,Lukas Klemenz
227740,D. Arboleda,Danilo Arboleda Hurtado
227758,S. Murray,Simon Murray
227759,C. Miller,Calvin Miller
227760,A. Nesbitt,Aidan Robert Nesbitt
227764,J. Jones,Jodi Jay Felice Jones
227772,G. Giménez,Gastón Claudio Giménez
227787,Kim Jong Woo,Jong-woo Kim
227788,Ahn Hyun Beom,Hyun-beom Ahn
227790,Jeong Seung Hyun,Seung-hyun Jung
227791,Lee Tae Hee,Tae-hee Lee
227794,C. Verdonk,Calvin Ronald Verdonk
227796,C. Pulisic,Christian Mate Pulišić
227806,D. Barlaser,Daniel Tan Barlaser
227813,O. Zinchenko,Oleksandr Zinchenko
227819,Samuel Portugal,Samuel Portugal Lima
227835,T. Tekie,Tesfaldet Simon Tekie
227836,E. Lindell,Erik Kristian Lindell
227837,H. Rönnlöf Castegren,Sven Henrik Olof Castegren
227847,M. James,Manjrekar James
227855,B. Sabovic,Besard Šabović
227859,Jeong Hyun Cheol,Hyeon-cheol Jeong
227866,P. Kirkevold,Pål Alexander Kirkevold
227881,S. McWilliams,Shaun Daniel McWilliams
227882,S. Leach Holm,Samuel Ruben Leach Holm
227884,B. Osayi-Samuel,Bright Osayi-Samuel
227890,Nuno Santos,Nuno Miguel Gomes dos Santos
227900,N. Tripichio,Nicolás Martín Tripichio
227909,J. McCarthy,John McCarthy
227911,R. Leal,Randall Enrique Leal Arley
227916,D. Flores,Deybi Aldair Flores Flores
227927,K. Walker-Peters,Kyle Leonardus Walker-Peters
227928,Nélson Semedo,Nélson Cabral Semedo
227929,R. Wintle,Ryan Frank Wintle
227932,L. Fröde,Lukas Thomas Fröde
227945,S. Findlay,Stuart John Findlay
227947,R. Hendry,Regan Hendry
227948,F. Kelleher,Fiacre Blane Kelleher
227951,J. McCart,Jamie Daniel McCart
227961,J. Robson,Jamie David Robson
227966,M. Sarr,Mouhamadou Fallou Mbacke Sarr
227969,Zhao Shi,Zhao Shi
227970,Wang Peng,Wang Peng
227978,M. Mehlem,Marvin Mehlem
227982,Jang Yun Ho,Yun-ho Jang
227995,L. Walsh,Liam Walsh
227998,D. Badji,Dominique Badji
228007,Lee Yeong Jae,Yeong-jae Lee
228010,Hwang In Beom,In-beom Hwang
228017,Zhang Yuning,Zhang Yuning
228033,Chi Zhongguo,Chi Zhongguo
228047,Cao Yongjing,Cao Yongjing
228058,L. Gugganig,Lukas Josef Gugganig
228076,Yang Zexiang,Yang Zexiang
228077,Wang Qiuming,Wang Qiuming
228080,F. Passlack,Felix Passlack
228082,D. Burnić,Dženis Burnić
228092,S. Berge,Sander Gard Bolin Berge
228093,M. Thuram,Marcus Lilian Thuram-Ulien
228101,G. Cotugno,Guillermo Gastón Cotugno Lima
228106,P. O'Connor,Padhraic John O'Connor
228108,K. Brouder,Killian Brouder
228111,R. Curtis,Ronan Curtis
228120,K. Paal,Kenneth Paal
228130,Oh Seung Hoon,Seung-hoon Oh
228134,P. McClean,Patrick McClean
228136,J. Castro,Joan Sebastián Castro Dinas
228145,F. Hormazábal,Fabián Marcelo Hormazábal Berríos
228148,R. Hepburn-Murphy,Rushian Marcus Amari Hepburn-Murphy
228151,J. Cullen,Joshua Jon Cullen
228153,J. Powell,Joe James Powell
228171,C. Ikonomidis,Christopher James Ikonomidis
228174,C. Carter-Vickers,Cameron Robert Carter-Vickers
228176,Joo Hyeon Woo,Hyun-woo Ju
228179,A. Castro,Alexis Castro
228188,P. Kotal,Pritam Kotal
228191,J. Aspropotamitis,Jonathan Aspropotamitis
228194,M. Dessai,Mandar Rao Dattarao Dessai
228195,P. Das,Prabir Das
228199,H. Narzary,Halicharan Narzary
228210,L. Jackson,Lachlan Robert Tua Jackson
228211,E. Ramírez,Eric Iván Jesús Ramírez
228212,A. Helmersen,Andreas Klausen Helmersen
228225,W. Harding,Wesley Nathan Hylton Harding
228231,A. Aguilar,Alfredo Ariel Aguilar
228238,J. Gundersen,Jostein Maurstad Gundersen
228243,N. Loosli,Noah Loosli
228245,M. Wanitzek,Marvin Wanitzek
228251,L. Pellegrini,Lorenzo Pellegrini
228255,N. Lemaître,Nicolas Lemaître
228271,C. Gonzáles,Christofer Gonzáles Crespo
228279,J. Drommel,Joël Drommel
228283,R. Civelek,Ramazan Civelek
228290,J. Laporte,Julien Laporte
228292,C. Harkin,Ciaron Harkin
228295,R. Holding,Robert Samuel Holding
228302,Pedraza,Alfonso Pedraza Sag
228303,Jorge Ortiz,Jorge Ortiz Mendoza
228312,R. Lod,Robin Lod
228321,Sergi Palencia,Sergi Palencia Hurtado
228325,O. Berg,Oliver Berg
228332,H. Choudhury,Hamza Dewan Choudhury
228336,F. Grillitsch,Florian Grillitsch
228349,M. Vojvoda,Mërgim Vojvoda
228352,Edmilson Junior,Edmílson Junior Paulo da Silva
228355,K. Joelsson,Julius Kalle Joelsson
228363,J. Kramer,Joris Kramer
228366,M. Gillesphey,Macaulay Gillesphey
228368,J. Sterry,Jamie Michael Sterry
228369,J. Walton,Jack James Walton
228375,M. Vera,Matías Gabriel Vera
228382,D. Agyei,Daniel Ebenezer Kwasi Agyei
228383,K. Grabara,Kamil Mieczysław Grabara
228388,M. Thiam,Mamadou Khady Thiam
228397,N. Obolskii,Nikolay Obolskiy
228408,C. Ronan,Connor Patrick Ronan
228410,D. Iversen,Daniel Lønne Iversen
228413,E. Audero,Emil Audero Mulyadi
228415,L. Godoy,Leonardo Ezequiel Godoy
228416,G. Ferreyra,Germán Julio César Ferreyra
228419,M. Andersen,Mads Juel Andersen
228454,M. Ofkir,Mohamed Ofkir
228456,Juan Pérez,Juan Manuel Pérez Ruiz
228457,A. Dabasse,Adrian Dabasse
228461,Ryu Jae Moon,Jae-moon Ryu
228464,Kim Jin Hyuk,Jin-hyuk Kim
228487,Kim Yi Seok,Yi-seok Kim
228505,P. Pentz,Patrick Pentz
228509,J. Reine-Adélaïde,Jeff Reine-Adélaïde
228518,A. Hanche-Olsen,Andreas Schjølberg Hanche-Olsen
228520,Chimy Ávila,Luis Ezequiel Ávila
228526,Hwang ByeongGeun,Byeong-keun Hwang
228534,Yu Kang Hyun,Kang-hyun Yu
228562,R. Sallinger,Raphael Lukas Sallinger
228577,A. Little,Armani George Little
228579,B. Henrichs,Benjamin Henrichs
228582,S. Sargeant,Sam Joseph Dennis Sargeant
228591,C. Arcus,Carlens Jean Fedlaire Ruby Arcus
228593,V. Sierro,Vincent Olivier Sierro
228595,G. Prömel,Grischa Prömel
228607,D. Reimann,Dominik Reimann
228614,G. Holtmann,Gerrit Stephan Barba Holtmann
228618,F. Mendy,Ferland Sinna Mendy
228624,M. Khubrani,Mohammed Abdoh Al Khabrani
228627,A. Al Obaid,Abdulrahman Ahmed Al Obaid
228635,Borja Mayoral,Borja Mayoral Moya
228642,J. Tilley,James Alexander David Tilley
228645,L. Görtler,Lukas Maria Görtler
228666,B. Kuwas,Brandley Mack-Olien Kuwas
228681,F. Sierralta,Francisco Andrés Sierralta Carvallo
228684,R. Nyambe,Ryan Simasiku Nyambe
228685,E. List,Elliott Ricardo Wignal List
228687,K. Dolberg,Kasper Dolberg Rasmussen
228702,F. de Jong,Frenkie de Jong
228707,Diego Alende,Diego Alende López
228708,L. Martínez Quarta,Lucas Martínez Quarta
228715,B. Van Durmen,Benjamin Van Durmen
228716,Kevin,Kevin Vázquez Comesaña
228729,B. Valdez,Bruno Amílcar Valdez Rojas
228730,S. Salcedo,Saúl Savín Salcedo Zárate
228732,H. Moukoudi,Harold Desty Moukoudi
228738,J. Murillo,Jhon Eduard Murillo Romaña
228739,J. Peñarrieta,José Feliciano Peñarrieta Flores
228744,J. Valencia,Jhojan Manuel Valencia Jiménez
228748,F. Fernández,Fernando Fabián Fernández Acosta
228751,M. Listkowski,Marcin Listkowski
228757,M. Mathisen,Marcus Klingenberg Mathisen
228759,K. Boto,Kenji-Van Boto
228770,J. Segura,Jorge Andrés Segura Portocarrero
228774,V. Marchetti,Vincent Marchetti
228775,F. Lajugie,François Lajugie
228781,W. Collar,William Guy Collar
228782,João Gamboa,João Pedro da Costa Gamboa
228783,A. Lajami,Ali Mohammed Ali Lajami
228784,Q. Lajami,Qasem Mohammed bin Ali Lajami
228789,Robert Sánchez,Robert Lynch Sánchez
228790,Aitor Buñuel,Aitor Buñuel Redrado
228805,Raíllo,Antonio José Raíllo Arenas
228813,Aleix García,Aleix García Serrano
228815,T. Roberts,Tyler D'Whyte Roberts
228819,M. Vargas,Matías Ezequiel Vargas Martín
228829,M. Roberts,Marc Roberts
228834,E. Wichne,Eirik Wichne
228838,E. Remedi,Eric Daian Remedi
228859,I. Lidberg,Isac Alexi Sivert Lidberg
228860,H. Jurjus,Hidde Jurjus
228863,T. Heintz,Tobias Heintz
228874,R. Arnold,Remo Arnold
228875,João Oliveira,João Pedro Abreu de Oliveira
228881,D. Calabria,Davide Calabria
228882,S. Pontisso,Simone Pontisso
228883,B. Gimber,Benedikt Steffen Gimber
228886,G. Panico,Giuseppe Antonio Panico
228888,G. Edmundson,Samuel George Alan Edmundson
228894,J. Ward,Joseph Henry Ward
228912,B. Allain,Bobby Allain
228918,Y. Subaşı,Karahan Yasir Subaşı
228928,S. Lavelle,Samuel Mark Lavelle
228935,M. Engelhardt,Marcel Engelhardt
228941,André Silva,André Miguel Valente da Silva
228946,M. Svanberg,Mattias Olof Svanberg
228959,F. Alarcón,Fernando Rubén Alarcón
228961,M. Pittón,Mauro Rodolfo Pittón
228974,Damià Sabater,Damiá Sabater Tous
228981,Y. Boli,Yohan Alexandre Mady Boli
228983,M. Caufriez,Maximiliano Caufriez
228997,C. Goode,Charles James Goode
228998,D. Marzino,Dario Nicola Marzino
229010,S. Amallah,Selim Amallah
229011,K. N'Doram,Kévin N'Doram
229015,G. Báez,Gabriel Alejandro Báez Corradi
229045,A. Kanté,Aboubakary Kanté
229071,K. Onisiwo,Karim Onisiwo
229072,Ł. Sekulski,Łukasz Sekulski
229073,J. Dacres-Cogley,Joshua Jacob Dacres-Cogley
229082,O. Abildgaard,Oliver Abildgaard Nielsen
229087,H. Rodgers,Harvey James Rodgers
229091,B. Peacock-Farrell,Bailey Peacock-Farrell
229114,L. Bossin,Liam Cathal Bossin
229123,R. Broom,Ryan James Broom
229126,J. Clarke,James Anthony John Clarke
229150,P. Hatzidiakos,Pantelis Chatzidiakos
229154,J. Kliment,Jan Kliment
229155,T. Ouwejan,Thomas Ouwejan
229158,B. van den Boomen,Branco van den Boomen
229163,C. Slattery,Callum Slattery
229167,M. Rashica,Milot Rashica
229168,T. Guivarch,Théo Guivarch
229171,K. Redondo,Kenny Prince Nebil Hussein Redondo
229173,G. Gül,Gökhan Gül
229175,N. Kijewski,Niko Kijewski
229182,R. Cundy,Robbie David Cundy
229184,T. Baack,Tom Baack
229188,V. Pavlidis,Vangelis Pavlidis
229194,A. Georgen,Alec Georgen
229200,F. Le Joncour,Florian Yves Le Joncour
229207,Àlex Corredera,Alexandre Corredera Alardi
229208,R. Booty,Regan Booty
229209,J. Benítez,Jonathan Óscar Benítez
229217,Y. Yeboah,Yaw Yeboah
229227,R. Leszczyński,Rafał Leszczyński
229232,T. Mullarkey,Tobias Mullarkey
229236,M. Udol,Matthieu Udol
229237,M. Akanji,Manuel Obafemi Akanji
229249,J. Mulraney,Jake Mulraney
229251,V. Mogoș,Vasile Mogoș
229255,Charles,Charles Marcelo da Silva
229261,D. Zakaria,Denis Lemi Zakaria Lako Lado
229263,M. Zeidan,Moustafa Zeidan Khalili
229266,J. Rodon,Joseph Peter Rodon
229267,P. Hercher,Philipp Maximilian Hercher
229269,Z. Westbrooke,Zain Sam Westbrooke
229274,L. Thomas,Lewis Rhys Thomas
229277,J. Föhrenbach,Jonas Föhrenbach
229286,T. Skarke,Tim Skarke
229295,Park In Hyeok,In-hyeok Park
229327,Hélder Tavares,Hélder Luís Lopes Vieira Tavares
229336,A. Grgić,Anto Grgić
229343,Wanderson,Wanderson Carvalho Oliveira
229348,A. Robinson,Antonee Robinson
229349,J. Thorniley,Jordan Luke Thorniley
229354,A. Ferati,Arianit Ferati
229367,S. Humphrys,Stephen Peter Humphrys
229369,R. Sheckleford,Ryheem Cole Sheckleford
229375,E. Adebayo,Elijah Anuoluwapo Oluwaferanmi Oluwatomi Oluwalana Ayomikulehin Adebayo
229377,M. Käit,Mattias Käit
229378,T. Edun,Adetayo Oluwatosin Olusegun Edun
229379,L. de la Torre,Luca Daniel de la Torre
229391,Palhinha,João Maria Lobo Alves Palhinha Gonçalves
229393,S. Hornby,Samuel Connor Hornby
229397,M. Vargas,Miguel Angel Vargas Mañán
229398,H. McKirdy,Harry McKirdy
229402,D. Castillo,Daniel Alexis Castillo Lavin
229433,A. Zendejas,Adrián Zendejas Rodríguez
229436,S. Gartenmann,Stefan Gartenmann
229444,F. De Paul,Fernando Carlos de Paul Lanciotti
229448,F. Ayé,Florian Ayé
229453,Gil Dias,Gil Bastião Dias
229456,L. Dickmann,Lorenzo Maria Dickmann
229459,N. Schiavi,Nicolás Adrián Schiavi
229472,F. Porath,Finn-Dominik Porath
229476,W. Anton,Waldemar Anton
229477,M. Bähre,Mike-Steven Bähre
229487,L. Klünter,Lukas Klünter
229501,Victor Braga,Victor Hugo Silva Braga
229504,F. Lauenborg,Frederik Lauenborg
229517,Toni Villa,Laureano Antonio Villa Suárez
229528,M. Matviienko,Mykola Matvienko
229536,H. Tijanovich,Horacio Gabriel Tijanovich
229537,T. Cardona,Tomás Cardona
229541,Á. Montero,Álvaro David Montero Perales
229543,D. Kiki,David Enagnon Kiki
229558,D. Upamecano,Dayotchanculle Oswald Upamecano
229574,A. Calabresi,Arturo Calabresi
229575,D. Mancini,Daniel Mancini
229582,G. Mancini,Gianluca Mancini
229584,P. Stenzel,Pascal Stenzel
229593,M. Pjaca,Marko Pjaca
229605,C. Connolly,Callum Alexander Connolly
229620,V. Rodić,Vladimir Rodić
229624,Sergi Guardiola,Sergio Guardiola Navarro
229628,Fali,Rafael Jiménez Jarque
229631,Lazo,José Carlos Lazo Romero
229636,G. Pereiro,Gastón Rodrigo Pereiro López
229637,G. Akkan,Gökhan Akkan
229640,M. Pedersen,Mads Giersing Valentin Pedersen
229646,S. Yohou,Samuel Rodrigue Wouahi Yohou
229649,G. Suazo,Gabriel Alonso Suazo Urbina
229657,D. Mikanović,Dino Mikanović
229659,B. Heynen,Bryan Heynen
229667,Josan,José Antonio Ferrández Pomares
229668,Mario Hermoso,Mario Hermoso Canseco
229678,S. Nilsen,Snorre Strand Nilsen
229682,D. Fry,Dael Jonathan Fry
229683,Rodrigo Pinho,Rodrigo Cunha Pereira de Pinho
229692,J. Huth,Jannik Huth
229694,Moon Seon Min,Seon-min Moon
229702,J. Mees,Joshua Mees
229703,D. Goutas,Dimitrios Goutas
229705,J. Duverne,Jean-Kévin Duverne
229713,J. Bizama,José Carlos Bizama Venegas
229723,M. Jensen,Mathias Jensen
229731,M. Stevens,Mathew Antony Stevens
229743,A. Deiola,Alessandro Deiola
229752,D. Sow,Mohameth Djibril Ibrahima Sow
229764,Iñigo Córdoba,Iñigo Córdoba Querejeta
229765,Olaetxea,Lander Olaetxea Ibaibarriaga
229771,C. McCarthy,Conor McCarthy
229773,G. Dzhikiya,Georgiy Dzhikiya
229788,Rubén Alcaraz,Rubén Alcaraz Jiménez
229800,R. Sharahili,Riyadh Mohammed Mohammed Husami Sharahili
229804,A. Mitriță,Alexandru Ionuț Mitriță
229818,D. Baumgartner,Dominik Baumgartner
229819,M. Rasner,Martin Rasner
229842,D. Herazo,Diego Fernando Herazo Moreno
229851,A. Al Bulayhi,Ali Hadi Mohammed Al Bulaihi
229856,J. Parraguez,Javier Andrés Parraguez Herrera
229862,Edu Expósito,Eduardo Expósito Jaén
229879,D. Romney,David Romney
229880,A. Wan-Bissaka,Aaron Wan-Bissaka
229881,A. Lassiter,Ariel Daniel Lassiter Acuña
229885,F. Ehmann,Fabian Ehmann
229891,J. Ryerson,Julian Ryerson
229894,Lucas Ahijado,Lucas Ahijado Quintana
229900,S. Lauper,Sandro Mike Lauper
229901,H. Souttar,Harry James Souttar
229905,A. Bardakcı,Abdülkerim Bardakcı
229906,L. Bailey,Leon Patrick Bailey Butler
229910,S. Ingelsson,Svante Ulf Ingel Ingelsson
229911,M. Kenlock,Myles Lewis George Kenlock
229914,E. Osadebe,Emmanuel Ebuka Osadebe
229921,D. Akinyemi,Afolabi Oladipo Christopher Akinyemi
229923,S. Stolze,Sebastian Stolze
229925,E. Wekesser,Erik Wekesser
229930,K. Knoyle,Kyle Knoyle
229942,A. Disasi,Axel Arthur Disasi
229947,Romário Baldé,Romário Baldé
229956,L. Zigi,Lawrence Ati Zigi
229971,F. Centonze,Fabien Centonze
229973,J. Piotrowski,Jakub Piotrowski
229974,T. Robinet,Thomas Robinet
229980,C. Montes,César Jasib Montes Castro
229984,B. Chilwell,Benjamin James Chilwell
230005,T. Davies,Thomas Davies
230014,E. Iandolo,Ellis Carlo Iandolo
230020,P. Lees-Melou,Pierre Lees-Melou
230021,J. Aidoo,Joseph Aidoo
230032,J. Amaluzor,Justin Ikechukwu Obiora Amaluzor
230042,Y. Aït Bennasser,Youssef Aït Bennasser
230043,F. Maouassa,Christ-Emmanuel Faitout Maouassa
230046,L. Zahović,Luka Zahović
230047,F. Ronstadt,Frank Ronstadt
230055,N. Hämäläinen,Nicholas Antero Hämäläinen
230065,S. Serdar,Suat Serdar
230081,S. Diallo,Sadou Diallo
230084,L. Nmecha,Lukas Okechukwu Nmecha
230090,Evandro,Evandro da Silva
230107,L. Coulibaly,Lassana Coulibaly
230118,M. Fernández,Matías Ignacio Fernández Cordero
230126,J. Brophy,James Robert Brophy
230132,D. Dražić,Dejan Dražić
230134,Sergio Molina,Sergio Molina Beloqui
230136,J. Thompson,Jordan Andrew Thompson
230142,Oyarzabal,Mikel Oyarzabal Ugarte
230144,A. Dioussé,Assane Dioussé El Hadji
230149,J. Senior,Jack Christopher Senior
230163,A. Frizzell,Adam Frizzell
230164,Luciano Cacheira,Luciano Renato Cacheira Sá
230165,Simão Donatinho,Simão Alvin Donatinho Garcia
230166,Fepe Limão,Felipe Melvin Azevedo Lima
230169,Vítor Angulho,Vítor Martín Angulho Fancini
230171,Carlos Travisso,Carlos Adilson Travisso Rocha
230172,Traeira Lopes,Filipe Vicente Traeira Lopes
230175,Freder Cabral,Frederico Peter Cabral Bardini
230176,Sacramentinho,Luiz Santiago Sacramento Cruz
230181,Heitor Gesse,Heitor Edvaldo Barreto Gesser
230182,Lucas Mantela,Lucas Luciano Mantela Patrício
230183,Gerson Armão,Gérson Adriano Gutierres Serra
230184,Diego Essler,Ronaldo Diego Essler Domingues
230185,Túlio Changas,Túlio Sebastião Changas Tramontino
230186,Enaldo Praz,Enaldo Diogo Barbosa Prazeres
230188,Alam Araújo,Alam Cristian Araújo Martins
230189,Silas Almeim,Silas Enaldo Barros de Almeida
230190,Renatão Baumer,Renato Fred Baumer Trigo
230191,Enzo Marteiro,Enzo Wellington Marteiro Santoso
230193,Carvamelinho,Samuel Thomas Carvalho Melo
230194,Jaimosa Cavaco,Jaime Frederico Cavaco Dorta
230197,Leander Baia,Alessandro L. Baia Marques
230198,Juli Piresinho,Júlio César Pires Feitosa
230199,Vinicius Cardenha,Vinicius Lúcio Cardenha Caeiro
230200,Edenildo Lagoas,Edenildo Eloi Lagoas Regalo
230201,Maikel Catarino,Maikel Renan Catarino Fagundes
230202,Jailson Caeiro,Jailson Michel Caeiro Meireles
230203,Claytinho Branco,Daniel Clayton Branco Julião
230204,Héniton Pires,Héniton Enaldo Pires Tramontino
230205,Nosberto Vila,Nosberto Diego Vila Abranches
230206,Wellington Sabrão,Wellingt. Edson Sabrão Rolim
230207,Kel Perinho,Kel Bruno Pereira Negrão
230208,Lúcio Corteijo,Lúcio Anselmo Corteijo Salazar
230209,Hugo Goiteira,Hugo Goiteira Regalo
230212,Zervandro,A. Zervandro Chiamuloira Paes
230213,Kaíqundo Calado,Kaíqundo Calado Dimas
230214,Luis Paezinho,Luis Benjamin Paes Soares
230216,Adnan Vidual,Adnan Claudiano Vidual Machado
230217,Mauri Borgho,Maurício Wilson Borghes Caeiro
230218,Fabiano Sonta,Fabiano Elton Sonta Pessoa
230219,Estevão Candeira,Estevão Danilo Candeira Inácio
230221,Kauã Zanson,Kauã Ricardo Zanon Bardini
230222,Ailton Valpaços,Ailton Jonas Valpaços Salazar
230224,Juli Freitinho,Julio Leonardo Dourado de Freitas
230225,Heberto Gaúcho,Juan Heberto Mestres de Mesquita
230227,Caio Nunson,Caio Rodrigo Nunes Anjos
230229,Otávio Cairinho,Otávio Alberto Cairinho Monteiro
230230,Eltildo Correia,Eltildo Lucas Correia Pitta
230232,Jadenilson Baia,Jadenilson Nuno Baia Paneira
230233,Paolinho Leima,Paolo Marco Leima Donatelo
230234,Jorge Andrão,Everton Jorge Andrade Zanon
230236,Leonardo Freijão,Leonardo Miguel Freijão Jasper
230239,Claudiano Sobrino,Claudiano G. Sobrino Guevara
230240,Ramón da Almeyda,Ramón Samuel da Almeyda Aníbal
230241,Enzo Chissano,Enzo Leandro Chissano Baia
230242,Lúcio Anselmão,Lúcio Anselmo Calegario Pitta
230243,Breno Bausa,Breno Evandro Bausa Dimas
230244,Leôncio Vimieiro,Leôncio Roger Vimieiro Madeira
230245,Douglas Carvalheira,Douglas Arthur Carvalheira Peixoto
230246,Caio Chissano,Caio Welson Chissano Dourado
230247,Jadson Castrelo,Jadson José Castrelo Rios
230248,Antonaldo Vaz,Antonaldo Luiz Vaz Stein
230249,Marlinito Dias,Marlon Rômulo Dias Cavalcanti
230250,Emilio Piodão,Emilio Alex Piodão Esser
230252,Jorginhson,Jorgino Silas Ruiz Prestes
230254,Paulson Junqueira,Paulson Otávio Junqueira Gonçalves
230255,Edval Anton,Edvaldo Flávio Rebelo de Freit
230258,Rosival Dourado,Rosival Jailson Dourado Santos
230259,Juliano Mascarinhas,Juliano Wagner Mascarinhas Concp.
230260,Guto Milazar,Guto Ramón Milazar Coimbra
230263,Adeilson Gesser,Adeilson Daniel Gesser Esser
230268,Estevãtinho,Estevão Danilo Rios Chiamulera
230269,Claudio Coíntra,Claudio Nuno Coíntra Calegari
230270,Fabiem Jardim,Fabiem Kel Jardim Ramos
230271,Laure Santeiro,Laureano Thomas Santeiro Marre
230272,Kauã Abranches,Kauã Ricardo Abranches Simões
230273,Antonaldo Laforte,Antonaldo V. Laforte Beretta
230275,Emerson Avintes,Emerson Maicon Avintes Reis
230276,Nicolás Formido,Nicolás Júlio Formido Paiva
230277,Gusinho Marquenho,Gustavo Rafael Marquenho Gomes
230278,Carleto Costinha,Carleto Adilson Costinha Caldeira
230280,Omualdo Chagas,Omualdo David Machado Chagas
230282,Guto Costinho,Guto Ramón Costinho Ribeiro
230283,Evandro Rochedo,Evandro Sérgio Rochedo Paulino
230285,Pedrão Tofico,Pedro Tofico Dourado Hermes
230286,Michel Cruceiro,Michel David Cruceiro Muscato
230287,Adão Morrinhos,Adão Douglas Morrinhos Paes
230288,Gustavo Pastinho,Gustavo Patrick Pastor Pombo
230289,Santi da Bruma,Santiago André da Bruma Reis
230290,Dêniro Prestes,Dêniro Rubens Prestes Cadete
230292,Eltildo Bessa,Elton Matheus Bessa Acuna
230293,Meirelinson,Fernando Elton Meireles Petri
230296,Cristian Lodeira,Cristian Enzo Lodeira Araujo
230297,Adriano Trindori,Adriano Davi Trindori Duarte
230299,Arthur Silbeira,Douglas Arthur Silbeira Martins
230302,Josué da Feira,Josué Durval da Feira Cunha
230306,Míchel Zabaco,Miguel Zabaco Tomé
230312,Gabri Prestão,Bernard Gabriel Prestão Chaves
230313,Tony Abranjes,Tony Josimar Abranjes Meneses
230315,Ailton Cardenhas,Ailton Nuno Cardenhas Macedo
230316,Eminho Moringa,Marcelo Emanuel Morais Silva
230318,Nelsildo Reis,Nelson Arturo Reis Lopes
230319,André Milazisco,André Mikael Milazar Santoso
230320,Victorino Magela,Victorino M. Magela Sá
230321,Rafael de Aseiro,Rafael Simão de Aseiro Vieira
230323,Kaíquão Castro,Kaíque Osvaldo Castro Rodrigues
230324,Adrian Scitto,Adriano Leandro Soares Scitto
230326,Lino Essier,Lino Francisco Essier Simão
230327,Gérson Damesio,Gérson Adriano Damesio Figueiras
230328,Pierrino Faria,Pierre Tomás Torres De Faria
230329,Alminho Boas,Alam Cristian Boas Anjos
230330,Nivo Serpinho,Nivaldo Mateus Serpa Pombal
230331,Wagner Laranjo,Wagner Mauro Laranjo Coelho
230332,Wiliam Santinho,Wiliam Carlos Santoso Sampaio
230335,Wagner Orsinho,Wagner Mauro Orsi Vasquez
230336,Danisco Fachini,Daniel Clayton Fachini Lobato
230337,Andeson Trigo,Andeson Jaime Trigo Gonçalves
230339,Heitorsinho Padilha,Heitor Padilha Alves
230340,Luisinho Conradi,Luisinho Lúcio Conradi Andrade
230341,Joshuando Sá,Joshua Eduardo Sá Madeira
230343,Jonaldo Monteiro,Jonaldo Kauã Monteiro Moura
230345,Raullino Meneses,Raullino Daniel Meneses Vila
230346,Jadsinho Mei,Jadson José Meireles Correia
230347,Welington Dano,Welington Kauê Dano Nascimento
230348,Lafortiscinho,Erick Sebastião Laforte Medeiros
230349,Rodrigo Vuarte,Rodrigo Éder Vuarte Ruiz
230350,Ozimário Rebeilo,Ozimário Rebeilo Mestres
230351,Silaldo Junqueiras,Silas Antonaldo Junqueiras Araújo
230353,Germano Cuba,Oswaldo Germano Cuba Correia
230357,Kaio Aldair,Kaio Jesus Aldair Porto
230359,Germano Monico,Germano Wilson Monico Salvador
230362,Diogo Parrela,Diogo Josué Pinho Parrela
230364,Neviano Neves,Nathan Walter Neves Bessa
230366,Silvosinho,Thomas Nicolas Silva Rangel
230367,Tony Muttinho,Tony Josimar Mutto Abrão
230368,Bernardo Motinho,Bernardo Joshua Mota Damasco
230370,Michael Dimeira,Michael Renan Dimeira Couto
230371,Victorio Jabim,Victorio Martin Maia Padilha Jabim
230372,Helito Caldeira,Helio Paulo Caldeira Andrade
230373,Nicolás Filhei,Nicolás Evandro Filheiro Stein
230374,Jenaro Kaio,Jenaro Breno Kaio de Freitas
230377,Sanaldo Caiado,Sanaldo Dilson Caiado Dutra
230379,Vieirundinho,Danilo Manuel Vieira Espíndola
230380,Luildo Simões,Luan Vágner Simões Eustáquio
230381,Kaimo Lima,Kauê Enaldo Lima Rodrigues
230382,Milton Menceiros,Milton Boas Menceiros Cunha
230383,Pombaixinho,Arturo Jonaldo Pombal de Faria
230384,Nailton Suzuki,Nailton Suzuki Ito
230385,Albertinho Dutra,Alberto Marcelo Dutra Cirino
230386,Césario Limberg,Césario Marco Pesso Limberg
230387,Heitinho Zanon,Heitor Edvaldo Zanon Barros
230388,Davi Parrela,Davi Alexandre Parrela Ferreira
230392,Ailtio Coelho,Ailton Diogo Coelho Barbosa
230394,Nuno Moldeiro,Nuno Jorgino Moldeiro Vaz
230397,Enaldo Toxeto,Enaldo Charles Toxeto Reis
230398,Eltson Marques,Elton Matheus Marques Paiva
230399,Michildo Melo,Michel David Melo Fagundes
230402,Murildo Kauê,Murildo Kauê Cadete Teixeira
230403,Peixotacinho,Allison Alan Peixoto Gomes
230405,Barbosaldinho,Luciano Renato Barbosa Baumer
230406,Guilson Paiva,G. Pierre Paiva Souza
230407,Vanderleiton,M. Vanderlei Paulino Kenedy
230408,Fabrio Farinha,Fabrio Sandro Farinha Donatelo
230409,Túlio Nevinha,Túlio Sebastião Carvalhal Neves
230410,Natinho Mestres,Renato Peter Mestres Silveira
230413,Mauricio Clerez,Mauricio César Clerez Farias
230414,Igor Madinha,Igor Paolo Madinha Eustáquio
230415,Lourival Dinisco,Lourival Adnan Diniz Prazeres
230417,Edercinho Sepa,Rodrigo Éder Serpa Conceição
230420,Pietrson Mendes,Pietro Maurício Mendes Abranches
230422,Murilo Sancha,Murilo Kaíque Sanches Cardoso
230423,Pascoal Muscato,Pascoal Simão Muscato Vieira
230424,Sandelas Júnior,Leonardo Luis Sandelas Junior
230425,Rubem Esteiro,Rubem Thomas Esteiro Branco
230426,Arturo Inálcio,Arturo Adolfo Inálcio Dutra
230427,Elildo Petri,Elias Thiago Petri Taffarel
230429,Timo Triano,Timoteo Samuel Triano Branco
230430,Oswaldinato,Marvin Oswaldo Rangel Azevedo
230431,Sidney Pessinho,Sidney Adrián Pessoa Vidigal
230432,Darinho Carioca,Darío Filipe Esteiro Cortejo
230433,Calegarcinho,Antônio Felipe Macedo Calegari
230434,Maicol Pimenta,Miguel Edson Pimenta Baia
230436,Nuno Lisareda,Nuno Caio Lisareda Abravanel
230437,Elias Fontoira,Elias Thiago Fontoira Marques
230439,Roldão Riso,Roldão Tony Riso Cardenas
230440,Fredditinho,Fred Claudinei Tófoli Vilela
230442,Jason Bardeira,Jason Bardeira Cunha
230443,Ansel Barni,Anselmo Túlio Marques Barni
230446,Marcinho Paneira,Marcio Alam Paneira Almeida
230447,Nazario Serpe,Nazario Otávio Serpe Cachoeira
230448,Porphirinho,R. Nicholas Porfírio Jardim
230449,Diegildo Ramos,Diego Hugo Ramos Calado
230451,Dinei Dellarmi,Luis Claudinei Dellarmi Álvares
230452,Kelivelson,Kelivelson Vaz Laranjeiras
230453,David Seijalbo,David Jefferson Seijalbo Vaz
230454,Leôncio Lobeiro,Leôncio Roger Lobeiro Cunha
230456,Claudinho Vair,Claudiano Vair Paes Neto
230458,Bernard Alemão,Paulo Bernard Schmidt
230459,Tiago Pombeira,Tiago Nathan Pombeira Gesser
230460,Jonatão Praz,Jonathan Prazeres Conradi
230461,Leordinho Paes,Manuel Leonardo Conceição Paes
230463,Simão Acunha,Simão Alvin Acunha Bardini
230464,Alam Basteirinho,Marcos Alam Bastos Domingues
230465,Allan Bardinho,Allan Norberto Bardini Paneira
230466,Fábio Melitinho,Fábio Kel Melo Feijó
230468,José Mirazar,José Emerson Mirazar Coelho
230470,Pedrildo Rocha,Pedro Márcio Rocha Rosa
230474,Macarinho Louro,Macario André Louro Padilha
230475,Adilson Edrada,Adilson Patrick Edrada Pereira
230477,Dersan Dinis,Dersan Jaime Dinis Abravanel
230480,Raphael Paneira,Raphael William Paneira Rochedo
230481,Ronaldo Cabrais,Ronaldo Jailson Cabrais Petri
230482,Marlon Nideiro,Marlon Lourival Nideiro Cintra
230483,Jacson Zonta,Jacson João Zonta Filho
230485,Dener Rolim,Dener Adão Rolim Leal
230486,Patricio Alagoano,Patric Bernard Alves Coelho
230487,Leo Caldeirinha,Leonardo Miguel Garcia Caldeira
230493,Fabri Arnoia,Fabrício Sandro Arnoia Sepa
230495,Hélton Celanova,Hélton Luiz Celanova Vieira
230498,Luimo Boas Santos,Luan Vágner Boas Macedo
230501,Gérson Noalha,Gérson Fábio Noalha Rochela
230502,Dênildo Stein,Dênis Rubens Stein Rebelo
230503,Jadson Vidigal,Matheus Jadson Vidigal Morais
230505,Fachendinho,Tiago Vanderlei Fagundes Fachini
230507,Nicholas Aldair,Nicholas Júlio Aldair Leal
230511,Emílio Trevões,Emílio Dener Trevões Teixeira
230513,Gus Outomouro,Gustavo Rafael Outomouro Tófoli
230515,Vagnão Cadete,Vágner Nilson Rosa Cadete
230516,Paulão Junqueiras,Paulão Paulo Junqueiras Couto
230518,Franci Martinho,F. Sidney Martins Pires
230520,Sevinho Santos,Severino Pedro Santos Hermes
230521,Rafanilton Vilela,Nilson Rafael Vilela de Brito
230522,Nascimentardo,Jonas Welson Orsi de Meneses
230523,Iuliano Alfaro,Iuliano Wagner Alfaro Azevedo
230524,Formosandrinho,Estevão Daniel Formoso Serpa
230526,Kaio Figueiras,Kaio Fabiano Figueiras Guerra
230530,Hugo Rubiães,Hugo Adryan Rubiães Chaves
230559,M. Shved,Maryan Shved
230561,J. Grot,Jay-Roy Jornell Grot
230564,M. Gaćinović,Mijat Gaćinović
230578,M. Diakhaby,Mouctar Diakhaby
230590,D. Oldaker,Darren Joseph Norman Oldaker
230601,Cryzan,Cryzan da Cruz Queiroz Barcelos
230607,Y. Deichmann,Yannick Deichmann
230613,A. Diawara,Amadou Diawara
230621,G. Donnarumma,Gianluigi Donnarumma
230623,S. Bakış,Sinan Bakış
230624,U. Nayir,Mehmet Umut Nayir
230625,Matheus Reis,Matheus Reis de Lima
230631,M. Festa,Marco Festa
230636,M. Grandi,Matteo Grandi
230638,J. Vásquez,Jhon Freduar Vásquez Anaya
230653,J. Wollacott,Joseph Luke Wollacott
230665,Gustavo Sauer,Gustavo Affonso Sauerbeck
230666,Gabriel Jesus,Gabriel Fernando de Jesus
230670,Lucas Perri,Lucas Estella Perri
230677,F. Horsfall,Fraser Matthew Horsfall
230681,G. Pezzella,Giuseppe Pezzella
230683,F. Hiszpański,Fabian Hiszpański
230685,E. Akbaba,Emre Akbaba
230686,J. Makengo,Jean-Victor Makengo
230690,M. Dominguez,Maxime Dominguez
230696,T. Seto,Takayuki Seto
230703,A. Karo,Antreas Karo
230708,J. Worrall,Joseph Adrian Worrall
230713,A. Al Malki,Abdulelah Saad Hamid Al Wahbi Al Malki
230718,E. Botka,Endre Botka
230722,S. Boyd,Seán Boyd
230727,G. Larsonneur,Gautier Larsonneur
230737,T. Lauritsen,Tobias Lauritsen
230741,E. Ødegaard,Emil Gundelach Ødegaard
230749,A. Bukhari,Amin Mohammed Saleh Ahmed Jan Al Bukhari
230762,S. Al Hamsal,Saeed Mubarak Saad Al Hamsal
230765,H. Al Watyan,Habib Yasseen Kadhim Al Wotayan
230767,Renato Sanches,Renato Júnior Luz Sanches
230774,J. Clarke-Salter,Jake-Liam Clarke-Salter
230786,Pepelu,José Luis García Vayá
230787,J. Lund,Julian Rekdahl Faye Lund
230801,A. Hazazi,Ali Abdullah Hazazi
230807,H. Coulson,Hayden Ross Coulson
230812,A. Pattison,Alexander Antony Pattison
230824,Pedro Pereira,Pedro Miguel Almeida Lopes Pereira
230836,E. Reitan,Erlend Dahl Reitan
230839,Z. Jules,Zak Kennedy Jules
230846,R. Charles-Cook,Regan Evans Charles-Cook
230847,Z. Elbouzedi,Zachary Elbouzedi
230855,H. Wahl,Hauke Finn Wahl
230857,Nuno da Costa,Nuno Miguel da Costa Jóia
230858,S. Perisan,Samuele Perisan
230864,C. Blackett-Taylor,Corey Josiah Paul Blackett-Taylor
230865,A. Luciatti,Brian Abel Luciatti
230869,Unai Simón,Unai Simón Mendibil
230871,R. Holgado,Rodrigo Julián Holgado
230872,M. Svilar,Mile Svilar
230876,M. Butcher,Matthew David Butcher
230881,J. Quigley,Joseph Richard Quigley
230882,J. Simpson,Jack Benjamin Simpson
230888,A. O'Neill,Aiden Connor O'Neill
230893,O. Evans,Owen Rhys Owens
230897,B. Hanlan,Brandon Alex Graham Hanlan
230899,A. Lookman,Ademola Olajade Alade Aylola Lookman
230912,P. Ghiglione,Paolo Ghiglione
230918,T. Chalobah,Trevoh Thomas Chalobah
230936,Á. Nagy,Ádám Nagy
230938,F. Kessié,Franck Yannick Kessié
230940,C. Gondo,Diomandè Yann Cedric Gondo
230964,M. Santos,Michael Nicolás Santos Rosadilla
230965,N. Nández,Nahitan Michel Nández Acosta
230971,N. Tzanev,Nikola Chivarov Tzanev
230975,D. Vergara,Duván Andrés Vergara Hernández
230977,M. Almirón,Miguel Ángel Almirón Rejala
230978,T. Awoniyi,Taiwo Michael Awoniyi
230982,M. Roman,Mihai Alexandru Roman
230984,F. Gino,Federico Gino Acevedo Fagúndez
230988,F. Krovinović,Filip Krovinović
230991,Fafà Picault,Fabrice Jean-Ian Picault
231005,C. Ogbene,Chiedozie Somkelechukwu Ogbene
231007,J. Mišić,Josip Mišić
231039,P. Dorn,Pius Dorn
231044,J. Aribo,Joseph Oluwaseyi Temitope Ayodele-Aribo
231046,J. Eastwood,Jake Eastwood
231065,L. Rogerson,Logan Tipene Rogerson
231070,B. Pittón,Bruno Alejandro Pittón
231073,B. Radunović,Boris Radunović
231089,I. Sissoko,Ibrahima Sissoko
231093,J. Patiño,Juan Gabriel Patiño Martínez
231102,L. Blas,Ludovic Blas
231105,A. Olliero,Alexandre Olliero
231107,A. Kilgour,Alfie George Alexander Kilgour
231108,S. Hefti,Silvan Hefti
231110,P. Erras,Patrick Erras
231111,A. Hack,Alexander Hack
231125,Liberto Beltrán,Liberto Luis Beltrán Martínez
231131,J. McGarry,James Robert McGarry
231138,C. Bassogog,Christian Mougang Bassogog
231139,J. Fitzwater,Jackson Joseph Fitzwater
231146,W. Al Enezi,Waleed Salem Aqeel Al Anzi
231150,Jamiro Monteiro,Jamiro Gregory Monteiro Alvarenga
231167,R. Saracho,Rodrigo Emanuel Saracho
231172,J. Holmes,Jordan Thomas Holmes
231179,J. Al Dossary,Jamaan Abdullah Al Dosari
231184,Guruzeta,Gorka Guruzeta Rodríguez
231185,G. Osho,Gabriel Jeremiah Adedayo Osho
231190,C. Johansson,Carl Johansson
231199,H. Odoffin,Hakeem Ademola Odoffin
231207,J. Lucumí,Jhon Janer Lucumí Bonilla
231227,N. Dorsch,Niklas Bernd Dorsch
231233,M. Brink,Mark Brink Christensen
231235,K. Amian,Kelvin Amian Adou
231236,M. Cafaro,Mathieu Cafaro
231237,P. Vindahl,Peter Vindahl Jensen
231240,E. Mor,Emre Mor
231247,B. Cufré,Braian Ezequiel Cufré
231254,A. Osváth,Attila Osváth
231266,N. Janvier,Nicolas Janvier
231267,J. Lokilo,Jason Eyenga-Lokilo
231280,Iván Alejo,Iván Alejo Peralta
231281,T. Alexander-Arnold,Trent John Alexander-Arnold
231284,R. Delaney,Ryan Liam Delaney
231301,E. Saavedra,Erwin Mario Saavedra Flores
231303,L. Grace,Lee Grace
231307,M. Poaty,Morgan Paul Poaty
231318,R. Perraud,Romain Paul Jean-Michel Perraud
231322,E. Kabangu,Elton Daniël Kabangu
231335,J. Flores,Jorge Enrique Flores Yrahory
231340,G. Montiel,Gonzalo Ariel Montiel
231352,T. Abraham,Kevin Oghenetega Tamaraebi Bakumo-Abraham
231353,E. Iyoha,Emmanuel Iyoha
231360,J. Elías,Jalil Juan José Elías
231366,P. Lienhart,Philipp Lienhart
231379,N. Hoffmann,Niklas Hoffmann
231390,Diogo Gonçalves,Diogo António Cupido Gonçalves
231391,João Carvalho,João António Antunes Carvalho
231396,C. Kelly,Ciarán Kelly
231406,K. Edwards,Kyle Hakeem Edwards
231408,J. Leko,Jonathan Kisolokele Leko
231410,Brahim,Brahim Abdelkader Díaz
231411,R. McKenzie,Robbie McKenzie
231413,M. Verrips,Michael Robin Verrips
231416,D. Lukébakio,Dodi Lukébakio Ngandoli
231423,C. De Norre,Casper De Norre
231424,A. Arslan,Ahmet Metin Arslan
231428,F. Bandinelli,Filippo Bandinelli
231436,G. Diangana,Grady George Diangana
231442,M. Browne,Marcus Alexander Browne
231443,O. Dembélé,Masour Ousmane Dembélé
231446,M. McGuane,Marcus Samuel Michael McGuane
231447,D. Malen,Donyell Malen
231448,R. Nelson,Reiss Luke Nelson
231460,Roberto Alves,Roberto Emanuel Oliveira Alves
231461,P. Halder,Pronay Halder
231474,João Costa,João Paulo Santos da Costa
231478,L. Martínez,Lautaro Javier Martínez
231479,L. Mosevich,Julio Leonel Mosevich
231485,A. Tuanzebe,Axel Tuanzebe
231500,D. Widgren,Trond Dennis Widgren
231507,A. Soto,Alexis Nahuel Soto
231509,A. Cajtoft,Björn Anton Cajtoft
231510,M. Watson,Max Watson
231512,L. Kelly,Lloyd Casius Kelly
231520,K. Sibille,Kevin Leonel Sibille
231521,E. Palacios,Exequiel Alejandro Palacios
231526,Y. Andzouana,Yhoan Many Andzouana
231527,I. Diallo,Ismaël Jean Chester Diallo
231530,José Arnáiz,José Manuel Arnáiz Díaz
231540,S. Wharton,Scott Bradley Wharton
231550,J. Quintero,José Alfredo Quintero Ordóñez
231554,J. Justin,James Michael Justin
231555,J. Reichert,Johannes Reichert
231570,S. Tapiero,Stiven Tapiero Rodallega
231574,E. Sánchez,Erwin Junior Sánchez Paniagua
231580,A. Evans,Antony Kenneth Evans
231582,N. D'Agostino,Nicholas D'Agostino
231588,Joan Sastre,Joan Sastre Vanrell
231591,Javi Galán,Javier Galán Gil
231596,J. Contreras,José David Contreras Verna
231600,Marc Navarro,Marc Navarro Ceciliano
231601,Dalmau,Adrián Dalmau Vaquer
231612,R. Del Castillo,Romain Del Castillo
231613,S. McCoulsky,Shawn Fitzgerald Joseph McCoulsky
231614,F. Reese,Fabian Reese
231615,K. Gordon,Kellan Sheene Gordon
231616,E. Riis,Emil Riis Jakobsen
231624,F. Schleusener,Fabian Schleusener
231627,U. Sadiq,Umar Sadiq Mesbah
231628,Rafa Mir,Rafael Mir Vicente
231633,I. Diop,Issa Laye Lucas Jean Diop
231634,T. Uskok,Tomislav Uskok
231640,Ontiveros,Javier Ontiveros Parra
231650,J. Bamert,Jan Alexandre Bamert
231652,S. Banza,Simon Bokoté Banza
231664,J. Aguirre,James José Aguirre Hernández
231667,D. Cataño,Daniel Felipe Cataño Torres
231677,M. Rashford,Marcus Rashford
231678,R. Tongyik,Ruon Kuk Tongyik
231681,W. Mannion,William John Mannion
231685,R. Pierre-Gabriel,Ronaël Julien Pierre-Gabriel
231691,A. Lafont,Alban Lafont
231706,K. Londoño,Kevin Alexander Londoño Asprilla
231720,Q. Braat,Quentin Braat
231733,Curro Sánchez,Francisco José Sánchez Rodríguez
231743,K. Davis,Keinan Vincent Joseph Davis
231747,K. Mbappé,Kylian Mbappé Lottin
231753,J. Livolant,Jérémy Livolant
231777,A. Ömür,Abdülkadir Ömür
231801,A. Al Hajji,Ala'a Al Hajji
231821,Z. Al Sahafi,Ziyad Abdulwahed Al Sahafi
231828,F. Tingager,Frederik Beyer Tingager
231835,T. Henry,Thomas Henry
231836,J. Karlsson,Karl Jesper Karlsson
231838,M. Wöber,Maximilian Wöber
231840,V. Müller,Valentino Müller
231841,M. Prévot,Maxence André Prévot
231848,Q. Boisgard,Quentin Lou Boisgard
231861,M. Stajduhar,Mason Stajduhar
231863,Y. Dhanda,Yan Dhanda
231864,M. van Bergen,Mitchell van Bergen
231866,Rodri,Rodrigo Hernández Cascante
231873,Joni Montiel,Jonathan Montiel Caballero
231874,J. Horn,Jannes-Kilian Horn
231878,T. Miller,Tyler Austin Miller
231886,A. Muyl,Alex Muyl
231887,Y. Yazıcı,Yusuf Yazıcı
231897,M. Corboz,Mael Corboz
231910,Kim Gun Hee,Gun-hee Kim
231913,F. Aursnes,Fredrik Aursnes
231916,F. Prce,Franjo Prce
231919,A. Murgia,Alessandro Murgia
231923,M. Remacle,Martin Christophe Jannick Remacle
231926,T. Clarke,Trevor Thomas Clarke
231929,G. Miller,George Miller
231930,L. Sosa,Leandro Sosa Toranza
231932,L. Chhangte,Lallianzuala Chhangte
231936,B. White,Benjamin William White
231942,Han Chan Hee,Chan-hee Han
231943,Richarlison,Richarlison de Andrade
231946,Seo Jae Min,Jae-min Seo
231948,B. Hines-Ike,Brendan Daniel Hines-Ike
231954,Xu Xin,Xu Xin
231956,Liao Junjian,Liao Junjian
231965,Beto da Silva,Luiz Humberto da Silva Silva
231969,R. Malinovskyi,Ruslan Malinovskyi
231985,K. Rosenberry,Keegan Rosenberry
231987,T. Washington,Taylor Washington
232000,Lee Seung Woo,Seung-woo Lee
232007,M. Lis,Mateusz Lis
232008,Toni Lato,Antonio Latorre Grueso
232062,D. Sundgren,Daniel Andreas Sundgren
232065,Kim Dong Joon,Dong-jun Kim
232066,W. González,Walter Rodrigo González Sosa
232067,N. Bandiera,Neri Ricardo Bandiera
232080,J. Harrison,Jack David Harrison
232081,R. Laryea,Richmond Mamah Laryea
232082,A. Tarbell,Andrew Tarbell
232083,J. Yaro,Joshua Yaro
232097,A. Harit,Amine Harit
232099,M. Grujić,Marko Grujić
232102,C. Masterson,Conor Ciaran Masterson
232104,D. James,Daniel Owen James
232106,J. Gabriel,Jordan Jay Lawrence-Gabriel
232114,K. Cameron,Kyle Milne Cameron
232118,A. Rabillard,Antoine Rabillard
232119,Ç. Söyüncü,Çağlar Söyüncü
232120,S. Moore,Shaquell Kwame Moore
232123,L. Gugeshashvili,Luka Gugeshashvili
232131,H. Ravas,Henrich Ravas
232132,Joaquín,Joaquín Fernández Moreno
232144,F. Uduokhai,Ohis Felix Uduokhai
232148,D. Sallói,Dániel Sallói
232156,M. Honsak,Mathias Honsak
232162,S. Ugarković,Steven Peter Ugarković
232166,F. Herbers,Fabian Herbers
232170,S. Starke Hedlund,Björn Sebastian Starke Hedlund
232174,O. Hawkins,Oliver Jack Hawkins
232181,H. Adamczyk,Hubert Adamczyk
232185,C. Brittain,Callum James Brittain
232189,N. Ramírez,Nicolás Enrique Ramírez Aguilera
232203,A. Donkor,Anton-Leander Donkor
232212,J. Penrice,James Penrice
232223,K. Tsimikas,Konstantinos Tsimikas
232225,J. Serra,Janni-Luca Serra
232229,J. Bijlow,Justin Bijlow
232232,Kim Jung Hyun,Jung-Hyun Kim
232244,S. Ascacíbar,Santiago Lionel Ascacíbar
232250,L. Amos,Luke Ayodele Amos
232255,A. Bouzat,Agustín Bouzat
232256,Han Pengfei,Han Pengfei
232258,Song Wenjie,Song Wenjie
232264,Che Shiwei,Che Shiwei
232271,M. Cotali,Matteo Cotali
232284,M. Travers,Mark Travers
232293,V. Osimhen,Victor James Osimhen
232295,F. Bejan,Florin Bejan
232311,L. Owusu,Leeroy Owusu
232329,K. Kanatsızkuş,Kubilay Kanatsızkuş
232332,S. Ibeagha,Sebastien Uchechukwu Ibeagha
232334,A. Khattab,Abdullah Khattab Bilal Saeed
232363,M. Škriniar,Milan Škriniar
232381,Wesley,Wesley Moraes Ferreira da Silva
232388,Vítor Costa,Vítor Costa de Brito
232410,F. Escales,Florian Escales
232411,C. Nkunku,Christopher Alan Nkunku
232412,E. Adams,Ebrima Adams
232413,A. Dijksteel,Anfernee Jamal Dijksteel
232417,N. Kocik,Nicolas Kocik
232432,L. Jović,Luka Jović
232437,F. Ricca,Federico Ricca Rostagnol
232439,L. Vignali,Luca Vignali
232440,Caio Henrique,Caio Henrique Oliveira Silva
232446,K. Kairinen,Kasper Kaan Özden Kairinen
232477,S. Al Ghannam,Sultan Abdullah Salem Al Ghannam
232487,W. Endo,Wataru Endo
232488,C. Romero,Cristian Gabriel Romero
232490,R. Ito,Ryotaro Ito
232498,Isi,Isaac Palazón Camacho
232519,G. Middleton,Glenn Bell Dollar Middleton
232520,D. Jaiyesimi,Diallang Jaiyesimi
232526,E. Cobbaut,Elias Cobbaut
232535,G. Benítez,Ángel Guillermo Benítez
232545,N. Broadhead,Nathan Paul Broadhead
232549,M. Peano,Marcos Hernán Peano
232550,A. Putivtsev,Artem Putivtsev
232580,Gabriel,Gabriel dos Santos Magalhães
232595,Ko Seung Beom,Seung-beom Ko
232610,T. Asano,Takuma Asano
232626,Oh Jae Suk,Jae-suk Oh
232639,R. Doan,Ritsu Doan
232642,T. Olusanya,Olutoyosi Tajudeen Olusanya
232643,L. Guwara,Leon Guwara
232645,F. Cambeses,Facundo Nicolás Cambeses
232646,C. Bravo,Claudio Nicolás Bravo
232648,L. Gibson,Liam Steven Gibson
232653,R. Tapia,Rodrigo Ernesto Tapia
232654,L. Malagón,Luis Ángel Malagón Velázquez
232655,S. Juklerød,Simen Kristiansen Juklerød
232656,T. Hernández,Theo Bernard François Hernández
232658,D. Doekhi,Danilho Raimundo Doekhi
232665,M. Arambarri,Mauro Wilney Arambarri Rosa
232668,L. Gordon,Liam Craig Gordon
232670,F. Zampedri,Fernando Matías Zampedri
232673,M. Al Haidari,Marwan Al Haidari
232675,M. Al Mufarrij,Muteb Abdullah Al Mufarrij
232693,C. Awaziem,Chidozie Collins Awaziem
232699,L. Comas,Lautaro Nicolás Comas
232704,T. Ominami,Takuma Ominami
232708,M. Valenzuela,Milton Nahuel Valenzuela
232709,D. Batallini,Damián Iván Batallini
232710,Andrigo,Andrigo Oliveira de Araújo
232711,J. Stage,Jens Dalsgaard Stage
232729,C. Tarragona,Cristian Alberto Tarragona
232730,D. Kamada,Daichi Kamada
232755,J. Dasilva,Jay Rhys Dasilva
232756,F. Tomori,Oluwafikayomi Oluwadamilola Tomori
232757,K. Scott,Kyle Michael Scott
232759,J. Tymon,Joshua Lewis Tymon
232760,D. Diaw,El Hadji Pape Djibril Diaw
232765,T. Molina,Tómas Martín Molina
232770,S. Colombatto,Santiago Colombatto
232785,C. Togashi,Cayman Graybill Togashi
232805,Bernardo,Bernardo Fernandes da Silva Junior
232817,I. Chicco,Ignacio Francisco Chicco
232826,F. Mac Allister,Francis Manuel Mac Allister
232829,K. Ogawa,Koki Ogawa
232831,Choi Kyu Baek,Kyu-baek Choi
232832,L. Gómez,Luciano Luis Rómulo Gómez
232839,M. Muheim,Miro Max Maria Muheim
232843,D. Prokop,Dominik Prokop
232857,Yu In Soo,In-soo Yu
232861,K. Mizunuma,Kota Mizunuma
232865,Ahn Tae Hyun,Tae-hyun An
232871,Gao Zhunyi,Gao Zhunyi
232873,K. Machida,Koki Machida
232888,Chen Zhechao,Chen Zhechao
232901,M. Ali,Mukhtar Abdullahi Ali
232904,A. Al Dawsari,Abdulrahman Mutlaq Al Dosari
232905,J. Ito,Junya Ito
232963,T. Kanamori,Takeshi Kanamori
232997,Lee Han Do,Han-do Lee
232999,T. Adams,Tyler Shaan Adams
233011,Jeong Chi In,Chi-in Jeong
233012,Hong Jung Un,Jeong-un Hong
233018,Kim Dae Won,Dae-won Kim
233023,F. Gil,Faber Andrés Gil Mosquera
233029,R. Aliendro,Rodrigo Germán Aliendro
233034,J. Andrada,Juan Alberto Andrada
233045,I. Ugbo,Iké Dominique Ugbo
233047,J. Latibeaudiere,Joel Owen Latibeaudiere
233048,T. Dele-Bashiru,Ayotomiwa Sherif Dele-Bashiru
233049,J. Sancho,Jadon Malik Sancho
233050,M. Smith,Matthew Robert Smith
233051,L. Bolton,Luke Phillip Bolton
233053,A. Hadžiahmetović,Amir Hadžiahmetović
233056,D. Cleary,Daniel Cleary
233061,M. Pereira Lage,Mathias Pereira Lage
233064,M. Mount,Mason Tony Mount
233078,P. Sabbag,Pablo David Sabbag Daccarett
233084,N. Molina,Nahuel Molina Lucero
233092,J. Pereyra,Joaquín Nicolás Pereyra
233096,D. Dumfries,Denzel Justus Morris Dumfries
233097,R. van Drongelen,Rick van Drongelen
233098,S. Floranus,Sherel Constancio Floranus
233101,R. Kortsmit,Roy Kortsmit
233109,F. Stokkers,Finn Stokkers
233113,Aleñá,Carles Aleñá Castillo
233115,R. Cole,Reece George Cole
233125,M. Hartel,Marcel Hartel
233128,M. Kouhyar,Qamaruddin Maziar Kouhyar
233139,C. Itten,Cédric Jan Itten
233151,K. Miyoshi,Koji Miyoshi
233152,K. Itakura,Ko Itakura
233164,A. Murić,Arijanet Anan Murić
233169,M. Yamane,Miki Yamane
233178,M. Köhlert,Mats Köhlert
233185,Oh In Pyo,In-pyo Oh
233189,D. Vásquez,Devis Estiven Vásquez Llach
233190,D. Palacio,Duban Felipe Palacio Mosquera
233195,X. Schlager,Xaver Schlager
233201,C. Mepham,Christopher James Mepham
233212,A. Skovgaard,Andreas Skovgaard Larsen
233214,V. Gutkovskis,Vladislavs Gutkovskis
233215,C. Addai,Corey Kofi Cheremeh Addai
233216,P. Tietz,Phillip Tietz
233222,K. Jóźwiak,Kamil Jan Jóźwiak
233225,S. Taniguchi,Shogo Taniguchi
233230,K. Mac Allister,Kevin Mac Allister
233231,Jon Bautista,Jon Bautista Orgilles
233245,S. McLoughlin,Shane Daniel McLoughlin
233260,A. Vega,Ernesto Alexis Vega Rojas
233265,R. Oudin,Rémi Oudin
233267,M. Turner,Matthew Charles Turner
233276,A. Dozzell,Andre Leon Dozzell
233280,Lee Min Gi,Min-ki Lee
233286,Hwang In Jae,In-jae Hwang
233292,M. Barbieri,Miguel Ángel Barbieri
233301,R. Kristensen,Rasmus Nissen Kristensen
233306,D. Henderson,Dean Bradley Henderson
233309,S. Ramírez,Simón Alonso Ramírez Cuevas
233315,S. Clare,Sean James Kewku Clare
233329,M. Villanueva,Mikel Villanueva Álvarez
233372,B. Merlini,Bautista Merlini
233373,S. Diarra,Stéphane Imad Diarra
233375,D. Leahy,Darragh John Leahy
233377,C. Maycock,Callum Maycock
233378,J. Shipley,Jordan Mark Edward James Shipley
233379,N. Castro,Niklas Fernando Nygård Castro
233394,Huang Zhengyu,Huang Zhengyu
233396,I. Touré,Idrissa Touré
233400,J. Glesnes,Jakob Glesnes
233404,I. Rojas,Iván Andrés Rojas Vásquez
233409,R. Gumny,Robert Gumny
233414,João Graça,João Pedro Salazar da Graça
233419,Raphinha,Raphael Dias Belloli
233424,J. Rojas,Joao Joshimar Rojas López
233425,E. Kastrati,Elhan Kastrati
233435,M. Maranda,Manuel Maranda
233442,J. Osei-Tutu,Jordi Martin Emmanuel Osei-Tutu
233444,M. Mehnert,Marcus Johansen Mehnert
233451,Zhao Yingjie,Zhao Yingjie
233465,M. Kabasakal,Melih Kabasakal
233470,Borja Galán,Borja Galán González
233472,N. Sarenren Bazee,Noah Joel Sarenren Bazee
233476,B. Riveros,Blás Miguel Riveros Galeano
233478,M. Zajc,Miha Zajc
233483,T. Tissoudali,Tarik Tissoudali
233486,R. Le Normand,Robin Le Normand
233487,R. McGree,Riley Patrick McGree
233492,J. Felix,Joel Rasmus Felix
233493,J. Sánchez,Jorge Eduardo Sánchez Ramos
233510,T. Chong,Tahith Jose Chong
233512,A. Toșca,Alin Dorinel Toșca
233520,B. Atik,Barış Fahri Atik
233524,U. Singh,Udanta Singh Kumam
233525,V. Rai,Vinit Rai Chamling
233529,F. Gaibor,Fernando Vicente Gaibor Orellana
233556,R. Orsolini,Riccardo Orsolini
233560,Lim Min Hyuk,Min-hyeok Lim
233565,J. Koroma,Joshua Abdulai Koroma
233568,Lee Sang Heon,Sang-heon Lee
233571,A. Arias,Alexis Arias Tuesta
233572,D. Udoh,Dominic Daniel Udoh
233585,Lincoln,Lincoln Henrique Oliveira dos Santos
233588,Elgezabal,Unai Elgezabal Udondo
233591,Pomares,Carlos Pomares Rayo
233602,G. Hirst,George David Eric Hirst
233630,H. Cuypers,Hugo Jean-Marc Cuypers
233631,A. Ndiaye,Amath Ndiaye Diedhiou
233656,A. Brody,Andrew Brody
233665,J. Ayunga,Jonah Ananias Paul Ayunga
233667,Shan Huanhuan,Shan Huanhuan
233691,M. Adamonis,Marius Adamonis
233705,J. Sørensen,Jacob Lungi Sørensen
233707,S. Haugen,Sigurd Hauso Haugen
233710,L. Di Yorio,Lucas Gabriel Di Yorio
233711,T. Oude Kotte,Thomas Oude Kotte
233725,T. Nijhuis,Thijmen Joel Sander Nijhuis
233727,C. McLennan,Connor McLennan
233730,Y. Méïté,Yakou Méïté
233731,A. Isak,Alexander Isak
233732,D. Okereke,David Chidozie Okereke
233738,Zubeldia,Igor Zubeldía Elorza
233763,P. Dahlberg,Pontus Jacob Ragne Dahlberg
233767,S. Alakouch,Sofiane Alakouch
233770,Kang Yoon Seong,Yoon-Sung Kang
233775,N. Benegas,Gabriel Nicolás Benegas
233777,P. Silva Torrejón,Pedro Silva Torrejón
233780,A. Maldonado,Luis Alexis Maldonado
233785,R. Bormuth,Robin Bormuth
233790,Thiago,Thiago Martins Bueno
233793,A. Lewis,Aaron James Lewis
233795,B. Brereton Díaz,Benjamin Anthony Brereton Díaz
233800,F. Bjørkan,Fredrik André Bjørkan
233804,T. Bakinson,Tyreeq Bakinson
233812,A. Lucoqui,Anderson-Lenda Lucoqui
233814,J. Romaña,Johan Sebastián Romaña Espitia
233820,S. Sinyan,Sheriff Sinyan
233822,J. Millán,Julián Camilo Millán Díaz
233835,P. Szysz,Patryk Szysz
233848,J. Hauge,Jens Petter Hauge
233851,J. Taylor,Jack Henry Philip Taylor
233865,R. Hale,Ronan Aiden Connolly Shea Chapman Hale
233866,O. Edouard,Odsonne Édouard
233868,G. Gavrilaș,George Petruț Gavrilaș
233871,Júnior Morais,Iraneuton Sousa Morais Júnior
233874,A. Ioniță,Alexandru Cornel Ioniță
233880,G. Fechner,Gino Fechner
233884,C. Pickel,Charles Monginda Pickel
233885,E. Cömert,Eray Ervin Cömert
233892,T. Sandoval,Tomás David Sandoval
233897,M. Fall,Mamadou Fall
233911,José Matos,José Joaquín Matos García
233917,D. Kutesa,Dereck Germano Kutesa
233918,M. Velazco,Ramón Maximiliano Velazco
233924,M. Lovera,Maximiliano Alberto Lovera
233926,Léo Duarte,Leonardo Campos Duarte Da Silva
233927,Lucas Paquetá,Lucas Tolentino Coelho de Lima
233931,K. Rowles,Kye Francis Rowles
233934,A. Ramsdale,Aaron Christopher Ramsdale
233938,D. Kasumu,David Ayomide Kasumu
233941,L. Cullen,Liam Jamie Cullen
233943,Ronaldo Vieira,Ronaldo Augusto Vieira Nan
233945,Wu Wei,Wu Wei
233946,Tong Lei,Tong Lei
233947,Wang Yang,Wang Yang
233950,M. Smith,Matthew Smith
233957,S. Field,Samuel Edward Field
233959,S. Villa,Sebastián Villa Cano
233960,L. Mühl,Lukas Mühl
233961,S. Al Najai,Sami Khalil Nasser Al Najei
233965,A. Castro-Montes,Alessio Daniel Castro-Montes
233968,L. Sernicola,Leonardo Sernicola
233970,J. Wright,Jordan Ian Wright
233974,Nathael Silbeira,Nathael Walter Silbeira Caeiro
233976,Nelson Freitosa,Nelson Arturo Freitosa Ruiz
233977,Eduardo Fonseira,Eduardo Flávio Fonseira Meire
233978,Vitor Marlão,Vitor Marlon Bereitta Cortejo
233984,Mardial Cunha,Mardial Sidney Cunha Sousa
233986,Jony Reitosa,Jony Allison Reitosa Ribeiro
233988,Vágner Norteiro,Vágner Nilson Norteiro Brito
233993,Ricky Guerreda,Ricardo Silas Guerreda Vilela
233998,Márcio Velinha,Márcio Anderson Vasquez Hoffman
233999,Jairo Farnias,Jairo Ralph Farnias Almeida
234002,Caio Venzano,Caio Hugo Venzano Bastos
234004,Tomás Nuninho,Tomás Nicolas Nuninho Alfaro
234007,Claudio Mouria,Claudio Igor Mouria Silva
234015,Caio Milaçar,Caio Bruno Milaçar Kenedy
234016,Welliton Helmes,Welliton Edson Helmes Junqueira
234018,Sandeiro Leal,Sandeiro Luan Leal Neto
234019,Ranteiro Alves,Ranteiro César Alves Catarino
234022,Adrián Maideira,Adrián Guto Maideira Almeida
234023,Éder Aldralho,Éder Marvin Aldralho Castro
234025,Edélcio Maranhesi,Edélcio Martins Cardozo Maranhesi
234028,Rômulo Calsede,Rômulo Roberto Calsede Caiado
234032,Lluís López,Lluís López Mármol
234035,Odriozola,Álvaro Odriozola Arzallus
234037,R. Piris da Motta,Robert Ayrton Piris Da Motta Mendoza
234039,R. Edmonds-Green,Rarmani River Miguel Joseph Edmonds-Green
234045,H. Onyekuru,Henry Chukwuemeka Onyekuru
234051,A. Afif,Akram Hassan Afif Yahya Afif
234054,C. Cáceda,Carlos Alberto Cáceda Ollaguez
234059,J. Chancellor,Jhon Carlos Chancellor Cedeño
234060,Y. Herrera,Yangel Clemente Herrera Ravelo
234061,C. Suárez,Carlos Luis Suárez Mendoza
234066,J. Hove,Johan Hove
234070,M. Kanabah,Majed Omar Kanabah
234072,A. Ralston,Anthony Ralston
234078,O. Mangala,Orel Johnson Mangala
234087,C. Styles,Callum John Styles
234099,J. Aitchison,Jack Aitchison
234102,I. Radu,Ionuț Andrei Radu
234107,E. Ojeda,Pedro Emmanuel Ojeda
234108,G. Maroni,Gonzalo Maroni
234111,D. Turnbull,David Turnbull
234112,Dodô,Domilson Cordeiro dos Santos
234122,Artur,José Artur de Lima Júnior
234129,D. Sinik,Doğukan Sinik
234134,Flavio,Flávio Medeiros da Silva
234138,B. Mazikou,Bradley Lovelife Mazikou
234143,M. Mangraviti,Massimiliano Mangraviti
234147,Dany Mota,Dany Mota Carvalho
234148,W. Janssens,Wolke Johannes Janssens
234153,Carlos Soler,Carlos Soler Barragán
234158,A. Gory,Alimami Gory
234167,S. Van der Heyden,Siebe Van der Heyden
234171,R. Sallai,Roland Sallai
234177,N. Ennis,Niall Nathan Michael Ennis
234180,A. Hohberg,Alejandro Hohberg González
234186,Yeon Je Woon,Je-woon Yeon
234200,A. El Mahdioui,Aschraf El Mahdioui
234205,H. Ito,Hiroki Ito
234222,Cho Young Wook,Young-wook Cho
234226,Bruno Viana,Bruno Viana Willemen da Silva
234229,R. McCrorie,Ross McCrorie
234236,P. Schick,Patrik Schick
234239,G. Hein,Gauthier Hein
234241,B. Lubala,Beryly Logos Lubala
234242,C. O'Keeffe,Corey James John O'Keeffe
234249,S. Surridge,Samuel William Surridge
234258,S. Seddon,Steven Jeffrey Seddon
234260,A. Fisher,Andrew Lee Fisher
234261,M. Platt,Matthew James Platt
234264,Jeong Seung Won,Seung-won Jeong
234276,Jeong Jae Hee,Jae-hee Jeong
234279,C. Rizzuto,Calogero Rizzuto
234291,L. Väisänen,Leo Onni Artturi Väisänen
234294,L. Lingman,Lucas Lingman
234298,N. Alho,Nikolai Aleksanteri Alho
234300,L. Lappalainen,Lassi Roni Kasperi Lappalainen
234301,Choi Cheol Won,Cheol-won Choi
234319,L. Travis,Lewis Travis
234333,M. Maolida,Myziane Maolida
234339,Park Dae Hoon,Dae-hun Park
234341,İ. Eğribayat,İrfan Can Eğribayat
234350,Viti Rozada,Víctor Álvarez Rozada
234358,J. Ceesay,Lars Joseph Ceesay
234371,R. Descamps,Rémy Descamps
234374,Andrei Alba,Andrei Alba
234375,P. Doyle,Paul Doyle
234378,D. Rice,Declan Rice
234381,J. Müller,Jannik Müller
234383,M. Schubert,Markus Schubert
234385,N. Hauptmann,Niklas Hauptmann
234396,A. Davies,Alphonso Boyle Davies
234399,J. Eggestein,Johannes Eggestein
234407,J. Bitter,Joshua Bitter
234416,D. Nothnagel,Dominik Nothnagel
234426,Marcão,Marcos do Nascimento Teixeira
234457,O. Etebo,Oghenekaro Peter Etebo
234458,C. Quintana,Carlos Quintana
234464,V. Ramis,Victorio Gabriel Ramis
234466,F. Juárez,Fernando Ezequiel Juárez
234468,E. Reynoso,Emanuel Reynoso
234472,M. Sørensen,Mads Bech Sørensen
234487,A. Charles,Ashley James Charles
234488,M. Rygaard,Mikkel Rygaard Jensen
234496,O. Bogle,Omar Hanif Bogle
234497,H. Clifton,Harry Louis Clifton
234501,D. Anyembe,Daniel Francis Anyembe
234505,Evander,Evander da Silva Ferreira
234508,C. Singh,Chinglensana Konsham Singh
234515,J. Lefort,Jordan Lefort
234522,J. Okkels,Jeppe Møldrup Okkels
234537,T. Bouriaud,Teddy Bouriaud
234569,Florentino,Florentino Ibrain Morris Luís
234570,Jota,João Pedro Neves Filipe
234573,Aurélio Buta,Aurélio Gabriel Ulineia Buta
234574,Diogo Dalot,José Diogo Dalot Teixeira
234575,Diogo Leite,Diogo Filipe Monteiro Pinto Leite
234577,Diogo Costa,Diogo Meireles da Costa
234579,J. Quiñones,Julián Andrés Quiñones Quiñones
234605,N. Al Shwaier,Nawaf Al Shuwaier
234612,J. Ikoné,Nanitamo Jonathan Ikoné
234631,S. Grønning,Sebastian Grønning Andersen
234638,H. Udahl,Henrik Udahl
234640,B. Jatta,Bakery Jatta
234642,É. Mendy,Édouard Osoque Mendy
234658,O. Hedvall,Oscar Thore Hedvall
234671,J. Odgaard,Jens Odgaard
234677,R. Thellufsen,Rasmus Thellufsen Pedersen
234678,J. Mæhle,Joakim Mæhle Pedersen
234679,P. Sandler,Philippe Sandler
234683,A. Zeqiri,Andi Avdi Zeqiri
234686,J. Lotomba,Jordan Mvula Lotomba
234687,A. Kabacalman,Ali Kabacalman
234704,M. Marcjanik,Michał Piotr Marcjanik
234710,D. Lamkel Zé,Didier Lamkel Zé
234711,J. Brekalo,Josip Brekalo
234717,S. Pérez,Sebastián Andrés Pérez Kirby
234724,John Victor,John Victor Maciel Furtado
234727,T. Hübers,Timo Bernd Hübers
234728,L. Bénes,László Bénes
234730,V. Rosier,Valentin André Henri Rosier
234731,Jair Amador,Jair Amador Silos
234735,A. Jovanović,Aleksandar Jovanović
234740,M. El Hankouri,Mohammed El Hankouri
234741,G. Hamer,Gustavo Martin Emilio Hamer
234742,H. Barnes,Harvey Lewis Barnes
234749,Song Ju Hun,Ju-hun Song
234760,A. Reca,Arkadiusz Reca
234769,Juanpe,Juan Pedro Jiménez Melero
234772,Salvi Sánchez,Salvador Sánchez Ponce
234774,K. Laifis,Konstantinos Laifis
234777,Z. Steffen,Zackary Thomas Steffen
234779,Caro,José Antonio Caro Diaz
234783,A. Vukčević,Andrija Vukčević
234790,Juan Soriano,Juan Soriano Oropesa
234795,A. Bernede,Antoine Joseph Emmanuel Bernede
234799,Y. Demoncy,Yohan Demoncy
234803,N. Baxter,Nathan Joseph Baxter
234813,R. Pankov,Radovan Pankov
234814,J. Ruiz,Jean Ruiz
234817,S. Knežević,Stefan Knežević
234824,Y. Wissa,Yoane Wissa
234826,Toni Martínez,Antonio Martínez López
234827,J. Rasmussen,Jacob Vandsø Rasmussen
234833,F. Müller,Florian Müller
234835,Domingos Duarte,Domingos de Sousa Coutinho Meneses Duarte
234843,M. Leitsch,Maxim Leitsch
234856,H. Mendes,Houboulang Mendes
234858,M. Funk,Marius Funk
234860,A. Condé,Amara Condé
234861,R. Ziegele,Robin Ziegele
234867,D. Arzani,Daniel Arzani
234870,E. Karaca,Efecan Karaca
234875,L. Höler,Lucas Höler
234877,F. Buntić,Fabijan Buntić
234883,G. Tomasiewicz,Grzegorz Tomasiewicz
234889,F. Jensen,Hans Fredrik Jensen
234894,E. Bohinen,Emil Bohinen
234901,N. Shipnoski,Nicklas Shipnoski
234903,G. Coucke,Gaëtan Coucke
234905,D. Vanzeir,Dante Vanzeir
234906,H. Aouar,Houssem Aouar
234910,V. Selimović,Vahid Selimović
234913,C. Fassnacht,Christian Fassnacht
234918,M. Nalepa,Michał Jan Nalepa
234919,C. Valencia,Cristian Camilo Valencia Cifuentes
234924,A. Diakhaby,Adama Salimou Diakhaby
234927,R. Edwards,Raheem Nathaniel Anfernee Edwards
234930,Pedro Rebocho,Pedro Miguel Braga Rebocho
234935,João Talocha,João Carlos Araújo Fonseca Silva
234940,A. Baldwin,Aden William James Baldwin
234941,C. Pring,Cameron Lewis Moir-Pring
234943,F. Neuhaus,Florian Christian Neuhaus
234945,M. Besuschkow,Max Besuschkow
234955,A. Sarmiento,Andrés de Jesús Sarmiento Salas
234970,D. Terans,Miguel David Terans Pérez
234982,M. Christensen,Magnus Christensen
234983,Q. Laçi,Qazim Laçi
234984,M. Janković,Marko Janković
234986,P. Retsos,Panagiotis Retsos
234988,M. Al Saeed,Mohammed Khalifah Mohammed Al Saeed
234991,M. Opondo,Moses Opondo
234992,Luís Rocha,Luís Carlos da Rocha Rodrigues
235002,L. Rosić,Lazar Rosić
235004,G. Suso,Gastón Suso
235005,O. Kakabadze,Otar Kakabadze
235008,L. Robertone,Lucas Gastón Robertone
235014,J. Smith,Jonathan Gary Smith
235018,M. Nicolas,Moritz Nicolas
235022,N. Schmidt,Niklas Uwe Schmidt
235026,O. Richards,Omar Tyrell Crawford Richards
235027,L. Southwood,Luke Kevin Southwood
235028,T. McIntyre,Thomas Peter McIntyre
235029,F. Chalov,Fedor Chalov
235036,W. Faes,Wout Felix Lina Faes
235047,J. Menéndez,Jonathan Diego Menéndez
235059,L. Thomas,Luke Gerald Michael Thomas
235073,G. Kobel,Gregor Kobel
235088,Luis Pérez,Luis Jesús Pérez Maqueda
235100,M. Kałahur,Miłosz Kałahur
235101,T. Makowski,Tomasz Makowski
235133,M. Finotto,Mattia Finotto
235134,P. Rosario,Pablo Paulino Rosario
235139,Long Wei,Long Wei
235141,P. Menzel,Phillip Menzel
235149,J. Schouten,Jerdy Hendrikus Gerardus Bernardus Schouten
235152,F. Kadıoğlu,Ferdi Erenay Kadıoğlu
235156,J. Dunne,James Gerard Dunne
235157,C. Daferner,Christoph Daferner
235161,J. Maja,Joshua Erowoli Orisunmihare Oluwaseun Maja
235163,M. Castagnetti,Michele Castagnetti
235166,M. Jeahze,Mohanad Abdulkadhim Qasim Al Jebur Jeahze
235167,V. Janelt,Vitaly Janelt
235172,Rúben Vinagre,Rúben Gonçalo Silva Nascimento Vinagre
235173,I. Sangaré,Ibrahim Sangaré
235184,D. Ríos,Daniel Armando Ríos Calderón
235185,P. Stolc,Przemysław Stolc
235194,G. Vrioni,Giacomo Vrioni
235212,A. Hakimi,Achraf Hakimi Mouh
235216,B. Fox,Benjamin Jake Fox
235218,M. Dinanga,Marcus Dinanga Nyamabu
235222,S. Horemans,Siebe Horemans
235242,D. Heymans,Daan Heymans
235243,M. de Ligt,Matthijs de Ligt
235244,R. Nicolaisen,Rasmus Schmidt Nicolaisen
235247,S. Smith,Samuel Toby Smith
235253,P. Kammerbauer,Patrick Kammerbauer
235258,C. Rodríguez,Carlos Emilio Rodríguez Rodríguez
235266,C. Früchtl,Christian Martin Früchtl
235267,A. Famewo,Akinlolu Richard Olamide Famewo
235269,S. Balaure,Silviu Nicolae Balaure
235274,M. Mleczko,Miłosz Mleczko
235288,S. Schreck,Sam Francis Schreck
235292,L. Carissoni,Lorenzo Carissoni
235297,M. Bero,Matúš Bero
235304,B. Mrozek,Bartosz Mrozek
235312,Alfonso Herrero,Alfonso Herrero Peinador
235315,V. Gheorghe,Valentin Gheorghe
235329,J. Gibbons,James Andrew Gibbons
235345,G. Iancu,Gabriel Cristian Iancu
235347,T. Pearce,Tom Mark Pearce
235353,I. Sarr,Ismaïla Sarr
235360,R. Ache,Ragnar Prince Friedel Ache
235370,Yago,Yago César da Silva
235374,M. Lazzari,Manuel Lazzari
235375,A. Quintana,Aldair Alejandro Quintana Rojas
235380,R. Oaidă,Răzvan Constantin Oaidă
235389,C. Rodríguez,Carlos Alberto Rodríguez Gómez
235398,Jean Carlos,Jean Carlos Silva Rocha
235405,D. O'Shea,Dara Joseph O'Shea
235407,S. Özcan,Salih Özcan
235410,Y. En-Nesyri,Youssef En-Nesyri
235413,R. Majecki,Radosław Majecki
235414,O. Hutsuliak,Oleksiy Gutsulyak
235416,M. Entrup,Maximilian Entrup
235425,D. Jones,Derrick Jones Amaniampong
235432,M. Munetsi,Marshall Nyasha Munetsi
235442,S. Ngezana,Siyabonga Ngezana
235454,M. Sarr,Malang Mamadou William Sarr
235456,J. Bellegarde,Jean-Ricner Bellegarde
235458,C. Kipré,Cédric Kipré
235460,B. Güngördü,Bahadır Han Güngördü
235464,J. Storey,Jordan Ben Storey
235467,M. Moreno,Damián Marcelino Moreno
235471,B. Nowak,Bartosz Nowak
235496,O. Rathbone,Oliver Michael Rathbone
235507,Iban Salvador,Iván Salvador Edú
235513,S. Ganvoula,Silvère Ganvoula M'boussy
235514,S. Al Rubaie,Saeed Awadh Al Rubaie Al Yami
235516,R. Kaib,Rami Kaib
235522,Aleix Febas,Aleix Febas Pérez
235526,D. Geiger,Dennis Geiger
235532,M. Roseth,Martin Ove Roseth
235537,E. Sánchez,Erick Daniel Sánchez Ocegueda
235546,A. Krešić,Anton Krešić
235551,I. Al Shuayl,Ibrahim Fahd Ibrahim Al Shuail
235553,Y. Salmier,Yoann Salmier
235565,D. Bronn,Dylan Daniel Mahmoud Bronn
235569,T. Ndombele,Tanguy Ndombélé Alvaro
235570,G. Makouta,Gaïus Abraham Jered Makouta
235572,R. Sykes,Ross James Sykes
235573,M. Godinho,Marcus Valdez Pereira Godinho
235574,Lucas França,Lucas Oliveira de França
235590,P. Sisniega,Pablo Eduardo Sisniega Fink
235600,B. Al Mutairi,Bandar Nasser Al Mutairi
235606,J. Karlstrøm,Jacob Karlstrøm
235618,K. Wilson,Kane Leo Wilson
235619,M. Edwards,Marcus Edwards
235629,O. De Wolf,Ortwin De Wolf
235633,Y. Diouf,Yehvann Diouf
235634,G. Konan,Ghislain Niclomande Konan
235636,M. Madsen,Mads Emil Møller Madsen
235642,R. Yates,Ryan James Yates
235650,B. Doherty,Ben Doherty
235658,V. Nelsson,Victor Enok Nelsson
235661,D. Haspolat,Doğucan Haspolat
235662,A. Mumin,Khalid Abdul Mumin Suleman
235663,G. Til,Guus Berend Til
235670,R. Lundqvist,Ramon Pascal Lundqvist
235684,Y. Rak,Yonatthan Nicolás Rak Barragán
235704,S. Todd,Sam Todd
235717,B. Özcan,Berkay Özcan
235728,W. O'Hora,Warren Patrick O'Hora
235729,D. Bates,David Robert Bates
235735,E. Ampadu,Ethan Kwame Colm Raymond Ampadu
235740,A. Paleari,Alberto Andrea Paleari
235742,S. Nombe,Samuel Tshiayima Nombe
235744,B. Thomas-Asante,Solomon Brandon Michael Clarke Thomas-Asante
235751,B. Nastić,Bojan Nastić
235754,Borja Herrera,Borja Herrera González
235755,A. Trusty,Auston Levi-Jesaiah Trusty
235769,O. Dale,Owen Dale
235770,H. Pickering,Harry Leslie Pickering
235771,T. Lowery,Thomas Richard Lowery
235773,L. James-Wildin,Luther Ash James-Wildin
235781,Santi Comesaña,Santiago Comesaña Veiga
235790,K. Havertz,Kai Lukas Havertz
235794,E. Eze,Eberechi Oluchi Eze
235799,A. Sissako,Abdoulaye Sissako
235800,M. Šverko,Marin Šverko
235805,F. Chiesa,Federico Chiesa
235806,G. Satalino,Giacomo Satalino
235807,A. Morley,Aaron Paul Morley
235808,J. Bedeau,Jacob Mitchell Bedeau
235813,R. Marin,Răzvan Gabriel Marin
235815,S. Sidler,Silvan Eli Sidler
235817,A. Gutiérrez,Aldair Yesid Gutiérrez Toncel
235820,P. Gartler,Paul Gartler
235824,T. Alarcón,Tomás Jesús Alarcón Vergara
235834,F. Depaoli,Fabio Depaoli
235835,A. Confente,Alessandro Confente
235840,M. Di Gregorio,Michele Di Gregorio
235842,A. Pinamonti,Andrea Pinamonti
235844,E. Álvarez,Edson Omar Álvarez Velázquez
235849,M. Fofana,Mamadou Fofana
235854,Léo Santos,Leonardo Rodrigues dos Santos
235855,J. Asoro,Joel Joshoghene Asoro
235860,M. Woud,Michael Cornelis Woud
235863,M. Varnier,Marco Varnier
235866,C. Kouamé,Christian Michael Kouamé Kouakou
235875,Pol Lirola,Pol Mikel Lirola Kosok
235880,L. Marson,Leonardo Marson
235883,R. Sessegnon,Kouassi Ryan Sessegnon
235884,O. Krusnell,Oscar Krusnell
235885,T. Muyumba,Tristan Muyumba Nkita
235888,I. Cardona,Irvin Cardona
235889,C. Ünder,Cengiz Ünder
235890,M. Saadane,Marwane Saadane
235899,D. Zeefuik,Deyovaisio Evan Zeefuik
235906,M. Grødem,Magnus Retsius Grødem
235915,L. Molyneux,Luke James Molyneux
235916,V. Mantovani,Valerio Mantovani
235926,M. Zaracho,Federico Matías Javier Zaracho
235931,M. Şengezer,Muhammed Şengezer
235932,A. Dadakdeniz,Mehmet Ataberk Dadakdeniz
235935,L. Zanimacchia,Luca Zanimacchia
235942,F. Cassata,Francesco Cassata
235944,Brais Méndez,Brais Méndez Portela
235945,Marc Roca,Marc Roca Junqué
235946,S. Lomónaco,Sebastián Ariel Lomónaco
235949,Gabriel Strefezza,Gabriel Tadeu Strefezza Rebelato
235955,R. Guitane,Rafik Guitane
235966,G. Goñi,Marcos Gonzalo Goñi
235970,Mario González,Mario González Gutiérrez
235973,S. Szymański,Sebastian Szymański
235980,I. Morales,Iván Andrés Morales Bravo
235983,Álex Pozo,Alejandro Pozo Pozo
235984,Nan Song,Nan Song
235987,I. Gómez,Iván Alejandro Gómez
235988,Jacobo González,Jacobo González Rodrigáñez
235989,N. Briasco,Norberto Briasco
235991,N. Cordero,Nicolás Fernando Cordero
235995,A. Borković,Alexandar Borković
235997,Fran Beltrán,Francisco José Beltrán Peinado
236015,M. Gibbs-White,Morgan Anthony Gibbs-White
236018,N. Caro Torres,Nicolás Ezequiel Caro Torres
236025,H. Smith,Harry Roy Smith
236033,Dani Cárdenas,Daniel Cárdenas Lindez
236037,P. Clement,Pelle Clement
236038,K. Duncan,Kyle Barri Duncan
236045,Reinildo,Reinildo Isnard Mandava
236046,I. Zlobin,Ivan Zlobin
236071,João Bardinho,João Rodolfo Bardinho Barros
236073,Alam Lindeiro,Alam Cristian Lindeiro Couto
236074,Fred Soidares,Fred Kauê Soidares Lima
236075,Enzo Merques,Enzo Diogo Merques Gomes
236076,Marlion Simões,Marlion Gustavo Simões Paiva
236108,Elieser Baldeiro,Elieser Danilo Baldeiro Lopes
236109,Jorge Praceira,Jorge Renato Praceira Diniz
236112,Douglas Armeira,Douglas Arthur Armeira Bahia
236113,Jailson Oliva,Jailson Pietro Oliva Chiamulera
236142,Nildo Reisão,Nildo Enaldo Reisão Dinis
236144,Elton Coengo,Elton Matheus Coengo Barbosa
236145,Luan Sendeiro,Luan Vágner Sendeiro Zanon
236146,Marlon Dorrão,Marlon Wilson Dorrão Barni
236147,Lourival Rodeiro,Lourival Adnan Rodeiro Reis
236164,Martin Cordeia,Martin Victor Cordeia Damasco
236165,Paulo Daineiro,Paulo Bernard Daineiro Cruz
236170,Ever Sineiro,Ever Tomás Sineiro Parrela
236172,Nilson Padilho,Nilson Leôncio Padilho Borges
236173,Alex Doneiro,Alex Charles Doneiro Gomes
236178,Renato Rochela,Renato Peter Rochela Costa
236186,Ever Corredeira,Ever José Corredeira Foz
236190,Roberto Soira,Roberto Júnior Soira Souza
236196,Nito Carbelho,Nito Wagner Carbelho Inácio
236197,Hélton Carvalhal,Hélton Fernando Carvalhal Lima
236209,D. Hume,Denver Jay Hume
236217,P. Neumann,Phil Yannik Neumann
236221,D. Brašanac,Darko Brašanac
236237,J. Bolado,Juan Cruz Bolado
236241,G. Viscarra,Guillermo Viscarra Bruckner
236244,T. Sibbick,Toby Peter Sibbick
236246,O. Ejaria,Oviemuno Dominic Ejaria
236247,H. Kane,Herbert Kane
236248,B. Woodburn,Benjamin Luke Woodburn
236259,S. Peña,Sergio Fernando Peña Flores
236260,A. Santamaría,Anderson Santamaría Bardales
236267,D. Aimar,Darío Javier Aimar Álvarez
236276,A. Danjuma,Arnaut Danjuma Adam Groeneveld
236281,F. Negri,Franco Negri
236295,Aarón Martín,Aarón Martín Caricol
236298,E. Atuesta,Eduard Andrés Atuesta Velasco
236304,Josema,José Manuel Sánchez Guillén
236307,D. Graovac,Daniel Graovac
236308,R. Marchizza,Riccardo Marchizza
236310,S. Hart,Samuel James Hart
236311,M. Rog,Marko Rog
236315,A. Jones,Alfie Charles Jones
236316,Y. Valery,Yan Valery
236319,T. O'Connor,Thomas James O'Connor
236321,D. Nlundulu,Dan Nlundulu
236330,V. Cojocaru,Valentin Alexandru Cojocaru
236337,J. Turner,Jake Edward Turner
236342,N. Mileusnić,Nikola Mileusnić
236344,J. Molumby,Jayson Patrick Molumby
236355,Luiz Felipe,Luiz Felipe Ramos Marchi
236363,B. Wolski,Bartosz Wolski
236364,D. Watts,Dylan Billy Watts
236368,G. Maggiore,Giulio Maggiore
236369,C. Zesiger,Cédric Zesiger
236378,A. Plizzari,Alessandro Plizzari
236379,J. Lunney,Jonathan Lunney
236382,M. Olivera,Maximiliano Martín Olivera De Andrea
236388,J. Garrick,Jordon D'Andre Garrick
236390,Pol Valentín,Pol Valentín Sancho
236393,Marc Cardona,Marc Cardona Rovira
236401,N. Mazraoui,Noussair Mazraoui
236403,E. Ndicka,Obite Evan Ndicka
236413,S. Kulenović,Sandro Kulenović
236420,Kady,Kady Iuri Borges Malinowski
236427,S. Olsson,Simon Olsson
236432,D. Sosa,Diego Alejandro Sosa
236437,J. Sbarra,Joseph Christopher Sbarra
236441,F. Bustos,Fabricio Tomás Bustos Sein
236449,K. Csoboth,Kevin Csoboth
236452,D. Lalhlimpuia,Daniel Lalhlimpuia
236454,S. Doumbia,Souleyman Keli Doumbia
236457,D. Giannoulis,Dimitris Giannoulis
236459,M. Wasielewski,Marcin Wasielewski
236461,J. Mateta,Jean-Philippe Mateta
236465,C. McJannet,Cameron McJannett
236466,C. Michelin,Clément Jérôme Michelin
236467,F. Götze,Felix Götze
236472,A. Cardozo,Agustín Ezequiel Cardozo
236474,M. Bundu,Mustapha Bundu Shong Hames
236477,A. Claude-Maurice,Alexis Claude-Maurice
236480,Y. Bissouma,Yves Bissouma
236487,D. Keillor-Dunn,Davis James Marshall Keillor-Dunn
236488,A. Traorè,Abdoulaye Traorè
236492,Pedro Díaz,Pedro Díaz Fanjul
236495,A. Bolger,Aaron Nigel Bolger
236496,M. Guendouzi,Mattéo Elias Kenzo Guendouzi Olié
236498,S. Lammers,Sam Adrianus Martinus Lammers
236499,Douglas Luiz,Douglas Luiz Soares de Paulo
236506,M. Senesi,Marcos Nicolás Senesi Barón
236507,T. Conechny,Tomás José Conechny
236508,Adrián Diéguez,Adrián Diéguez Grande
236510,B. Varga,Barnabás Varga
236515,Álvaro Ferllo,Álvaro Fernández Llorente
236518,A. Nordin,Arnaud Dominique Nordin
236524,A. Ahmedhodžić,Anel Ahmedhodžić
236528,S. Dalby,Samuel George Dalby
236529,S. Alzate,Steven Alzate
236530,L. O'Brien,Lewis John O'Brien
236532,R. Koch,Robin Leon Koch
236533,R. Glatzel,Robert Nesta Glatzel
236535,A. Touba,Ahmed Touba
236541,D. Hadžikadunić,Dennis Hadžikadunić
236551,H. Darling,Harry Jack Darling
236555,Guilherme Schettine,Guilherme Schettine Guimarães
236556,M. Hongla,Martin Hongla Yma II
236557,O. Patrick,Omari Joshua Curtis Patrick
236568,B. Austin,Brandon Anthony Austin
236571,M. Paes,Maarten Vincent Paes
236572,O. Wijndal,Owen Colin Wijndal
236573,Pablo Vázquez,Pablo Vázquez Pérez
236583,J. Pavlenka,Jiří Pavlenka
236586,Kim Jin Ya,Jin-ya Kim
236593,C. Stengs,Calvin Stengs
236600,J. Tanganga,Japhet Manzambi Tanganga
236601,S. Tracey,Shilow Ethan Tracey
236608,L. Bruera,Lucas Mariano Bruera
236610,M. Kean,Moise Bioty Kean
236611,R. Loft,Ryan George Henson Loft
236613,L. Grill,Hannes Lennart Grill
236617,T. Vlietinck,Thibault Vlietinck
236618,L. Lemoine,Laurent Lemoine
236621,P. Hamel,Pierre-Yves Hamel
236626,J. Koutroumbis,John Koutroumbis
236629,C. Operi,Christopher Téa Operi
236632,David Neres,David Neres Campos
236633,J. Bauza,Juan Francisco Bauza
236634,H. Stenevik,Halldor Østervold Stenevik
236636,A. Caci,Anthony Caci
236637,D. Adeniran,Dennis Emmanuel Abiodun Bamidele Chijioke Adeniran
236639,Xeka,Miguel Ângelo da Silva Rocha
236650,J. Brown,Jacob Samuel Brown
236657,F. Ugrinić,Filip Ugrinić
236662,P. Vagić,Pavle Vagić
236663,E. Balcombe,Ellery Ronald Balcombe
236668,G. Rojas,Gabriel Hernán Rojas
236670,N. Zalazar,Nicolás Mauricio Zalazar
236675,K. Jakob,Kilian Jakob
236677,I. Tapia,Ignacio Alejandro Tapia Bustamante
236679,Melendo,Óscar Melendo Jiménez
236689,K. Al Samiri,Khaled Mohammed Al Samiri
236690,M. Ngadeu,Michael Ngadeu Ngadjui
236692,Marc Gual,Marc Gual Huguet
236699,S. Lukić,Saša Lukić
236702,R. Ogle,Reagan Robert William Ogle
236703,D. Raum,David Raum
236706,P. Almqvist,Pontus Skule Erik Almqvist
236712,D. Lavalée,Dimitri Dominique Lavalée
236721,L. Fomba,Lamine Fomba
236723,F. Ballo-Touré,Fodé Ballo-Touré
236735,Josué Dorrio,Josué Dorrio Ortega
236750,S. Sørli,Sondre Sørli
236757,P. Klimala,Patryk Klimala
236758,O. Christensen,Oliver Christensen
236760,Kike Pérez,Enrique Pérez Muñoz
236764,A. Tanaka,Ao Tanaka
236767,E. Soleri,Edoardo Soleri
236772,D. Szoboszlai,Dominik Szoboszlai
236773,M. Siopis,Emmanouil
236774,A. Kuruniyan,Muhammad Ashique Kuruniyan
236784,E. Mason-Clark,Ephron Jardell Mason-Clark
236786,M. Terrier,Martin Terrier
236787,D. Franke,Dominik Franke
236791,A. Barák,Antonín Barák
236792,T. Souček,Tomáš Souček
236800,I. Angulo,Iván Darío Angulo Cortés
236803,W. Mazzantti,Walter Uriel Mazzantti
236804,F. Medina,Facundo Axel Medina
236810,Quiles,Alberto Quiles Piosa
236817,H. Maïga,Digbo G'nampa Habib Maïga
236818,A. Read,Arthur James Read
236822,G. Gudmundsson,Gabriel Gudmundsson
236823,I. Pettersson,Carl Isak Emanuel Pettersson
236830,Z. Youssouf,Zaydou Youssouf
236836,O. Okwonkwo,Orji Okwonkwo
236838,Y. Maleh,Youssef Maleh
236845,C. Kane,Conor Kane
236875,A. Poulsen,Andreas Poulsen
236877,Bruno Leite,Bruno Miguel Santos Leite
236883,M. Anderson,Mikael Neville Anderson
236885,B. Vazquez,Brandon Vázquez Toledo
236889,Matias Antonini,Matias Antonini Lui
236890,D. Genreau,Denis Genreau
236897,M. Moya,Matías Hernán Moya Cruces
236898,M. Aebischer,Michel Aebischer
236914,Álex Martín,José Alejandro Martín Valerón
236918,A. Dreyer,Anders Laustrup Dreyer
236919,N. Suman,Nicholas Suman
236920,J. Kluivert,Justin Dean Kluivert
236924,Bruno Wilson,Bruno Ricardo Valdez Wilson
236935,H. Wolf,Hannes Wolf
236943,A. Chalá,Aníbal Hernán Chalá Ayoví
236944,F. Diabaté,Fousseni Diabaté
236947,J. Torunarigha,Jordan Torunarigha
236956,J. Abrigo,Joe Axel Abrigo Navarro
236985,D. Huiban,Dragoș Huiban
236987,B. Kamara,Boubacar Bernard Kamara
236988,E. Nketiah,Edward Keddar Nketiah
236993,N. Lima,Nicholas Lima
236997,Cris Salvador,Cristian Salvador González
237000,R. Cannon,Reginald Jacob Cannon
237003,S. Birindelli,Samuele Birindelli
237005,K. Baccus,Keanu Kole Baccus
237010,Deng Hanwen,Deng Hanwen
237022,Víctor Narro,Víctor Narro Valero
237024,L. Itter,Gian-Luca Itter
237031,B. Cuesta,Bernardo Nicolás Cuesta Veratrini
237033,M. Traore,Mamadou Sekou Traoré
237034,Cucho,Juan Camilo Hernández Suárez
237036,R. Barnett,Ryan Jack Barnett
237040,D. Nikolaou,Dimitrios Nikolaou
237043,R. Alvarado,Roberto Carlos Alvarado Hernández
237046,G. Villar,Guido Emanuel Villar
237055,O. Zubkov,Oleksandr Zubkov
237075,C. Ramirez,Christian Ramírez
237086,Kim Min Jae,Min-jae Kim
237091,Kim Hyeon Ug,Hyeon-ug Kim
237097,Moon Jung In,Jung-in Moon
237101,Lee Seung Mo,Seung-mo Lee
237109,O. Karavaiev,Oleksandr Karavaev
237122,T. Guidara,Tomás Ezequiel Guidara
237127,D. Thiam,Demba Thiam Ngagne
237135,Davidson,Davidson da Luz Pereira
237138,Y. Maziz,Youssef Maziz
237140,L. Fritzson,Nils Ludvig Fritzson
237152,D. Irandust,Daleho Irandust
237155,S. Gnaka,Silas Gnaka
237161,S. Longstaff,Sean David Longstaff
237169,C. Bramall,Cohen Conrad Bramall
237175,L. Freestone,Lewis Jay Freestone
237179,C. Ndiaye,Pape Cherif Ndiaye
237181,Y. Severin,Yoan Severin
237183,M. Rojas,Matías Nicolás Rojas Romero
237184,K. Bare,Keidi Bare
237185,J. Davies,Jordan Andrew Davies
237188,N. Bishop,Nathan James Bishop
237198,A. Leautey,Antoine Léautey
237203,C. Paredes,Cristhian Fabián Paredes Maciel
237204,R. Hackett,Reeco Lee Hackett-Fairchild
237205,A. Maynard-Brewer,Ashley Maynard-Brewer
237206,Alvaro Rodríguez,Álvaro Rodríguez Pérez
237211,Yuri Ribeiro,Yuri Oliveira Ribeiro
237213,J. Knight,Joshua Michael Knight
237214,L. Abubakar,Alhassan Abubakar
237221,J. Foyth,Juan Marcos Foyth
237223,J. Gressel,Julian Emil Kurt Gressel
237232,B. Şen,Batuhan Ahmet Şen
237238,S. McTominay,Scott Francis McTominay
237239,E. Bardhi,Enis Bardhi
237242,F. Román,Andrés Felipe Román Mosquera
237245,E. Segura,Eddie Livington Segura Martínez
237248,G. Berterame,Germán Berterame
237250,S. Cleveland,Stefan Daniel Cleveland
237254,K. Denkey,Steeve Kévin Denkey Ahoueke
237255,M. Robinson,Miles Gordon Robinson
237256,J. Ebobisse,Jeremy Edward Nirina Ebobisse Ebolo
237257,J. Yueill,Jackson William Yueill
237268,F. de Vries,Francis de Vries
237286,A. Connolly,Aaron Anthony Connolly
237295,E. Latte Lath,Emmanuel Delan Junior Latte Lath
237307,H. Wingo,Henry Wingo
237310,D. Mitchell,Demetri Karim Mitchell
237316,B. Cooper,Brandon James Cooper
237321,M. Berisha,Mërgim Berisha
237328,N. Tella,Nathan Adewale Temitayo Tella
237329,J. Willock,Joseph George Willock
237331,T. De Smet,Thibault De Smet
237332,A. May,Alfie Ben May
237333,L. Verstraete,Louis Verstraete
237335,G. Kastanos,Grigoris Kastanos
237337,T. Verlinden,Thibaud Christa Philippe Verlinden
237341,S. Stubbs,Sam Alan Stubbs
237347,A. Abdallah,Abdel Hakim Abdallah
237355,N. Kabamba,Nicke Kabamba
237359,L. Jonsson,Lukas Henrik Jonsson
237371,L. Bengtsson,Erik Martin Leo Bengtsson
237375,H. Sawyer,Harrison Hickey Sawyer
237378,A. Dobre,Mihai-Alexandru Dobre
237382,F. Melegoni,Filippo Melegoni
237383,A. Bastoni,Alessandro Bastoni
237385,I. Harkes,Ian Andrew Harkes
237386,K. Dewsbury-Hall,Kiernan Frank Dewsbury-Hall
237391,M. De Luca,Manuel De Luca
237399,E. Louro,Evan Michael Louro
237407,C. Durkin,Christopher James Durkin
237415,J. Williams,Jordan Lee Williams
237419,A. Abedzadeh,Amir Abedzadeh
237420,V. Janjičić,Vasilije Janjičić
237424,Paik Seung Ho,Seung-ho Paik
237440,H. Delcroix,Hannes Delcroix
237442,Eric Curbelo,Eric Curbelo de la Fe
237453,A. Onaiwu,Ado Onaiwu
237469,N. Tolo,Nouhou Tolo
237470,D. Casey,Dan Casey
237477,M. Tavernier,Marcus Joseph Tavernier
237490,P. Sontheimer,Patrick Sontheimer
237496,D. Mihailovic,Đorđe Aleksandar Mihailović
237499,A. Sabiri,Abdelhamid Sabiri
237502,D. Johnsen,Dennis Tørset Johnsen
237503,C. Oduor,Clarke Sydney Omondi Oduor
237509,B. Lasme,Bryan Lasme
237511,A. Sampsted,Alfons Sampsted
237520,M. Camara,Mohamed Mady Camara
237522,Jorge Cuenca,Jorge Cuenca Barreno
237524,S. Kaba,Sory Kaba
237525,A. Bodart,Arnaud Bodart
237540,P. Förster,Philipp Förster
237553,A. Yiğiter,Abdullah Yiğiter
237566,K. Zachariassen,Kristoffer Zachariassen
237570,T. Plavotić,Tin Plavotić
237576,N. Insfrán,Nelson Federico Insfrán
237586,A. Dossena,Alberto Dossena
237594,L. Šimić,Lorenco Šimić
237595,M. Friedl,Marco Friedl
237612,F. Delli Carri,Filippo Delli Carri
237613,M. Pompetti,Marco Pompetti
237615,G. Poluzzi,Giacomo Poluzzi
237619,S. Twine,Scott Edward Twine
237626,Y. Neyou,Yvan Neyou Noupa
237629,A. Maier,Arne Maier
237630,A. Pașcanu,Alexandru Ștefan Pașcanu
237633,B. Zivzivadze,Budu Zivzivadze
237635,F. Pick,Florian Pick
237640,N. Bajrami,Nedim Bajrami
237642,R. Petretta,Raoul Petretta
237644,E. Peraza,Edwin de Jesús Peraza Larez
237646,D. Muñoz,Daniel Muñoz Mejía
237647,A. Hrustić,Ajdin Hrustić
237651,E. Rito,Edgardo José Rito Cuero
237658,S. Bueno,Santiago Ignacio Bueno Sciutto
237662,B. Lennon,Brooks Howard Lennon
237666,H. Abdallah,Hakim Djamel Abdallah
237667,A. Al Joui,Abdullah Ahmed Abdulrahman Al Joui
237669,A. Zerbin,Alessio Zerbin
237670,Bruno Xadas,Bruno Alexandre Vieira Almeida
237678,I. Konaté,Ibrahima Konaté
237679,R. Kolo Muani,Randal Kolo Muani
237681,T. Kubo,Takefusa Kubo
237692,P. Foden,Philip Walter Foden
237696,T. Warren,Tyrell Nathaniel Warren
237704,João Virgínia,João Manuel Neves Virgínia
237705,D. Pierias,Dylan Pierias
237708,M. Sylla,Moussa Sylla
237712,V. Castellanos,Valentín Mariano José Castellanos Giménez
237715,P. Cutrone,Patrick Cutrone
237721,A. Al Khaibari,Abdullah Mohammed Al Khaibari
237731,J. Hawkes,Joshua Stuart Hawkes
237732,O. Velanas,Odysseus Velanas
237772,M. Verreth,Matthias Verreth
237778,Ahn Joon Soo,Jun-su Ahn
237807,D. Vente,Dylan Vente
237809,J. Bowler,Joshua Luke Bowler
237819,N. Domínguez,Nicolás Martín Domínguez
237833,M. Harris,Thomas Mark Harris
237840,M. Andersen,Magnus Kofod Andersen
237841,A. Murillo,Michael Amir Murillo Bermúdez
237863,A. Keena,Aidan Keena
237871,J. Holsgrove,Jordan William Holsgrove
237875,R. Schlegel,Rodrigo Adrián Schlegel
237883,Rafinha,Rafael Baldres Hermann
237884,L. Ritzka,Lars Ritzka
237885,C. Tovar,Cristian Camilo Tovar Angola
237895,V. van Crooij,Vito van Crooij
237916,W. Smallbone,William Anthony Patrick Smallbone
237920,B. Bronico,Brandt James Bronico
237926,J. Mahon,John Mahon
237927,E. McGinty,Edward McGinty
237933,B. Fleming,Brandon James Fleming
237935,K. Klaesson,Kristoffer-August Sundquist Klaesson
237936,A. Dønnum,Aron Leonard Dønnum
237937,F. Myhre,Felix Horn Myhre
237942,P. Estupiñán,Pervis Josué Estupiñán Tenorio
237943,D. Scarr,Daniel George Scarr
237960,Mama Baldé,Mama Samba Baldé
237965,Yoon Jong Gyu,Jong-gyu Yoon
237969,S. Blaney,Shane Blaney
237975,B. Cotter,Barry Noel Cotter
237977,Kim Han Gil,Han-gil Kim
237979,M. Marín,Matías Nicolás Marín Vega
237985,K. Danso,Kevin Danso
237989,S. Hanca,Sergiu Cătălin Hanca
237993,J. Acevedo,Héctor Jonás Acevedo
237994,N. Barrios,Cristian Nahuel Barrios
237995,D. Lainez,Diego Lainez Leyva
238004,A. Guðmundsson,Albert Guðmundsson
238008,J. Elliott,Jack Elliott
238009,M. Frese,Martin Sønder Frese
238040,M. Knoester,Mats Knoester
238041,T. Malacia,Tyrell Johannes Chicco Malacia
238043,A. Al Obud,Abdulrahman Ali Hassan Al Aboud
238049,P. Pomykal,Paxton Jones Pomykal
238050,C. Ejuke,Chidera Ejuke
238051,R. Vinderslev,Rasmus Hjorth Vinderslev
238055,A. Al Najjar,Ammar Siraj Yassin Al Najjar
238058,C. O'Hare,Callum Luke O'Hare
238059,D. Kemp,Daniel Harry Kemp
238060,N. Trott,Nathan Wallace Newman Trott
238062,B. Baningime,Beni Tangama Baningime
238067,N. Zaniolo,Nicolò Zaniolo
238068,M. Richter,Marco Richter
238070,J. Cumming,James Andrew Cumming
238071,D. Sterling,Dujon Henriques Sterling
238072,E. Löwen,Eduard Löwen
238074,R. James,Reece James
238086,Y. Maart,Moegamat Yusuf Maart
238089,Lee You Hyeon,You-hyeon Lee
238091,C. Borchgrevink,Christian Dahle Borchgrevink
238093,M. Tagliamonte,Matías Nicolás Tagliamonte
238095,N. Milenković,Nikola Milenković
238098,Lee Soon Min,Soon-min Lee
238103,Liu Junshuai,Liu Junshuai
238126,Guridi,Jon Guridi Aldalur
238127,M. Tissera,Matías Fabián Tissera
238132,N. Røjkjær,Nicklas Røjkjær
238157,M. Roerslev,Mads Roerslev Rasmussen
238160,M. Demiral,Merih Demiral
238167,P. Boevink,Pelle Boevink
238170,C. Theoharous,Christian Theoharous
238173,Mo Jae Hyeon,Jae-hyeon Mo
238177,A. Hartigan,Anthony Rhys Hartigan
238179,D. Happe,Daniel Keith Happe
238180,C. Spinelli,Claudio Paul Spinelli
238184,B. Guille,Braian Alejandro Guille
238186,M. Bułka,Marcin Bułka
238191,C. Brown,Charlie Daniel Brown
238194,N. Bustos,Nahuel Lautaro Bustos
238195,V. Jónsson,Viðar Ari Jónsson
238196,A. Sigurðsson,Arnór Sigurðsson
238197,S. Bone,Samuel Bone
238216,C. Gallagher,Conor Gallagher
238220,Jesús Bernal,Jesús José Bernal Villarig
238221,N. Tavares,Nikola Tavares
238222,F. Beijmo,Felix Olof Allan Nelson Beijmo
238224,Marcão,Marcos Vinicius Amaral Alves
238227,K. Diatta,Krépin Diatta
238230,J. Campaz,Jaminton Leandro Campaz
238235,H. Vetlesen,Hugo Vegard Vetlesen
238236,O. Brynhildsen,Ola Brynhildsen
238254,Lee Sang Yong,Sang Yong Lee
238260,J. Stott,Jamie Garry Stott
238263,F. Knudsen,Fredrik Pallesen Knudsen
238270,A. Erlingmark,Jan August Erlingmark
238273,J. Marković,Jovan Marković
238277,D. Gazdag,Dániel Gazdag
238282,M. Coulibaly,Mamadou Coulibaly
238287,Kim Kyung Joon,Kyeong-jun Kim
238298,M. Miño,Marcelo Agustín Miño
238303,K. Velde,Kristoffer Velde
238305,Nacho Vidal,Ignacio Vidal Miralles
238319,T. Edwards,Thomas Adam Edwards
238320,M. Sepúlveda,Matías Ignacio Sepúlveda Méndez
238331,L. Blondel,Lucas Blondel
238332,E. Copetti,Enzo Nahuel Copetti
238336,J. Rankin-Costello,Joseph Scott Rankin-Costello
238354,Ha Chang Rae,Chang-rae Ha
238360,L. Wales,Lachlan Andrew Wales
238363,R. Obermair,Raphael Sanchez Obermair
238368,J. McAtee,John George McAtee
238370,M. Pongračić,Marin Pongračić
238375,J. Sagredo,José Manuel Sagredo Chávez
238379,N. Nartey,Nikolas Terkelsen Nartey
238389,B. Wilmot,Benjamin Lewis Wilmot
238392,E. Owusu,Elisha Owusu
238409,M. Fossey,Marlon Joseph Fossey
238410,L. Coyle,Liam Christopher Coyle
238413,A. Di Nardo,Antonio Di Nardo
238446,Tachi,Alberto Rodríguez Baró
238450,S. Raggett,Sean Aidan Raggett
238460,R. Brewster,Rhian Joel Brewster
238461,Luis Perea,Luis Perea Hernández
238463,A. Haidara,Amadou Haïdara
238464,J. Mlakar,Jan Mlakar
238473,E. Mašović,Erhan Mašović
238474,M. Chajia,Moutir Chajia
238476,D. Zagadou,Dan-Axel Zagadou
238489,T. Boss,Tim Boss
238490,I. Chair,Ilias Chair
238503,L. Weinkauf,Leo Weinkauf
238504,A. Bassi,Amine Bassi
238505,M. Johnston,Michael Andrew Johnston
238508,U. Fredriksen,Ulrik Tillung Fredriksen
238509,É. Youan,Thody Élie Youan
238510,T. Luvambo,Taylor Luvambo
238516,L. Østigård,Leo Skiri Østigård
238545,F. Al Birekan,Firas Tariq Nasser Al Buraikan
238551,Robinho,Robson Azevedo da Silva
238563,D. Wiebe,Danilo Wiebe
238569,K. Schindler,Kingsley Schindler
238570,Song Bum Keun,Bum-keun Song
238574,Lee Sang Min,Sang-min Lee
238576,Jeong Tae Wook,Tae-wook Jeong
238577,Kang Ji Hoon,Ji-hun Kang
238578,Lee Jin Hyun,Jin-hyun Lee
238579,Ha Seung Un,Seung-un Ha
238581,R. Vargas,Rubén Estephan Vargas Martínez
238587,A. Ildız,Ahmed Ildız
238593,M. Heyer,Moritz Heyer
238604,Daniel,Daniel de Sousa Britto
238616,Pedro Neto,Pedro Lomba Neto
238621,Rodrigo Becão,Rodrigo Nascimento França
238631,L. Schnellbacher,Luca Pascal Schnellbacher
238634,T. Paetow,Torge Paetow
238636,R. Preißinger,Rico Preißinger
238637,S. Vasiliadis,Sebastian Vasiliadis
238643,M. Bär,Marcel Bär
238647,M. Schröter,Morris Schröter
238656,S. Tigges,Steffen Tigges
238660,N. Sangaré,Nazım Sangaré
238662,T. Puchacz,Tymoteusz Puchacz
238683,A. Sicker,Arne Sicker
238684,J. Lorch,Jeremias Lorch
238692,K. Gjasula,Klaus Fatmir Gjasula
238694,L. Röser,Lucas Röser
238703,A. Brorsson,Arvid Brorsson
238704,Mateus Vital,Mateus Da Silva Vital Assumpção
238716,O. Bugiel,Omar Khaled Chaaban Bugiel
238717,E. Pinnock,Ethan Rupert Pinnock
238725,K. Tshiembe,Kevin N'goyi Tshiembe
238726,G. Marcussen,Gustav Ølsted Marcussen
238736,R. Dadashov,Renat Oleq Oğlu Dadaşov
238743,H. Wright,Haji Amir Wright
238744,W. McKennie,Weston James Earl McKennie
238749,M. Nadé,Mickaël Nadé
238756,J. Larsen,Jørgen Strand Larsen
238758,D. Campbell,Dean Graeme Campbell
238759,Alex Pinto,Carlos Alexandre Reis Pinto
238763,Yuri,Yuri Jonathan Vitor Coelho
238765,J. Brandon,Jamie Brandon
238767,J. Altamirano,Javier Adolfo Altamirano Altamirano
238775,S. Kowalczyk,Sebastian Kowalczyk
238779,J. Verlaat,Jesper Verlaat
238792,L. Jensen,Leon Jensen
238793,T. Jacobsen,Thore-Andreas Jacobsen
238794,Vini Jr.,Vinicius José Paixão de Oliveira Junior
238839,L. Wing,Lewis Wing
238840,E. Mahmutović,Enes Mahmutovic
238857,Wilson Manafá,Wilson Migueis Manafá Jancó
238862,Lucas Possignolo,Lucas Possignolo
238873,P. Pellegri,Pietro Pellegri
238878,T. Salman,Tarek Salman Suleiman Odeh
238880,J. Pestaña,Jean Carlos Pestaña Hernández
238882,Dani Ojeda,Daniel Ojeda Saranova
238889,A. Artunduaga,Alejandro Artunduaga Meneses
238895,Conrado,Conrado Buchanelli Holz
238896,Pepê,Eduardo Gabriel Aquino Cossa
238900,E. Demirović,Ermedin Demirović
238919,J. Pantemis,James Pantemis
238922,M. Kaye,Mark-Anthony Kaye
238940,J. Jugas,Jakub Jugas
238941,J. Balkovec,Jure Balkovec
238944,Ž. Majer,Žan Majer
238953,M. Wolfram,Maximilian Wolfram
238957,F. Dietz,Florian Dietz
238958,R. Harper,Rekeem Jordan Harper
238963,C. Greger,Christoph Greger
238965,O. Kiomourtzoglou,Orestis Kiomourtzoglou
238974,T. Chahed,Tarek Chahed
238980,L. Daschner,Lukas Stephan Horst Daschner
238986,F. Luckeneder,Felix Luckeneder
238987,K. Boateng,Kennedy Kofi Boateng
238990,S. Lavery,Shayne Francis Lavery
238995,I. Cameron,Innes Cameron
238996,M. Carlier,Maxence Carlier
239003,H. Mahou,Hicham Mahou
239011,J. Homawoo,Josué Homawoo
239012,O. Kökçü,Ozan Can Kökçü
239016,D. Schmid,Dominik Robin Schmid
239019,J. Delianov,James Nicholas Delianov
239023,B. Wiles,Benjamin Jack Wiles
239028,A. Koita,Aboubakary Yeli Koita
239042,H. Al Qahtani,Hussain Massoud Al Monassar Al Qahtani
239043,U. Bozok,Umut Dilan Bozok
239045,E. Kılınç,Emre Kılınç
239048,H. Akbunar,Halil Akbunar
239053,F. Valverde,Federico Santiago Valverde Dipetta
239073,C. Antwi-Adjei,Christopher Antwi-Adjei
239078,S. Schimmer,Stefan Schimmer
239084,K. Ackermann,Kevin Ackermann
239085,E. Haaland,Erling Braut Håland
239086,D. Thøgersen,Daniel Lønborg Thøgersen
239090,P. Wiesinger,Philipp Wiesinger
239091,L. Grgić,Lukas Grgić
239093,J. Clauss,Jonathan Clauss
239096,A. Karazor,Atakan Karazor
239097,D. Srbeny,Dennis Srbeny
239099,R. Schallenberg,Ron Schallenberg
239106,L. Koutris,Leonardo Pablo Koutris
239116,C. Ganea,Cristian George Ganea
239118,B. Țîru,Bogdan Ionuț Țîru
239119,L. Leahy,Luke Leahy
239125,E. Botheim,Erik Botheim
239126,M. Al Baqawi,Mohammed Kareem Al Baqawi
239136,N. Cozza,Nicolas Louis Marcel Cozza
239138,Jeong Woo Yeong,Woo-yeong Jeong
239148,F. Andrijašević,Franko Andrijašević
239175,J. Eskesen,Julius Eskesen
239179,Z. Arsenić,Zoran Arsenić
239181,M. Seegert,Marcel Seegert
239197,S. Moyano,Antoliano Santiago Moyano
239203,G. Coudert,Grégoire Coudert
239215,K. Nwakali,Kelechi Nwakali
239231,Marc Cucurella,Marc Cucurella Saseta
239250,Abel Ruiz,Abel Ruiz Ortega
239254,B. Özer,Berke Özer
239259,R. Bushiri,Rocky Bushiri Kisonga
239267,A. Pululu,Afimico Pululu
239269,L. Ndenbe,Logan Ndenbe
239271,G. Anestis,Giannis Anestis
239272,V. Barkas,Vasilis Cornelius Barkas
239301,L. Martínez,Lisandro Martínez
239323,D. Eckert Ayensa,Dennis-Yerai Eckert Ayensa
239324,M. Talal,Madih Talal
239329,B. Labeau,Brighton Andy Labeau Melchior
239340,J. Chabot,Jeffrey Julian Gaston Chabot
239342,H. Koffi,Kouakou Hervé Koffi
239350,S. Dembélé,Ben Siriki Dembélé
239353,N. Bakboord,Navajo Marcelino Bakboord
239356,A. Matusiwa,Azor Matusiwa
239358,S. Dieng,Seny Timothy Dieng
239360,P. Struijk,Pascal Augustus Struijk
239361,D. de Wit,Dani de Wit
239364,P. Köhn,Philipp François Köhn
239367,R. Hack,Robin Hack
239368,M. Bakker,Mitchel Bakker
239371,I. El Maach,Issam El Maach
239373,Z. Flemming,Zian Flemming
239378,K. Sierhuis,Kaj Sierhuis
239379,V. Jensen,Victor Christoffer Jensen
239380,N. Lang,Noa Noëll Lang
239393,D. Frieser,Dominik Frieser
239394,F. Flecker,Florian Flecker
239397,B. Manu,Braydon Marvin Manu
239403,Loureiro,Miguel Loureiro Ameijenda
239410,M. Kos,Mirko Kos
239418,L. Lauberbach,Lion Lauberbach
239432,A. Grbić,Adrian Grbić
239438,T. Hadebe,Teenage Lingani Hadebe
239439,P. Płacheta,Przemysław Płacheta
239441,Jordi Mboula,Jordi Mboula Queralt
239443,D. McNamara,Danny John McNamara
239451,K. Appin,Kévin Appin
239453,Steve Furtado,Steve Furtado Pereira
239458,B. Kraev,Bozhidar Kraev
239476,S. Ingolitsch,Sandro Ingolitsch
239478,I. Marconi,Ivan Marconi
239482,Galeno,Wenderson Rodrigues do Nascimento Galeno
239494,M. Thalhammer,Maximilian Thalhammer
239498,B. Henning,Bryan Henning
239499,K. Eisele,Kai Eisele
239502,W. Bianda,William Ludovic Brandon Bianda
239504,J. Gordon,Joshua Luke Gordon
239505,P. Kun,Patryk Kun
239506,S. Hughes,Samuel Joseph Hughes
239510,M. Köbbing,Matthias Köbbing
239512,M. Meulensteen,Melle Meulensteen
239513,J. Earl,Joshua John Francis Earl
239529,F. Onyeka,Ogochukwu Frank Onyeka
239540,E. Toal,Eoin Toal
239550,A. Gravillon,Andreaw Rayan Gravillon
239553,T. Bayliss,Thomas David Bayliss
239559,J. de Lange,Jeffrey de Lange
239571,T. Handwerker,Tim-Henry Handwerker
239573,M. Bleve,Marco Bleve
239580,Bremer,Gleison Bremer Silva Nascimento
239581,R. Dugalić,Rade Dugalić
239589,W. Kanga,Aka Wilfried Julien Kanga
239595,N. Rôdes,Nathan Christian Rôdes
239596,J. Célestine,Julien Albert Marc Célestine
239609,Liu Ruofan,Liu Ruofan
239612,S. Dražić,Stefan Dražić
239613,M. Pessina,Matteo Pessina
239614,Areso,Jesús Areso Blanco
239626,R. Durán,Rafael Durán Martínez
239627,A. Zreľák,Adam Zreľák
239631,D. Namaso,Daniel Namaso Edi-Mesumbe Loader
239634,L. Bünning,Lars Bünning
239641,Alfa Semedo,Alfa Semedo Esteves
239642,R. Palmer,Romal Jordan Palmer
239661,I. Young,Isaiah Ahmad Young
239666,T. Müsel,Torben Müsel
239669,J. Levi,Jonathan Alberto Levi
239671,Tete Morente,José Antonio Morente Oliva
239672,H. Tangen,Harald Nilsen Tangen
239679,P. Mazzocchi,Pasquale Mazzocchi
239681,O. Bertel,Omar Andrés Bertel Vergara
239682,N. Fernández,Nicolás Esteban Fernández Muñoz
239686,A. Barylla,Anthony Barylla
239690,F. Wagner,Fridolin Wagner
239696,F. Muslija,Florent Muslija
239700,M. Wegmann,Marius Wegmann
239701,R. Schmid,Romano Christian Schmid
239704,K. Wagner,Kai Wagner
239708,M. Raguž,Marko Raguž
239709,D. Reiter,Dominik Reiter
239731,M. Ambrosiewicz,Maciej Ambrosiewicz
239732,S. Żurkowski,Szymon Piotr Żurkowski
239740,A. Jallow,Abdoulie Jallow
239742,J. Klinsmann,Jonathan Klinsmann
239744,M. Cuisance,Michaël Bruno Dominique Cuisance
239746,L. Watkowiak,Lukas Watkowiak
239747,S. Córdova,Sergio Duvan Córdova Lezama
239750,J. Valoyes,Jimmy Valoyes Córdoba
239755,S. Lobjanidze,Saba Lobjanidze
239763,E. Zhegrova,Edon Zhegrova
239768,A. Czerwiński,Alan Czerwiński
239770,N. Casale,Nicolò Casale
239772,J. Stolarczyk,Jakub Stolarczyk
239778,J. Moder,Jakub Piotr Moder
239779,D. Kurminowski,Dawid Kurminowski
239782,B. Acosta,Bryan Josué Acosta Ramos
239783,G. Garner,Gerard Garner
239795,C. Ekuban,Caleb Ansah Ekuban
239797,M. Lansing,Michael Ryan Lansing
239799,B. House,Benjamin House
239800,S. Sessegnon,Zeze Steven Sessegnon
239807,D. Frattesi,Davide Frattesi
239808,M. Sáček,Michal Sáček
239810,N. Raskin,Nicolas Thierry Raskin
239811,Lee Yun Oh,Yun-oh Lee
239813,J. Kiilerich,Jakob Kiilerich Rask
239814,D. Batubinsika,Buduka Dylan Batubinsika
239816,N. Mantl,Nico Alexander Mantl
239817,B. Soumaré,Boubakary Soumaré
239818,Rúben Dias,Rúben dos Santos Gato Alves Dias
239837,A. Mac Allister,Alexis Mac Allister
239838,M. Antonucci,Mirko Antonucci
239842,G. Giakoumakis,Georgios Giakoumakis
239858,Song Long,Song Long
239859,Li Hailong,Li Hailong
239861,A. Hassan,Abdelkarim Hassan Al Haj Fadlalla
239875,Bebeto,Roberto de Jesus Machado
239878,A. Madibo,Assim Omer Al Haj Madibo
239881,Danilo,Danilo Pereira da Silva
239890,O. Kabak,Ozan Muhammed Kabak
239892,Y. Akgün,Yunus Akgün
239894,R. Kouamé,Rominigue Kouamé N'Guessan
239898,N. Schmid,Nicolas Schmid
239901,S. Kalajdžić,Saša Kalajdžić
239903,T. Kraulich,Tobias Kraulich
239909,D. Pelivan,Dominik Leon Pelivan
239919,K. Kouao,Koffi Franck Kouao
239925,S. Klaas,Sebastian Reinhard Klaas
239928,T. Müller,Tobias Müller
239936,N. Guerra,Nicolás Bastián Guerra Ruz
239944,R. Taylor,Robert Thomas Taylor
239955,J. Husebø,Jens Berland Husebø
239956,M. Boadu,Myron Boadu
239960,T. Sørås,Tore André Sørås
239962,I. Jukić,Ivan Jukić
239964,E. Shomurodov,Eldor Shomurodov
239974,D. Ulrich,Dario Ulrich
239977,N. Kühn,Nicolas-Gerrit Kühn
239978,D. Man,Dennis Man
239980,O. Popescu,Ovidiu Marian Popescu
239981,J. Arp,Jann-Fiete Arp
239989,T. Vancooten,Terence Owen Vancooten
239993,A. Romero,Abraham Isaí Romero González
239998,P. Hristov,Petko Hristov
240008,A. Papadopoulos,Antonios Papadopoulos
240017,A. Skov Olsen,Andreas Skov Olsen
240020,Ricardo Mangas,Ricardo Luís Chaby Mangas
240035,Néstor Albiach,Néstor Albiach Roger
240040,C. Holse,Carl Johan Holse Justesen
240043,F. Manojlović,Filip Manojlović
240047,P. Soko,Serge Patrick Njoh Soko
240056,D. Minz,Dominic Minz
240057,C. Mandouki,Cyril Paul Mandouki
240060,M. Aarons,Maximilian James Aarons
240064,O. Ba,Ousseynou Ba
240068,S. Al Nabit,Sumayhan Dhaidan Al Nabit Al Baqaawi
240091,G. Vicario,Guglielmo Vicario
240095,L. Štulac,Leo Štulac
240096,L. Brook,Lachlan Ricky Brook
240097,F. Downes,Flynn Downes
240099,K. Rüegg,Kevin Rüegg
240100,T. Augello,Tommaso Augello
240117,M. Haile-Selassie,Maren Haile-Selassie
240123,L. Plogmann,Luca Bastian Plogmann
240130,Éder Militão,Éder Gabriel Militão
240131,Gabrielzinho,Gabriel Airton de Souza
240133,M. Tchokounté,Malik Tchokounté
240138,W. Riveros,Williams Ismael Riveros Ibáñez
240150,T. Totland,Tomas Olai Totland
240154,R. Manning,Ronan Manning
240156,L. Marseiler,Luca Marseiler
240168,J. Arias,Junior Gabriel Arias Cáceres
240193,E. Rexhbeçaj,Elvis Rexhbeçaj
240207,Liu Yang,Liu Yang
240209,G. Koyalipou,Goduine Koyalipou
240211,G. Gentile,Gaspar Gentile
240218,A. Weidinger,Alexander Weidinger
240223,M. Ristić,Mihailo Ristić
240225,M. Safonov,Matvey Safonov
240226,M. Suleymanov,Magomed-Shapi Suleymanov
240243,Matheus Cunha,Matheus Santos Carneiro da Cunha
240244,Pedro Pacheco,Pedro Jorge Pacheco Seabra
240248,R. Hutton,Remeao Andrew Hutton
240252,F. Méndez,Víctor Felipe Méndez Obando
240258,O. Sangante,Opa Sanganté
240262,J. Brimmer,Jake William Brimmer
240271,D. Limnios,Dimitris Limnios
240273,E. Smith Rowe,Emile Smith Rowe
240277,M. Gabbia,Matteo Gabbia
240280,Matheus Oliveira,Matheus Oliveira Santos
240282,A. Matějů,Aleš Matějů
240283,V. Vorel,Vojtěch Vorel
240285,T. Børkeeiet,Tobias Borchgrevink Børkeeiet
240289,Calero,Fernando Calero Villa
240311,L. Zidane,Luca Zinedine Zidane Fernández
240317,Ž. Celar,Žan Celar
240319,T. Tillman,Timothy Justin Tillman
240323,J. Earing,Jack James Earing
240328,A. Bamsaud,Ahmed Mohammed Abdulsayed Bamasud
240329,B. Taz,Berkan Taz
240331,Panutche Camará,Panutche Amadu Pereira Camará
240332,Brenner,Brenner Souza da Silva
240333,B. Öztürk,Bahadır Öztürk
240334,Z. Medley,Zechariah Joshua Henry Medley
240335,B. Jacobsen,Bjarke Halfdan Jacobsen
240338,F. Rodríguez,Facundo Rodríguez Calleriza
240345,I. Kanu,Idris Sheka Kanu
240346,S. George,Shamal George
240352,J. Riquett,Jáider Alfonso Riquett Molina
240359,O. Alderete,Omar Federico Alderete Fernández
240373,T. Shade,Tyrese Shade
240384,E. Durmaz,Elias Durmaz
240391,Feng Boxuan,Feng Boxuan
240392,Deng Yubiao,Deng Yubiao
240393,Wen Jiabao,Wen Jiabao
240431,J. Dolný,Jozef Dolný
240439,R. Porteous,Ryan Porteous
240446,C. Tilt,Curtis Anthony Tilt
240448,P. Ruiz,Pablo Enrique Ruiz
240451,J. Beste,Jan-Niklas Beste
240452,M. Nzola,Mbala N'Zola
240453,S. Niakaté,Sikou Niakaté
240458,Ander Guevara,Ander Guevara Lajo
240468,L. Guzmán,Brian Lautaro Guzmán
240472,Hu Ruibao,Hu Ruibao
240473,T. Wilson,Tyreke Wilson
240475,L. Candellone,Leonardo Candellone
240481,V. Demaku,Vesel Demaku
240493,A. Paschalakis,Alexandros Paschalakis
240496,L. Gibson,Lewis Jack Gibson
240499,E. Marković,Eman Marković
240500,L. Woolfenden,Luke Matthew Woolfenden
240501,A. Katranis,Alexandros Katranis
240503,T. Okou,Teddy Léo Junior Okou
240507,A. Gomes,Adilson Angel Abreu de Almeida Gomes
240513,E. Hamilton,Ethan Billy Hamilton
240531,M. Al Baqawi,Moataz Al Baqaawi
240532,F. Rohner,Fabian Daniel Rohner
240535,E. Chapman,Ellis Darren Chapman
240544,G. Morandi,Giotto Giuseppe Morandi
240572,E. Simonsen,Emilio Stuberg Simonsen
240580,B. Folami,Gbenga Tai Folami
240583,C. Lakin,Charlie Lakin
240589,Miguel,Miguel de la Fuente Escudero
240595,A. Pears,Aynsley Alan William Pears
240597,Z. Hemming,Zachary Hemming
240599,C. Hendry,Callum David Hendry
240600,A. Al Asmari,Ali Al Asmari
240603,J. Doyle-Hayes,Jake Billy Doyle-Hayes
240604,M. Clark,Mitchell Reece Clark
240605,A. Collins,Archie Finn Collins
240606,J. Sparkes,Jack Sparkes
240608,A. Hartridge,Alex Duncan Hartridge
240611,D. Yearwood,Dru Anthony Yearwood
240628,D. Šarić,Dario Šarić
240632,A. Burke-Gilroy,Antonee Alan Burke-Gilroy
240638,T. Reijnders,Tijjani Martinus Jan Reijnders Lekatompessy
240640,L. Morales,Sandro Leonardo Morales
240642,A. Sosa,Alan Daniel Sosa
240643,H. Al Johani,Hatem Al Jahani
240648,C. Metcalfe,Connor Isaac Metcalfe
240652,F. Brignani,Fabrizio Brignani
240653,A. Manneh,Alasana Manneh
240657,F. Ravaglia,Federico Ravaglia
240660,M. Léris,Mehdi Pascal Marcel Léris
240661,E. Vignato,Emanuel Vignato
240663,M. Merentiel,Miguel Ángel Merentiel Serrano
240669,L. Maloney,Lennard Patrick Maloney
240673,C. Lang,Callum Joseph Lang
240677,M. Ellingsen,Martin Skjelbreid Ellingsen
240679,T. Koopmeiners,Teun Koopmeiners
240683,L. Reis,Ludovit Reis
240685,T. van de Looi,Tom van de Looi
240690,N. Gonzalez,Nicolás Iván González
240697,S. Baptiste,Shandon Harkeem Baptiste
240702,R. Yaremchuk,Roman Yaremchuk
240704,Guo Quanbo,Guo Quanbo
240709,R. Baku,Bote Ridle Nzuzi Baku
240710,G. Cléùr,Gabriel Isaac Cléùr
240715,G. Lloyd,George Robert Lawrence Lloyd
240716,M. Olivera,Mathías Olivera Miramontes
240725,I. Aaneba,Ismaïl Aaneba
240728,D. Tchamba,Duplexe Tchamba Bangou
240734,M. O'Riley,Matthew Sean O'Riley
240740,C. Hudson-Odoi,Callum James Hudson-Odoi
240743,L. Sequeira,Leonardo Exequiel Sequeira
240744,M. Ojeda,Martín Ezequiel Ojeda
240751,G. Poussin,Gaëtan Pierre Bernard Poussin
240753,A. Gouiri,Amine Ferid Gouiri
240756,P. Sussek,Patrick Sussek
240763,J. Sneddon,Jamie Sneddon
240773,R. Norrington-Davies,Rhys Llewelyn Norrington-Davies
240777,L. Ranieri,Luca Ranieri
240783,T. Campbell,Tyrese Kai Campbell
240784,J. Bursik,Josef John Bursik
240785,M. Cerofolini,Michele Cerofolini
240787,H. Traoré,Hamed Junior Traoré
240788,M. Olivieri,Marco Olivieri
240791,Marcos Lavín,Marcos Lavín Rodríguez
240796,M. Roffo,Manuel Roffo
240797,M. Tramoni,Mattéo Tramoni
240798,D. Buglio,Davide Buglio
240801,L. Amarilla,Luis Antonio Amarilla Lencina
240805,Dai Weijun,Dai Weijun
240808,F. Murray,Fraser Murray
240811,M. Torres,Luis Marcelo Torres
240813,J. Gibson,Jordan Lewis Gibson
240814,J. Grodowski,Joel Grodowski
240826,L. Sørensen,Lasse Sørensen
240829,E. Amenyido,Etienne Amenyido
240833,Y. Moukoko,Youssoufa Moukoko
240834,L. Carević,Lazar Carević
240835,E. Elizalde,Edgar Joel Elizalde Ferreira
240837,M. Yandaş,Mert Hakan Yandaş
240838,B. Wade,Bradley Calvin Wade
240847,Leonardo Rocha,Leonardo Miramar Rocha
240856,B. Bayazıt,Bilal Bayazıt
240859,Berrocal,Juan Berrocal González
240863,C. Coventry,Conor Coventry
240865,A. Scully,Anthony Richard Scully
240867,A. Alese,Ajibola Joshua Odunayo Afolarin Alese
240891,N. Sessa,Nicolás Marcel Sessa
240897,W. Wright,William Wright
240900,Unai Núñez,Unai Núñez Gestoso
240908,F. Aksoy,Fatih Aksoy
240912,G. Johnston,George Johnston
240913,C. Kelleher,Caoimhín Odhrán Kelleher
240915,Juan Miranda,Juan Miranda González
240916,D. Ljubičić,Dejan Ljubičić
240917,Zhang Yufeng,Zhang Yufeng
240921,R. Hernández,Ronald José Hernández Pimentel
240922,Dani Escriche,Daniel Escriche Romero
240925,L. Millar,Liam Alan Millar
240926,N. Phillips,Nathaniel Harry Phillips
240929,B. Spencer,Brad Spencer
240938,Junior Messias,Junior Walter Messias
240941,L. Pintor,Lenny Jean-Pierre Pintor
240944,M. Estrada,Michael Steveen Estrada Martínez
240947,T. Mitchell,Tyrick Kwon Mitchell
240950,Pedro Gonçalves,Pedro António Pereira Gonçalves
240953,N. Tenaglia,Facundo Nahuel Tenaglia
240955,T. Durso,Tomás Durso
240956,M. Melluso,Matías Germán Melluso
240963,J. García,Juan Manuel García
240967,J. Kayode,Joshua Akinola Ogunfaolu-Kayode
240969,J. Carranza,Julián Simón Carranza
240970,M. Payero,Martín Ismael Payero
240974,M. Mattsson,Magnus Elkjær Mattsson
240976,M. Saracchi,Marcelo Josemir Saracchi Pintos
240978,D. Mândroiu,Daniel Jordan Mandroiu
240981,M. Sanders,Max Harrison Sanders
240982,J. Moreno,Júnior Leonardo Moreno Borrero
240987,M. Cooper,Michael John Cooper
240988,D. Vavro,Denis Vavro
240992,N. Estévez,Nahuel Estévez Álvarez
240997,Kike Hermoso,Enrique Gómez Hermoso
241002,E. Sabbi,Emmanuel Afriyie Mario Sabbi
241004,F. Carballo,Felipe Ignacio Carballo Ares
241005,J. Ardaiz,Joaquín Matías Ardaiz de los Santos
241007,E. Ebosse,Enzo Jacques Rodolphe Ebosse
241010,M. Ortíz,Marcelo Damián Ortiz
241025,L. Heredia,Leonardo Matías Heredia
241026,T. Chancalay,Tomás Alejandro Chancalay
241031,F. Garcés,Facundo Tomás Garcés
241037,J. Roles,Jack Roles
241038,K. Bennetts,Keanan Bennetts
241039,N. Tsaroulla,Nicholas Andrew Tsaroulla
241042,O. Skipp,Oliver William Skipp
241049,Gorosabel,Andoni Gorosabel Espinosa
241050,A. Meyer,Alexander Niklas Meyer-Schade
241052,K. Chorążka,Kacper Chorążka
241053,Gabriel Barbosa,Gabriel Barbosa Avelino
241055,Diego Pampín,Diego Varela Pampín
241064,M. Carabajal,Mateo Carabajal
241070,N. Maraš,Nikola Maraš
241075,P. Smyth,Paul Patrick Smyth
241076,S. Benda,Steven-Andreas Benda
241079,C. Kyriakou,Charalambos Kyriakou
241084,L. Díaz,Luis Fernando Díaz Marulanda
241085,L. Tempelmann,Lino Tempelmann
241091,B. Scott,Brady Canfield Scott
241094,R. Rivas,Rigoberto Manuel Rivas Vindel
241095,N. Vlašić,Nikola Vlašić
241096,S. Tonali,Sandro Tonali
241120,N. Demartini,Nicolás Agustín Demartini
241130,I. Ganago,Ignatius Kpene Ganago
241131,L. Justiniano,Leonel Justiniano Arauz
241150,J. Mbom,Jean-Manuel Mbom
241157,T. Sainte-Luce,Théo Sainte-Luce
241159,M. Guéhi,Addji Keaninkin Marc-Israel Guéhi
241160,G. McEachran,George James McEachran
241162,J. Paintsil,Joseph Martin Paintsil
241168,G. Chakvetadze,Giorgi Chakvetadze
241171,A. Obispo,Armando Maria Obispo
241172,Diego Barri,Diego Hernández Barriuso
241173,L. Foster,Lyle Brent Foster
241179,Cristian Rivero,Cristian Rivero Sabater
241184,Junior Firpo,Héctor Junior Firpo Adamés
241186,V. Kušej,Vasil Kušej
241187,L. Geertruida,Lutsharel Geertruida
241195,S. Vera,Santiago Ezequiel Vera
241197,A. Al Amri,Abdulelah Ali Awadh Al Amri
241202,P. Daka,Patson Daka
241236,A. Semenyo,Antoine Serlom Semenyo
241238,J. Deminguet,Jessy Deminguet
241239,Lin Liangming,Lin Liangming
241244,R. Strain,Ryan Strain
241245,A. Stamatelopoulos,Apostolos Vasilios Stamatelopoulos
241252,Tang Xin,Tang Xin
241266,W. Geubbels,Willem Davnis Louis Didier Geubbels
241269,A. Bruus,Andreas Bruus
241277,J. Steinkötter,Justin Steinkötter
241299,Yuan Mincheng,Yuan Mincheng
241317,Xue Qinghao,Xue Qinghao
241318,Yang Shuai,Yang Shuai
241322,Wang Qiao,Wang Qiao
241327,Chen Wei,Chen Wei
241328,Wei Zhen,Wei Zhen
241332,Zhang Huachen,Zhang Huachen
241334,Liu Yiming,Liu Yiming
241335,Zhang Xiuwei,Zhang Xiuwei
241341,Zhang Yuan,Zhang Yuan
241342,Su Yuanjie,Su Yuanjie
241344,Yang Liyu,Yang Liyu
241379,O. Bailey,Odin Ohray Bailey
241389,Y. Sarı,Yusuf Sarı
241390,E. Elmas,Eljif Elmas
241397,G. Nurse,George Damien Nurse
241409,E. Coleman,Ethan Jay Coleman
241411,T. Holmes,Thomas Richard Holmes
241412,A. Preciado,Eduar Ayrton Preciado García
241413,L. Hedlund,Lucas Hedlund
241418,Gao Tianyi,Gao Tianyi
241419,M. Bird,Max Andrew Bird
241428,H. Knibbs,Harvey Andrew Knibbs
241436,C. Bassey,Calvin Bassey Ughelumba
241438,K. Mooney,Kelsey Thomas Mooney
241445,A. Sissoko,Alpha Nelson Sissoko
241452,J. Diamond,Jack Tyler Diamond
241461,Ferran Torres,Ferran Torres García
241463,Dani Raba,Daniel Raba Antolín
241464,Pau Torres,Pau Francisco Torres
241470,Álex Centelles,Alejandro Centelles Plaza
241474,J. Þorsteinsson,Jón Dagur ThorsteinssonJón Dagur Þorsteinsson
241486,J. Koundé,Jules Olivier Koundé
241487,J. Ferreira,Jesús David Ferreira Castro
241489,Nolaskoain,Peru Nolaskoain Esnal
241494,M. Jenz,Moritz Jenz
241496,T. Weah,Timothy Tarpeh Weah
241499,C. Garcés,Carlos Jhon Garcés Acosta
241505,T. Carrique,Thomas Carrique
241507,J. Tucker,Jack Robert Tucker
241508,M. Damsgaard,Mikkel Krogh Damsgaard
241509,Mauro Júnior,Mauro Jaqueson Junior Ferreira dos Santos
241522,J. Wind,Jonas Older Wind
241523,M. Forss,Marcus Forss
241525,T. Ashby-Hammond,Taye Ashby-Hammond
241534,S. McLoughlin,Sean Desmond McLoughlin
241536,M. Sarkaria,Manprit Sarkaria
241538,S. Pinas,Shaquille Riley Pinas
241543,A. Lyons,Andrew Lyons
241552,J. Italiano,Jacob Michael Italiano
241568,C. Ferreira,Cristian Ezequiel Ferreira
241578,H. Andersson,Per Emil Hugo Andersson
241582,W. Fitzgerald,William Fitzgerald
241585,Igor Julio,Igor Júlio dos Santos de Paulo
241588,Toni Moya,Antonio Moya Vega
241590,P. Pfeiffer,Patric Pfeiffer
241591,Brugui,Roger Brugué Ayguadé
241601,C. Barrios,Cristian Darío Barrios Puertas
241602,J. Arias,Jhon Adolfo Arias Andrade
241607,T. Belmonte,Tomás Belmonte
241619,Huang Zichang,Huang Zichang
241622,Qian Yumiao,Qian Yumiao
241628,N. Pierini,Nicholas Pierini
241629,Rogério,Rogério Oliveira da Silva
241637,A. Tchouaméni,Aurélien Djani Tchouameni
241643,V. Johansson,Viktor Tobias Johansson
241645,V. Torp,VIctor Torp Overgaard
241646,D. Butterworth,Daniel James Butterworth
241651,V. Gyökeres,Viktor Einar Gyökeres
241659,S. Odey,Stephen Pius Odey
241671,D. Livaković,Dominik Livaković
241682,Redru,Carlos Redruello Nimo
241686,Manu Vallejo,Manuel Javier Vallejo Galván
241688,A. Dursun,Abdurrahim Dursun
241689,R. Massimo,Roberto Massimo
241690,M. Wolfe,Matthew Ryan Wolfe
241692,K. Cools,Kobe Cools
241693,B. Lucassen,Boyd Lucassen
241695,J. Amon,Jonathan Oluwadara Amon
241696,H. De La Fuente,Hernán de la Fuente
241699,R. Harbottle,Riley-Jay Harbottle
241707,P. Gueye,Pape Alassane Gueye
241708,M. Sagnan,Modibo Sagnan
241710,J. Opoku,Jerome Osei Opoku
241711,E. Francis,Edward Albert Francis
241721,Rafael Leão,Rafael Alexandre da Conceição Leão
241726,A. Pereira,Adrian Nilsen Pereira
241727,P. Rajković,Predrag Rajković
241736,Y. Bisseck,Yann Aurel Ludger Bisseck
241737,B. Risa,Birk Risa
241771,A. Nwakaeme,Anthony Nnaduzor Nwakaeme
241775,J. El Yamiq,Jawad El Yamiq
241777,A. Tagnaouti,Ahmed Reda Tagnaouti
241783,K. Parks,Keaton Alexander Parks
241788,M. Taremi,Mehdi Taremi
241793,A. Karimi,Ali Karimi
241809,T. Al Ammar,Turki Marwan Saad Al Ammar
241810,Chumi,Juan Brandáriz Movilla
241811,Sergio Gómez,Sergio Gómez Martín
241812,L. Kramer,Lars Kramer
241818,L. Buades,Lucas Buadés
241821,M. Bayo,Mohamed Lamine Bayo
241824,R. Atkinson,Robert Philip Atkinson
241825,T. Francois,Tyrese Jay Francois
241827,Aguirregabiria,Martín Aguirregabiria Padilla
241828,L. Offord,Luke William Offord
241833,K. Gutiérrez,Kevin Facundo Gutiérrez
241835,J. Hornkamp,Jizz Hornkamp
241842,B. Johnson,Benjamin Anthony Johnson
241850,M. Retegui,Mateo Retegui
241852,M. Diaby,Moussa Diaby
241854,P. Schuurs,Perr Schuurs
241855,Genís,Genís Montolio Lafuente
241856,Manu Morlanes,Manuel Morlanes Ariño
241859,R. Hoffmann,Ron-Thorben Hoffmann
241861,N. Atkinson,Nathaniel Caleb Atkinson
241862,A. Al Bishi,Awn Al Saluli Al Bishi
241864,J. Olowu,Joseph Olugbenga Olowu
241867,Aitor Ruibal,Aitor Ruibal García
241875,W. Ferry,William Ferry
241900,M. Benger,Marcel Benger
241907,D. Rossi,Diego Martín Rossi Marachlian
241915,S. Sørløkk,Sondre Sørløkk
241921,S. Bergier,Sebastian Bergier
241925,C. Führich,Chris Jan Führich
241927,J. Méndez,Juan Ignacio Méndez Aveiro
241928,A. Sambi Lokonga,Albert Mboyo Sambi Lokonga
241929,E. Pereyra,Elías Iván Pereyra
241930,F. Gattoni,Federico Agustín Gattoni
241932,A. Molina,Alejandro Molina
241937,A. Harroui,Abdoulrahmane Harroui
241938,N. Al Dawsari,Nasser Essa Shafi Al Shardan Al Dawsari
241941,S. Nsoki,Stanley Pierre Nsoki
241953,R. Slater,Regan Newman Slater
241954,Y. Al Mozairib,Yousef Sami Al Mozairib Al Shammari
241960,T. Stavitski,Timo Stavitski
241963,H. Al Ghamdi,Hamed Abdullah Ahmad Al Ghamdi
241967,M. Costly,Marcel Costly
241969,D. Martinović,Dominik Martinović
241976,Tiago Sá,Tiago Magalhães de Sá
241981,Nanu,Eulânio Ângelo Chipela Gomes
241982,E. Watt,Elliot William Watt
241985,Pep Biel,Pep Biel Mas Jaume
241992,G. Cortez,Gabriel Jhon Cortez Casierra
241993,O. Steurer,Oliver Steurer
241995,L. Dietz,Lars Dietz
241997,Yan Peng,Yan Peng
242000,K. Mavropanos,Konstantinos Mavropanos
242002,G. Mainero,Guido Mainero
242003,D. Foulon,Daam Wonnebald Foulon
242004,Jeon Jin Woo,Jin-woo Jeon
242006,D. Hashioka,Daiki Hashioka
242019,A. Lotti,Augusto Diego Lotti
242021,Y. Nazaryna,Yegor Nazaryna
242041,M. Dräger,Mohamed Dräger
242045,M. Ashimeru,Majeed Ashimeru
242052,J. Medina,Jesús Manuel Medina Maldonado
242054,Igor Silva,Igor Silva de Almeida
242055,A. Ståhl,Adam Mikael Sven Ståhl
242056,C. Timmins,Callum Timmins
242057,W. Scott,Walter Edward Fitzgerald Scott
242062,H. Finndell,Hampus Finndell
242073,J. Blázquez,Joaquín Blázquez
242075,J. Sargent,Joshua Thomas Sargent
242081,A. Almendra,Agustín Ezequiel Almendra
242082,Kim Jae Woo,Jae-woo Kim
242084,C. Coronel,Carlos Miguel Coronel
242085,M. Virtue,Matthew Joseph Virtue Thick
242087,H. Morita,Hidemasa Morita
242090,O. Solbakken,Ola Selvaag Solbakken
242092,R. Alm,Rasmus Alm
242105,M. Igonen,Matvei Igonen
242108,K. Grozos,Kostandinos Grozos
242112,E. Bello,Eduard Alexander Bello Gil
242114,I. Mahnashi,Ibrahim Mahnashi
242117,A. Ghareeb,Abdulrahman Abdullah Ghareeb
242119,X. Amaechi,Xavier Casmier Amaechi
242149,K. Kouassivi-Benissan,Kevin Kouassivi-Benissan
242156,M. Al Shanqeeti,Muhannad Mustafa Al Shanqeeti
242159,Ricardo Friedrich,Ricardo Henrique Schuck Friedrich
242160,M. Lode,Marius Lode
242162,H. Evjen,Håkon Evjen
242166,A. Layouni,Amor Yonas Layouni
242179,Y. Fofana,Yahia Fofana
242181,Neto Borges,Vivaldo Borges dos Santos Neto
242182,Kim Hyun Woo,Hyun-woo Kim
242183,D. Otto,David Otto
242187,C. Baumgartner,Christoph Baumgartner
242195,M. McKenzie,Mark Alexander McKenzie
242199,C. McVey,Christopher Donald McVey
242200,T. Rönning,Anton Tim Gösta Rönning
242201,Luis Milla,Luis Milla Manzanares
242212,L. Hannant,Luke James Hannant
242214,J. Sands,James Hoban Sands
242217,E. Kayembe,Edo Kayembe Kayembe
242222,L. Selahi,Lindon Selahi
242223,A. Al Hamdan,Abdullah Abdulrahman Al Hamdan
242229,B. Maher,Brian Philip Maher
242230,J. Lennon,Jamie Lennon
242236,Ferro,Francisco Reis Ferreira
242238,O. Solet,Oumar Mickael Solet Bomawoko
242240,L. D'Arrigo,Louis Joseph D'Arrigo
242245,F. Al Rashidi,Fahad Al Rashidi
242250,G. Verón,Gastón Nicolás Verón
242253,M. Toye,Mason Vincent Toye
242258,H. Biggins,Harrison Biggins
242263,M. Amundsen,Malte Meineche Amundsen
242264,M. Imperiale,Marco Imperiale
242265,M. Obafemi,Michael Oluwadurotimi Obafemi
242267,J. Campuzano,Jorman David Campuzano Puentes
242268,C. Özkan,Can Hayri Özkan
242271,A. Irving,Andrew Irving
242276,Wang Ziming,Wang Ziming
242279,Oriol Rey,Oriol Rey Erenas
242280,L. Ferguson,Lewis Ferguson
242286,A. Drinan,Aaron John Drinan
242287,F. Ortega,Francisco Gabriel Ortega
242288,I. Ivušić,Ivica Ivušić
242289,C. Hazard,Conor William Hazard
242291,K. Brünker,Kai Brünker
242294,J. Cacciabue,Jerónimo Cacciabue
242302,B. Servania,Brandon Iván Servania
242306,G. Soto,Guillermo Tomás Soto Arredondo
242312,A. Adam,Abdulfattah Mohamed Adam
242322,M. Miller,Mickel Carlos Miller
242325,M. Edjouma,Malcom Sylas Edjouma Laouari
242332,G. Busio,Gianluca Cristiano Busio
242333,Jauregi,Eneko Jauregi Escobar
242335,C. Cándido,Camilo Damián Cándido Aquino
242342,G. Lódico,Gastón Andrés Lodico
242350,R. Kapić,Rifet Kapić
242352,A. Attiah,Abdulquddus Atiah Mohammed Qawod
242358,R. Sadiku,Rijad Sadiku
242359,Jorge Fernandes,Jorge Filipe Oliveira Fernandes
242362,L. Recalde,Luciano Leonel Recalde
242366,T. Sang,Thomas Roy Sang
242369,Arnau Puigmal,Arnau Puigmal Martínez
242374,M. Barrow,Musa Barrow
242380,Stephen Eustáquio,Stephen Antunes Eustáquio
242381,M. Hoedemakers,Mees Hoedemakers
242382,L. Ashby-Hammond,Luca Ashby-Hammond
242383,S. Lorenz,Simon Lorenz
242386,C. Klarer,Christoph Klarer
242389,Rafael Barbosa,Rafael Avelino Pereira Pinto Barbosa
242391,M. Pattier,Maxime Pattier
242392,G. Magnani,Giangiacomo Magnani
242393,B. Hussein,Bilal Hussein
242411,S. Santoro,Simone Santoro
242414,Yao Junsheng,Yao Junsheng
242418,T. Lamptey,Tariq Kwame Nii-Lante Lamptey
242419,B. Njie,Bilal Elmi Njie
242423,C. Wright,Callum Wright
242426,E. Cetré,Edwuin Steven Cetré Angulo
242429,L. Cacace,Liberato Gianpaolo Cacace
242434,C. Jones,Curtis Jones
242436,J. Russell,Jonathan Edward Russell
242444,João Félix,João Félix Sequeira
242451,J. Colmán,David Josué Colmán Escobar
242453,S. van den Berg,Sepp van den Berg
242458,A. Dovbyk,Artem Dovbyk
242462,A. Diaz,Antonio Alejandro Díaz Campos
242482,E. Coronel,Emanuel Gustavo Coronel
242485,Y. Goitia,Jonatan Esteban Goitía
242489,Pejiño,Francisco Jesús Crespo García
242492,J. Medina,Jeison Medina Escobar
242494,E. Koljić,Elvir Koljić
242500,A. Benga,Alexandru Constantin Benga
242503,E. Williamson,Eryk Tyrek Williamson
242506,A. Majrashi,Ali Majrashi
242509,D. Błanik,Dawid Błanik
242513,F. Purece,Florin Flavius Purece
242514,F. Plach,František Plach
242515,W. Ali,Wessam Abou Ali
242516,C. Gakpo,Cody Mathès Gakpo
242525,C. Sickinger,Carlo Sickinger
242527,S. Ambrosius,Stephan Kofi Ambrosius
242528,T. Buitink,Thomas Buitink
242530,N. Okafor,Noah Arinzechukwu Okafor
242531,J. Kitolano,Joshua Gaston Kitolano
242532,M. Gómez,Mariano Gómez
242533,J. Cascante,Julio César Cascante Solórzano
242534,C. Cásseres Jr,Cristian Sleiker Cásseres Yépes
242541,C. Brown,Ciaron Maurice Brown
242542,A. Herrera,Aarón Joseph Herrera
242547,J. Scherzer,Jonathan Scherzer
242548,A. Manzur,Enzo Agustín Manzur
242554,B. Bye,Brandon Scott Bye
242558,R. Solan,Ramzi Fateh El Deen Solan
242562,J. van der Werff,Jasper van der Werff
242569,F. Álvarez,Francisco Fabián Álvarez
242577,R. Faivre,Romain Faivre
242578,B. Badiashile,Benoît Badiashile Mukinayi
242596,T. Blackmon,Tristan Michael Blackmon
242600,N. Strunck,Nicklas Strunck Jakobsen
242602,J. Vagnoman,Josha Mamadou Karaboue Vagnoman
242603,J. Marcelin,Jean Harisson Marcelin
242612,E. Chilufya,Edward Chilufya
242619,C. Doucouré,Cheick Oumar Doucouré
242623,O. Bjørtuft,Odin Lurås Bjørtuft
242624,J. Gallagher,Jon Gallagher
242628,G. Bello,George Oluwaseun Bello
242629,João Moutinho,João Gervásio Bragança Moutinho
242633,M. Frendrup,Morten Wetche Frendrup
242635,I. Ogbu,Igoh Ogbu
242638,D. Kelly,Daniel Kelly
242640,T. Christensen,Tobias Christensen
242641,R. Aït-Nouri,Rayan Aït Nouri
242643,L. Fraser,Liam Scott Fraser
242648,A. Roldan,Álexander Roldán León
242655,J. Ponceau,Julien Ponceau
242656,I. Meslier,Illan Stéphane Meslier
242658,A. Björnström,Axel Erik Gustaf Björnström
242660,J. Beyer,Louis Jordan Beyer
242661,H. Camara,Haroune Camara
242663,S. Bornauw,Sebastiaan Bornauw
242664,A. Saelemaekers,Alexis Jesse Saelemaekers
242672,L. Ćirković,Lazar Ćirković
242678,J. Salazar,Juan Camilo Salazar Hinestrosa
242690,S. Graves,Simon Graves Jensen
242698,Han Zilong,Han Zilong
242700,Yan Zhiyu,Yan Zhiyu
242703,J. Marcinkowski,James Thomas Marcinkowski
242712,A. Sørensen,Adam Sørensen
242714,C. Mueller,Christopher Mueller
242716,C. Baird,Corey Jacob Baird
242725,K. Thorstvedt,Kristian Thorstvedt
242730,J. Evans,Jack Lucas James Evans
242734,W. Omsberg,Wyatt Omsberg
242744,A. Aremu,Afeez Aremu Olalekan
242749,J. Buckley,John Keaton Buckley
242751,H. Carter,Hayden James Carter
242753,A. Trouillet,Alexis Trouillet
242755,J. Yeboah,John Yeboah Zamora
242759,A. Arigoni,Allan Arigoni
242764,H. Ishige,Hideki Ishige
242769,S. Vines,Samuel Marqus Lloyd Vines
242787,E. Dixon-Bonner,Elijah Malik Dixon-Bonner
242791,D. Polvara,Dante Polvara
242794,I. Louza,Imrân Louza
242800,G. Tanner,George Tanner
242802,San Román,Miguel San Román Ferrándiz
242815,D. Fitz,Dominik Fitz
242816,Riqui Puig,Ricard Puig Martí
242818,F. Dahmen,Finn Gilbert Dahmen
242821,Kim Seung Sub,Seung-sub Kim
242826,Lee Jae Ik,Jae-ik Lee
242835,L. Balerdi,Leonardo Julián Balerdi Rossa
242840,A. Šušnjar,Aleksandar Šušnjar
242841,A. Appiah,Arvin Amoakoh Appiah
242850,S. Asta,Simon Asta
242853,S. Brynn,Solomon Brynn
242863,A. Al Hassan,Ali Sadiq Nasser Al Hassan
242870,M. Etim,Monday Etim
242874,Yang Fan,Yang Fan
242879,M. Vandevoordt,Maarten Vandevoordt
242883,Lee Min Soo,Min-Soo Lee
242893,I. Koné,Ibrahima Koné
242906,E. Twumasi,Emmanuel Twumasi
242907,B. Reynolds,Bryan Keith Reynolds Jr
242908,J. Clarke,Jack Raymond Clarke
242914,K. Nakamura,Keito Nakamura
242916,Y. Sugawara,Yukinari Sugawara
242917,L. Chávez,Lautaro Rolando Chávez
242919,T. Sanuç,Tayyip Talha Sanuç
242924,Ko Jae Hyeon,Jae-hyon Go
242946,D. Afolayan,Oladapo Joshua Afolayan
242948,M. Kovář,Matěj Kovář
242958,P. Jaeckel,Paul Jaeckel
242961,S. Duke-McKenna,Stephen Winston Duke-McKenna
242964,A. Gordon,Anthony Michael Gordon
242965,F. Hornby,Fraser David Ingham Hornby
242971,C. Palacios,Carlos Alonso Enrique Palacios Núñez
242974,K. Sessa,Kevin Simone Sessa
242983,J. McCracken,Jon Douglas McCracken
242984,S. Power,Simon Power
242997,L. Maina,Linton Maina
242998,Klauss,João Klauss de Mello
243000,N. Bancu,Nicușor Silviu Bancu
243001,A. Cicâldău,Alexandru Cicâldău
243009,D. Cornelius,Derek Austin Cornelius
243014,B. Mbeumo,Bryan Tetsadong Marceau Mbeumo
243016,Alberto Soro,Alberto Soro Álvarez
243019,T. Băluță,Tudor Cristian Băluță
243023,V. Screciu,Vladimir Ionuț Screciu
243025,L. Kamberi,Lindrit Kamberi
243032,Hugo Duro,Hugo Duro Perales
243034,Alfon,Alfonso González Martínez
243041,J. Guttau,Julian Guttau
243044,N. Ofoborh,Nathan Nnamdi Ugochukwu Benjamin Asigboro Ofoborh
243045,A. Al Khatib,Abdullah Ahmed Al Khateeb
243047,A. Marqués,Alejandro José Marqués Méndez
243048,W. Dennis,William Jonathan Dennis
243056,A. Lewis,Adam Thomas Lewis
243057,N. Williams,Neco Shay Williams
243061,Lee Dong Jun,Dong-jun Lee
243064,Park Tae Joon,Tae-joon Park
243080,Carlos Isaac,Carlos Isaac Muñoz Obejero
243088,Zhong Yihao,Zhong Yihao
243092,A. Abdugheni,Abduhamit Abdugheni
243097,Yin Congyao,Yin Congyao
243099,Liu Bin,Liu Bin
243100,Li Shuai,Li Shuai
243102,Wang Xianjun,Wang Xianjun
243107,Cui Lin,Cui Lin
243108,Liu Yi,Liu Yi
243117,Xie Weijun,Xie Weijun
243125,S. Strand,Simon August Love Strand
243127,J. Martin,John Martin
243133,J. Scally,Joseph Michael Scally
243134,L. Ramazani,Largie Ramazani
243153,M. Al Rashidi,Makhir Saleh Makhir Al Rashidi
243154,A. Benedyczak,Adrian Dawid Benedyczak
243155,Manu Hernando,José Manuel Hernando Riol
243158,L. Wahlstedt,Leopold Wahlstedt
243163,D. Grant,Daniel Grant
243169,Y. Begraoui,Yanis Begraoui
243173,Kim Jun Bum,Jun-beom Kim
243175,Lee Hyun Sik,Hyeon-sik Lee
243185,P. Wiśniewski,Przemysław Wiśniewski
243200,S. Mulattieri,Samuele Mulattieri
243201,Álex Domínguez,Alejandro Domínguez Romero
243203,K. Høgh,Kasper Waarts Thenza Høgh
243205,Elves Baldé,Elves Umar Baldé
243210,A. Abeid,Yacoub Aly Abeid
243212,J. Berger,Johann Berger
243220,Y. Kobayashi,Yuki Kobayashi
243222,B. Slisz,Bartosz Slisz
243223,N. Madsen,Nicolas Martin Hautorp Madsen
243229,T. Freriks,Tim Freriks
243235,O. Mbaizo,Olivier Mbaissidara Mbaizo
243237,L. Pellegrini,Luca Pellegrini
243241,A. Buongiorno,Alessandro Buongiorno
243244,H. Türkmen,Hüseyin Türkmen
243245,O. Kökçü,Orkun Kökçü
243249,J. Ekkelenkamp,Jurgen Peter Ekkelenkamp
243252,T. Hamer,Thomas Philip Hamer
243256,O. Pikhalyonok,Oleksandr Pikhalyonok
243271,C. Yüksel,Celil Yüksel
243275,L. Mai,Lars Lukas Mai
243276,D. Pereira,Dion Enrico Pereira Greives
243277,J. Mukena,Joy Richard Mpinga Mukena
243279,L. Gordon,Lewis Courtney Gordon
243282,D. McNeil,Dwight James Matthew McNeil
243283,M. Westergaard,Magnus Hee Westergaard
243284,F. Winther,Frederik Franck Winther
243293,Y. Leliendal,Yannick Cereso Frederik Leliendal
243294,T. Leysen,Tobe Leysen
243302,D. Musovski,Danny Musovski
243311,Josep Martínez,Josep Martínez Riera
243312,Pablo Martínez,Pablo Martínez Andrés
243315,Dani Gómez,Daniel Gómez Alcón
243316,Quique Fornos,Enrique Fornos Domínguez
243321,Kim Gyeong Min,Kyeong-min Kim
243344,D. Lanius,Dominik Lanius
243345,J. Rieckmann,Julian Rieckmann
243347,A. Bærtelsen,Anders Bloch Bærtelsen
243349,D. Levitt,Dylan James Christopher Levitt
243350,F. Agu,Felix Agu
243353,B. Mumba,Bali Mumba
243354,P. Sander,Philipp Sander
243355,L. Vallier,Lenny Vallier
243360,N. Fröling,Nils Gustav Georg Fröling
243371,M. Jørgensen,Mathias Jørgensen
243373,L. Jensen,Lukas Bornhøft Jensen
243378,M. Wintzheimer,Manuel Paul Wintzheimer
243386,D. Valencia,Diego Martín Valencia Morello
243388,B. Sosa,Borna Sosa
243390,I. Poveda,Ian Carlo Poveda-Ocampo
243392,R. Matondo,Rabbi Matondo
243398,C. Braun,Christopher Braun
243401,André Vidigal,André Filipe Cunha Vidigal
243412,B. Danger,Bradley Danger
243414,B. Williams,Brandon Paul Brian Williams
243427,R. Edmondson,Ryan David Edmondson
243431,Miguel Rubio,Miguel Ángel Rubio Lestan
243442,E. Aiwu,Emanuel Aiwu
243445,F. Kaya,Fatih Kaya
243449,L. Perrin,Lucas Perrin
243456,B. White,Brian White
243459,T. Barlow,Tom Barlow
243464,J. Stroud,Jared Presson Stroud
243465,C. Romaña,Carlos Alberto Romaña Mena
243473,F. Karačić,Fran Karačić
243476,M. Borgogno,Matías Nahuel Borgogno
243478,E. Loiodice,Enzo Loiodice
243481,M. Pedersen,Marcus Holmgren Pedersen
243491,César Gelabert,César Gelabert Piña
243497,S. Walukiewicz,Sebastian Wiktor Walukiewicz
243513,G. Corbo,Gabriele Corbo
243514,J. Meier,Jonathan Meier
243516,A. Nguiamba,Aurélien Nguiamba
243520,A. McCann,Alistair Edward McCann
243525,R. Ljubičić,Robert Ljubičić
243526,M. Müldür,Mert Müldür
243527,F. Caligara,Fabrizio Caligara
243528,Kim Tae Han,Tae-han Kim
243530,Mujaid,Mujaid Sadick Aliu
243532,E. Tallig,Erik Tallig
243534,T. Campulka,Tim Campulka
243537,M. Breunig,Maximilian Breunig
243538,K. Letica,Karlo Letica
243539,K. Yakob,Kevin Enkido Yakob
243545,J. Fajardo,José Fajardo Nelson
243549,M. Hosseini,Seyed Majid Hosseini
243551,A. Gholizadeh,Ali Gholizadeh
243558,Óscar Valentín,Óscar Valentín Martín Luengo
243559,De Frutos,Jorge de Frutos Sebastián
243568,S. Eze,Stephen Eze
243571,B. Diaby,Bambo Diaby Diaby
243572,M. Villa,Maximiliano Agustín Villa Pereira
243573,A. Racioppi,Anthony Racioppi
243574,Z. Brault-Guillard,Zachary Bichotte Paul Brault-Guillard
243575,J. Ball,James Cameron Ball
243576,Pedro Porro,Pedro Antonio Porro Sauceda
243580,L. Openda,Ikoma Loïs Openda
243585,G. Bazunu,Gavin Okeroghene Bazunu
243586,A. El Kaabi,Ayoub El Kaabi
243587,Fran Vieites,Francisco Barbosa Vieites
243588,T. McGill,Thomas Peter Wayne McGill
243589,A. Cochrane,Alexander William Cochrane
243593,A. Laurienté,Armand Gaëtan Laurienté
243595,M. Bernauer,Maxime Bernauer
243596,N. Morahan,Niall Morahan
243599,P. Ouaneh,Peter Ouaneh
243602,S. M'Bakata,Salem M'Bakata
243604,Juan Cruz,Juan Cruz Díaz Espósito
243606,K. Lewis-Potter,Keane William Lewis-Potter
243608,R. Giles,Ryan John Giles
243612,D. Sanderson,Dion Dannie Leonard Sanderson
243613,O. Bailey,Owen John Edward Bailey
243618,L. Fadinger,Lukas Fadinger
243619,D. Burgzorg,Delano Burgzorg
243627,Y. Adli,Yacine Adli
243628,A. Vukotić,Aleksandar Vukotić
243630,J. David,Jonathan Christian David
243631,M. Camara,Mahdi Camara
243637,R. Hutchinson,Reece Christopher Hutchinson
243639,M. Watters,Max James Watters
243640,E. Galbraith,Ethan Stuart William Galbraith
243643,E. Henderson,Ewan Henderson
243646,B. Nygren,Erik Benjamin Nygren
243647,A. Bayındır,Altay Bayındır
243657,J. Garner,James David Garner
243661,A. Vallci,Albert Vallçi
243664,F. Rieder,Florian Rieder
243666,C. McCowatt,Callum William McCowatt
243669,J. Anthony,Jaidon Kya Denley Anthony
243672,Kim Tae Hyun,Tae-hyeon Kim
243673,Park Jin Seob,Jin-seob Park
243675,K. Scherpen,Kjell Scherpen
243684,W. Alarcón,Williams Héctor Alarcón Cepeda
243686,Chiquinho,Francisco Leonel Lima Silva Machado
243688,B. Burns,Robert Joseph Burns
243690,W. Długosz,Wiktor Długosz
243702,D. Spence,Diop Tehuti Djed-Hotep Spence
243711,T. Callens,Thomas Callens
243715,W. Saliba,William Alain André Gabriel Saliba
243731,S. González,Santiago Emanuel González Puga
243735,A. Spahić,Avdo Spahić
243736,K. Rauhut,Kevin Rauhut
243738,M. Karbstein,Malte Karbstein
243756,Fran Gámez,Francisco Gámez López
243758,B. Żynel,Bartłomiej Żynel
243759,I. Arce,Ignacio Mauricio Jesús Arce
243764,B. Kavanagh,Brandon Kavanagh
243765,S. Sherring,Sam Sherring
243767,G. Kilkenny,Gavin Kilkenny
243773,K. Ludewig,Kilian Ludewig
243780,Lee Kang In,Kang-in Lee
243787,Y. Ramadani,Ylber Latif Ramadani
243788,A. Mucolli,Arbnor Muçolli
243789,A. Mucolli,Agon Fatmir Muçolli
243790,Wang Zhen'ao,Wang Zhen'ao
243792,Iñigo Vicente,Iñigo Vicente Elorduy
243795,A. Jakobsen,Adam Emil Skaanning Jakobsen
243801,D. Dressel,Dennis Dressel
243807,C. Sibbald,Craig Alexander Sibbald
243810,L. Ingolotti,Luis Ignacio Ingolotti
243812,Rodrygo,Rodrygo Silva de Goes
243817,E. Sørensen,Elias Fritjof Grænge Sørensen
243824,Park Soo Il,Su-il Park
243827,L. Cass,Lewis Graham Cass
243828,M. Longstaff,Matthew Ben Longstaff
243830,Mailson,Mailson Tenorio dos Santos
243831,B. Radulović,Bojan Radulović Samouković
243833,C. Rösler,Colin Rösler
243834,L. Ilić,Luka Ilić
243838,N. Burkart,Nishan Connell Burkart
243840,L. O'Connor,Lee Patrick O'Connor
243841,S. Pittman,Scott Pittman
243842,N. Cadden,Nicholas Cadden
243845,P. Patterson,Phoenix Maclaren Patterson
243848,B. Lyons-Foster,Brooklyn Lyons-Foster
243849,P. Maghoma,Edmond-Paris Maghoma
243854,M. Simakan,Mohamed Simakan
243860,J. Kronig,Jan Kronig
243866,T. Gundelund,Thomas Gundelund Nielsen
243867,O. Kanté,Ousmane Kanté
243869,R. Crichlow,Romoney Crichlow-Noble
243870,O. Repka,Oskar Repka
243871,S. High,Scott John High
243876,M. Frøkjær,Mads Frøkjær-Jensen
243881,C. Krempicki,Connor Krempicki
243883,J. Endres,Joshua Endres
243886,T. Mølgaard,Tobias Mølgaard Henriksen
243887,T. Mohr,Tobias Mohr
243891,M. Larsen,Mads Larsen
243893,K. Fatkić,Kenan Fatkić
243894,B. Stillhart,Basil Stillhart
243898,Baltazar,Baltazar Costa Rodrigues de Oliveira
243904,I. Pherai,Immanuël-Johannes Pherai
243905,R. Mantel,Robin Mantel
243906,U. Nissilä,Urho Nissilä
243908,D. Ballard,Daniel George Ballard
243910,T. Coyle,Trae Bailey Coyle
243914,E. Bekiroğlu,Efkan Bekiroğlu
243917,J. Gauci,Joe Anthony Gauci
243918,Diogo Mendes,Diogo Alexandre de Almeida Mendes
243921,J. Łabojko,Jakub Jan Łabojko
243923,L. Costa,Logan Evans Costa
243924,M. Drammeh,Mouhamadou Drammeh
243925,M. Behrens,Morten Jens Behrens
243932,D. Philipp,David Lennart Philipp
243949,M. Żukowski,Mateusz Żukowski
243952,A. Lunin,Andriy Lunin
243953,A. Bernier,Antoine Rudy Bernier
243959,L. Schneider,Leon Schneider
243960,M. Broschinski,Moritz Broschinski
243963,K. Magennis,Kyle Magennis
243966,G. May,Guillermo Luis May Bartesaghi
243970,M. Kwarteng,Moritz-Broni Kwarteng
243971,T. Knost,Tobias-Mbunjiro Knost
243976,Catena,Alejandro Catena Marugán
243977,J. Herrera,Jonathan Carlos Herrera
244000,T. Fleckstein,Tobias Fleckstein
244001,T. Weiner,Timon Moritz Weiner
244014,E. Löder,Elias Löder
244020,André Ferreira,André Filipe Magalhães Ribeiro Ferreira
244022,I. Sissoko,Ibrahim Sissoko
244024,O. Batista Meier,Oliver Batista Meier
244027,K. Böhnlein,Kristian Böhnlein
244028,S. Belkahia,Semi Belkahia
244034,D. Kopacz,David Peter Kopacz
244040,P. Schmidt,Patrick Schmidt
244042,M. Djitté,Moussa Kalilou Djitté
244046,Patrick,Fábio Patrick dos Reis dos Santos Fernandes
244050,W. Burger,Wouter Burger
244054,S. Finley,Samuel Joseph Finley
244056,C. Øyvann,Casper Øyvann
244067,M. Lacroix,Guy Maxence Lacroix
244068,K. Schlotterbeck,Keven Schlotterbeck
244076,Y. Otto,Yari Otto
244078,I. Franjić,Ivan Leon Franjic
244079,B. Kolgeci,Besfort Kolgeci
244081,N. Plume,Noah Plume
244082,S. Karweina,Sinan Karweina
244083,J. Hofmann,Jonas Hofmann
244087,R. Rösch,Romario Rösch
244094,L. Langhans,Leonard Langhans
244108,Hong Hyeon Seok,Hyeon-seok Hong
244109,M. Krauß,Maximilian Krauß
244110,Jesús Jiménez,Jesús Jiménez Núñez
244112,D. Kyereh,Daniel-Kofi Kyereh
244114,B. Mendy,Batista Adelino Mendy
244131,N. Hefti,Nias Hefti
244133,A. Rossipal,Alexander Rossipal
244134,B. Kapacak,Burak Kapacak
244135,A. Radovanović,Aleksandar Radovanović
244143,V. Costache,Valentin Ionuț Costache
244147,A. Păun,Constantin Adrian Alexandru Păun
244154,S. Mailat,Sebastian Árpád Mailat
244160,A. Jędrych,Arkadiusz Jędrych
244167,S. Milewski,Sebastian Milewski
244176,D. Undav,Deniz Undav
244181,L. Klassen,Leon Klassen
244185,S. Mráz,Samuel Mráz
244186,Luquinhas,Lucas Lima Linhares
244188,S. Abifade,Samuel Abifade
244190,F. Sgarbi,Filippo Lorenzo Sgarbi
244191,J. Anang,Joseph Tetteh Anang
244192,T. Isherwood,Thomas Mattias Poppler Isherwood
244193,Jovane Cabral,Jovane Eduardo Borges Cabral
244196,D. Thompson,Dominic Lewis Thompson
244197,Corpas,José Corpas Serna
244204,N. Katić,Nikola Katić
244205,M. Salas,Maximiliano Nahuel Salas
244206,N. Pérez,Patricio Nehuen Pérez
244213,Jorge Félix,Jorge Félix Muñoz García
244218,J. De Busser,Jari De Busser
244224,F. Hammar,Fredrik Hammar
244233,L. Pfeiffer,Luca Pfeiffer
244234,A. Opoku,Aaron Opoku Tiawiah
244238,J. Bijol,Jaka Bijol
244240,C. Forino,Christian Kai John Forino-Joseph
244241,O. Kensdale,Oliver James Kensdale
244250,P. Owusu,Prince Osei Owusu
244252,Y. Roche,Yohan Cédric Benjamin Roche
244256,D. Bielica,Daniel Bielica
244257,J. Burkardt,Jonathan Michael Burkardt
244258,D. Zagorac,Danijel Zagorac
244260,Dani Olmo,Daniel Olmo Carvajal
244261,L. Majer,Lovro Majer
244262,D. Horkaš,Dinko Horkaš
244263,A. Rrahmani,Amir Kadri Rrahmani
244269,F. Benković,Filip Benković
244270,N. Moro,Nikola Moro
244272,D. Perić,Dino Perić
244274,A. Šemper,Adrian Šemper
244277,K. Watts,Kelland John William James Watts
244280,A. Fein,Adrian Markus Fein
244287,M. Vrousai,Marios Vrousai
244288,A. Idah,Adam Uche Idah
244290,A. Barkarson,Atli Barkarson
244309,T. Teuma,Teddy Teuma
244311,Lucas Ribeiro,Lucas Ribeiro Costa
244316,Luís Maximiano,Luís Manuel Arantes Maximiano
244318,L. Lapoussin,Loïc André Terry Lapoussin
244319,R. Stewart,Ross Cameron Stewart
244321,D. Mullen,Danny Mullen
244322,M. Hippolyte,Myles Elliot Zach Hippolyte
244324,O. Schindler,Olivér Schindler
244349,J. Vásquez,Johan Felipe Vásquez Ibarra
244369,V. Tsygankov,Viktor Tsygankov
244373,V. Buyalskyi,Vitaliy Buyalskyi
244374,M. Shaparenko,Mykola Shaparenko
244377,T. Borevković,Toni Borevković
244380,V. Mykolenko,Vitalii Mykolenko
244390,M. Bülter,Marius Bülter
244391,F. Sakala,Fashion Sakala Junior
244393,Gonzalo Villar,Gonzalo Villar del Fraile
244394,Clemente,Enrique Clemente Maza
244399,T. Cognat,Timothé Cognat
244407,Pol Lozano,Pol Lozano Vizuete
244413,M. Pfeifer,Manuel Pfeifer
244416,João Mendes,João Sabino Mendes Neto Saraiva
244417,J. Krahl,Julian Krahl
244425,M. Schantl,Marcel Schantl
244428,B. Mykhailichenko,Bogdan Vasylyovych Mykhaylichenko
244435,J. Heil,Jürgen Heil
244438,Y. Diarra,Hamaciré Youba Diarra
244448,J. Sánchez Purata,Juan José Sánchez Purata
244456,M. Erlić,Martin Erlić
244458,A. Sebald,Alexander Sebald
244460,D. Guidi,Dominique Guidi
244464,E. Castillo,Eryc Leonel Castillo Arroyo
244467,O. Kolář,Ondřej Kolář
244470,V. Coufal,Vladimír Coufal
244471,O. Olsen,Oliver Olsen
244472,J. Cajuste,Jens-Lys Michel Cajuste
244474,M. Bordeianu,Mihai Cătălin Bordeianu
244476,C. Vidal,Clément Vidal
244478,K. Krzepisz,Kacper Krzepisz
244480,H. Magnetti,Hugo Magnetti
244483,M. Gasparini,Manuel Gasparini
244486,M. Eskihellaç,Mustafa Eskihellaç
244490,J. Stanić,Jozo Stanić
244491,C. Kobald,Christoph Kobald
244497,Marquinhos Cipriano,Marcos Robson Cipriano
244498,K. Szymański,Karol Szymański
244511,M. Scalet,Mathieu Scalet
244513,I. Sadiq,Ibrahim Sadiq
244517,E. Sarić,Elvis Sarić
244522,M. Şatin,Murat Şatin
244542,K. Kaïboué,Kylian Kaïboué
244550,M. Rakoczy,Michał Rakoczy
244551,F. Majchrowicz,Filip Majchrowicz
244559,Carlos Mendes Gomes,Carlos Mendes Gomes
244565,E. Erhahon,Ethan Erhahon
244576,J. Illanes,Julián Illanes Minucci
244591,J. Bogle,Jayden Ian Bogle
244592,J. von Moos,Julian Tobias Emilio Vonmoos
244599,H. Guenouche,Hakim Guenouche
244601,S. van Hooijdonk,Sydney van Hooijdonk
244603,B. Omeragić,Bećir Omeragić
244622,Puado,Javier Puado Díaz
244626,A. Kargbo,Augustus Kargbo
244634,S. Sohm,Simon Solomon Junior Sohm
244653,T. Kawamura,Takumu Kawamura
244655,G. Whyte,Gavin Whyte
244656,Y. Takaoka,Yohei Takaoka
244669,M. Hjulmand,Morten Blom Due Hjulmand
244672,L. Benedetti,Leonardo Benedetti
244674,O. Urhoghide,Osaze Urhoghide
244675,Sancet,Oihan Sancet Tirapu
244676,J. Schendelaar,Jasper Schendelaar
244680,M. Choinière,Mathieu Choinière
244685,M. Mouandilmadji,Marius Mouandilmadji
244692,J. Christensen,Jacob Steen Christensen
244694,C. Sabaly,Cheikh Tidiane Sabaly
244701,J. Brady,Jack Brady
244706,K. Behrens,Kevin Behrens
244707,E. Celebi,Ekin Çelebi
244709,M. Jevtović,Marko Jevtović
244715,T. Perry,Taylor Perry
244717,A. Gallo,Antonino Gallo
244720,B. Gabriël,Brent Gabriël
244723,Felipe Silva,Felipe de Sousa Silva
244725,E. Linthorst,Henricus Gerardus Hubertus Maria
244728,S. Steijn,Sem Steijn
244731,N. Rusyn,Nazariy Rusyn
244736,S. Beusnard,Steeve Beusnard
244749,N. Aguerd,Nayef Aguerd
244757,A. Schott,Augusto Schott
244762,L. Diaby Fadiga,Mohamed Lamine Diaby-Fadiga
244767,Carlos Vicente,Carlos Vicente Robles
244769,S. Tunkar,Sultan Mohammed Saleh Tanker
244778,Trincão,Francisco António Machado Mota de Castro Trincão
244780,E. Masciangelo,Edoardo Masciangelo
244783,T. Koch,Tobias Koch
244787,M. Havel,Milan Havel
244788,P. Bucha,Pavel Bucha
244791,P. Hrošovský,Patrik Hrošovský
244793,T. Chorý,Tomáš Chorý
244795,J. Auer,Jonas Antonius Auer
244796,M. Valenta,Matěj Valenta
244797,P. Musa,Petar Musa
244799,Pol Moreno,Pol Moreno Sánchez
244800,Kim Moon Hwan,Moon-hwan Kim
244810,T. Lawal,Tobias Okiki Lawal
244811,D. Bumberger,David Bumberger
244824,I. Núñez,Ignacio Antonio Núñez Estrada
244825,B. Yáñez,Bastián Jean Yáñez Miranda
244827,A. Duarte,Alejandro Cristoph Duarte Preuss
244836,J. Segre,Jacopo Segre
244837,Lee Si Young,Si-young Lee
244842,E. Patoulidis,Evangelos Patoulidis
244843,W. Balikwisha,William Muhoya Balikwisha
244852,Kim Jung Min,Jung-min Kim
244853,K. Sowah,Kamal Sowah
244859,J. David,Jonas Benjamin Chimezie David
244863,Y. Benrahou,Yassine Benrahou
244869,G. Compagnucci,Gabriel Carlos Compagnucci
244870,J. Key,Joshua Myles Abraham Key
244871,J. Randall,Joel John Randall
244874,F. Ranocchia,Filippo Ranocchia
244884,M. Pellegrini,Matías Pellegrini
244889,C. Vanhoutte,Charles Vanhoutte
244891,M. Żyro,Mateusz Żyro
244892,S. Diop,Sofiane Diop
244895,A. Yusuf,Alhassan Yusuf Abdullahi
244902,F. Castro,Facundo Ismael Castro Souto
244906,A. Tiritiello,Andrea Tiritiello
244915,M. Salisu,Mohamed Salisu Abdul Karim
244919,Martín Pascual,Martín Pascual Castillo
244938,Montero,Francisco Javier Montero Rubio
244940,E. Karić,Emir Karić
244941,M. Fischer,Manfred Fischer
244942,S. Guðjohnsen,Sveinn Aron Guðjohnsen
244944,R. Cáseres,Rodrigo Cáseres
244946,I. Ramírez,Iván Rodrigo Ramírez Segovia
244947,L. Pons,Luciano Daniel Pons
244948,C. Protesoni,Carlos Nahuel Benavidez Protesoni
244949,F. Pierrot,Frantzdy Pierrot
244950,J. Rodríguez,Juan Gabriel Rodríguez
244963,Ivanildo Fernandes,Ivanildo Jorge Mendes Fernandes
244973,M. Ruiz,Marcel Alejandro Ruiz Suárez
244984,L. Pellegrini,Lucas Pellegrini
244985,R. Longelo,Rosaire Longelo-Mbule
245014,S. Janssen,Simon Janssen
245017,G. Ondoua,Gaël Bella Ondoua
245018,A. Ousou,Aiham Hanz Ousou
245020,J. Hungbo,Joseph Oluwagbemiga Mayowa Hungbo
245021,M. Loum,Mamadou Loum N'Diaye
245022,N. Opoku,Nicholas Opoku
245024,Wang Shilong,Wang Shilong
245035,C. Gomes,Claudio Amarildo Gomes
245036,Zhao Jianfei,Zhao Jianfei
245037,Eric García,Eric García Martret
245039,Duan Liuyu,Duan Liuyu
245040,Jiang Shenglong,Jiang Shenglong
245041,Zhu Chenjie,Zhu Chenjie
245042,Xu Haoyang,Xu Haoyang
245043,Zhou Junchen,Zhou Junchen
245048,Li Shenyuan,Li Shenyuan
245054,Lee Dong Kyeong,Dong-gyeong Lee
245058,O. Kiteishvili,Otar Kiteishvili
245059,M. Zelaya,Maximiliano Agustín Zelaya
245061,J. López,Julián Alejo López
245063,P. Pane,Pasquale Pane
245070,J. Debrah,Jesse Debrah
245074,Choi Young Eun,Young-eun Choi
245079,A. Oviedo,Alfio Ovidio Oviedo Álvarez
245084,M. Busi,Maxime Busi
245091,L. Ravanelli,Luca Ravanelli
245094,P. Albornoz,Patricio Albornoz
245097,F. Becker,Finn Ole Becker
245122,T. Prica,Tim Prica
245131,G. Tsitaishvili,Georgiy Tsitaishvili
245132,D. Popov,Denys Popov
245138,G. Galoppo,Giuliano Galoppo
245149,J. Hurtado,Jan Carlos Hurtado Anchico
245152,S. Giménez,Santiago Tomás Giménez
245153,N. Wood,Nathan Wood-Gordon
245155,M. Kudus,Mohammed Kudus
245157,Stoichkov,Juan Diego Molina Martínez
245158,L. Suárez,Luis Javier Suárez Charris
245164,V. Kaith,Vishal Kaith
245165,S. Bose,Subhasish Bose
245170,A. Thapa,Anirudh Thapa
245174,B. Anderson,Bruce Anderson
245209,M. Sadílek,Michal Sadílek
245211,J. Teze,Jordan Teze
245212,R. Uldriķis,Roberts Uldriķis
245215,S. Pino,Steffan Patricio Pino Briceño
245218,J. Guillemenot,Jérémy Bruno Guillemenot
245228,F. Krüger,Florian Krüger
245231,B. Arce,Billy Vladimir Arce Mina
245233,M. Steinwender,Michael Steinwender
245235,A. Bah,Alexander Hartmann Bah
245238,Javi Sánchez,Javier Sánchez de Felipe
245240,Kikas,João Diogo Alves Rodrigues
245247,F. Domínguez,Fabricio Domínguez Huertas
245249,M. Insaurralde,Carlos Manuel Insaurralde Ochart
245252,A. Gürleyen,Ahmet Ege Gürleyen
245253,L. Barreiro,Leandro Barreiro Martins
245261,Bruno Lamas,Bruno José Pavan Lamas
245264,M. Kaufmann,Mikkel Kaufmann Sørensen
245268,H. Al Yami,Hamad Turki Al Tuhayfan Al Yami
245269,E. Al Feda,Emad Adnan Al Feda
245270,K. Finnsson,Kolbeinn Birgir Finnsson
245274,P. Gunnarsson,Patrik Sigurður Gunnarsson
245275,T. Bašić,Toma Bašić
245276,M. Al Rubaie,Mohammed Faraj Al Rubaie Al Yami
245278,Tomás Tavares,Tomás Franco Tavares
245286,J. Žambůrek,Jan Žambůrek
245287,Sergio López,Sergio López Galache
245290,Dela,Adrián de la Fuente Barquilla
245319,Liziero,Igor Matheus Liziero Pereira
245331,Jordi Escobar,Jordi Escobar Fernández
245332,S. Opsahl,Sakarias Opsahl
245335,J. Pardington,James Pardington
245336,M. Kilman,Maximilian William Kilman
245337,M. Arturia,Marcos Luis Arturia
245338,T. van den Belt,Thomas van den Belt
245340,L. Sibley,Louie Joseph Sibley
245341,C. Bassett,Cole John Bassett
245347,M. Bauer,Maximilian Bauer
245355,U. Yazğılı,Uğurcan Yazğılı
245356,F. Darisi,Faisal Mohammed Al Darisi
245357,L. Alzugaray,Lisandro Joel Alzugaray
245359,C. Moreno,Carlos Agustín Moreno Luna
245361,I. Sauter,Ilan Benjamin Sauter
245364,N. Alioui,Nabil Alioui
245367,X. Simons,Xavier Quentin Shay Simons
245368,G. Yalçın,Güven Yalçın
245370,E. Destanoğlu,Ersin Destanoğlu
245371,T. Almada,Thiago Ezequiel Almada
245374,A. Muñoz,Emiliano Ariel Muñoz Aizcorbe
245377,N. Al Harthi,Nawaf Khalid Radwad Al Humaili Al Harthi
245384,P. Christiansen,Peter Buch Christiansen
245388,J. Todibo,Jean-Clair Dimitri Roger Todibo
245392,G. Botos,Giannis-Fivos Botos
245404,S. Tiffoney,Scott Tiffoney
245407,N. Ziswiler,Nino Ziswiler
245410,M. Talbi,Montassar Omar Talbi
245414,R. Al Otaibi,Radhi Meshal Al Otaibi
245420,H. Qasim,Hussain Saleh Qassem Salem
245425,N. James,Noah Paul James
245426,M. Kumbulla,Marash Kumbulla
245428,C. Okoroji,Chima Sean Okoroji
245435,R. Al Najjar,Rakan Bassam Mohammed Siraj Najjar
245438,A. Abdu,Ahmed Abdu Jaber
245439,G. Ferrari,Gianluca Ferrari
245461,F. Colidio,Facundo Colidio
245491,P. Beruatto,Pietro Beruatto
245493,M. Al Qaydhi,Mohanad Al Qaydhi
245494,A. Al Mogren,Abdullah Mohammed Al Mogren
245497,Chema Núñez,José Manuel Núñez Martín
245499,A. Hindi,Abdulbasit Ali Al Hindi
245501,I. Olaofe,Isaac Tanitoluwaloba Aduraoluwatimileyin Olaofe
245502,R. Al Najjar,Raghid Alaa Mohammed Najjar
245518,M. Al Thani,Mohamed Al Thani
245528,Edu Espiau,Eduardo David Espiau Hernández
245531,R. Stirk,Ryan William Stirk
245532,H. Silveira,Hugo Gabriel Silveira Pereira
245537,E. Ceïde,Emil Konradsen Ceïde
245538,K. Furuhashi,Kyogo Furuhashi
245539,B. Waine,Benjamin Peter Waine
245540,S. Svarnas,Stratos Svarnas
245541,G. Reyna,Giovanni Alejandro Reyna
245543,C. Kühlwetter,Christian Kühlwetter
245560,M. Venturi,Michael Venturi
245563,T. Bair,Thelonius Alston Bradley Bair
245565,M. Belkheir,Mouhamed Menaour Belkheir
245566,A. Vogliacco,Alessandro Vogliacco
245574,A. Al Dakheel,Abdurahman Al Dakheel
245582,B. Källman,Benjamin Källman
245597,Víctor Gómez,Víctor Gómez Perea
245598,I. Baba,Iddrisu Baba Mohammed
245601,C. Sánchez,Christian Joel Sánchez Leal
245622,S. Machino,Shuto Machino
245628,A. Abqar,Abdelkabir Abqar
245630,Y. Fofana,Youssouf Fofana
245637,G. Rutter,Georginio Rutter
245649,H. Forster,Harry Forster
245652,M. Gueye,Makhtar Gueye
245684,J. Mortensen,Jonas Søgaard Mortensen
245685,O. Valakari,Onni Johannes Simonpoika Valakari
245704,Martí Vilà,Martí Vilà García
245708,B. Szabó,Bálint Szabó
245710,A. Mocsi,Attila Mocsi
245715,J. Shackleton,Jamie Stuart Shackleton
245716,S. Essende,Samuel Emmanuel Essende Mbongu
245717,Lucas Rodrigues,Lucas Rodrigues da Silva
245719,A. Groiß,Alexander Groiß
245722,G. Henriksson,Gustav Niklas Henriksson
245729,H. Clarke,Harrison Thomas Clarke
245741,J. Lindstrøm,Jesper Grænge Lindstrøm
245749,A. Baroan,Antoine Baroan
245750,F. Carstens,Florian-Horst Carstens
245751,H. Tombakti,Hassan Mohammed Tambakti
245760,N. Wiemann,Niklas Wiemann
245761,A. Morgan,Albie Robert Morgan
245762,A. Kutucu,Ahmed Kutucu
245766,Y. Ohashi,Yuki Ohashi
245769,E. Majetschak,Erik Majetschak
245770,D. Drăguș,Denis Mihai Drăguş
245779,D. Quaranta,Danilo Quaranta
245784,A. Tripaldelli,Alessandro Tripaldelli
245790,Paulinho Bóia,Paulo Henrique Pereira da Silva
245812,K. Zapolnik,Kamil Zapolnik
245813,A. Al Shammari,Abdulelah Malwah Al Shammeri
245822,D. Alemdar,Doğan Alemdar
245848,Caio Marcelo,Caio Marcelo Pinheiro da Silva
245849,M. Ross,Mathias Ross Jensen
245851,L. Cabrera,Lisandro Agustín Cabrera
245854,T. Vermot,Théo Vermot
245855,D. Chambost,Dylan Chambost
245856,M. Batmaz,Malik Batmaz
245863,V. Gendrey,Valentin André Stanislas Gendrey
245865,S. Bajic,Stefan Bajić
245867,J. Ngando,Jean-Claude Ngando Mbende
245870,H. Hassan,Haissem Hassan
245893,I. Hutchinson,Isaac Hutchinson
245894,Rober,Roberto González Bayón
245900,L. Binks,Luis Thomas Binks
245902,T. Parrott,Troy Daniel Parrott
245903,H. White,Harvey David White
245908,M. García,Mateo García Rojas
245940,Silas,Silas Katompa-Mvumpa
245977,K. Despodov,Kiril Vasilev Despodov
245981,Kim Dong Hyun,Dong-hyeon Kim
245982,Choi Byeong Chan,Byeong-chan Choe
245986,Cristian,Cristian Rodríguez Pérez
245988,L. Connell,Luca John Connell
245992,B. Gilmour,Billy Clifford Gilmour
245999,Mollejo,Víctor Mollejo Carpintero
246005,J. King,Joel Bruce King
246006,C. Devlin,Cameron Peter Devlin
246007,R. Teague,Ryan Graham Pun Teague
246009,M. Tilio,Marco Tilio
246011,Víctor García,Víctor García Raja
246013,H. Calcaterra,Horacio Martín Calcaterra Thomas
246014,M. López,Marcos Johan López Lanfranco
246015,L. Mago,Luis Enrique del Pino Mago
246018,A. García,Alejandro García Castillo
246033,S. Sosa,Santiago Leonel Sosa
246043,Jang Seong Won,Sung-won Jang
246044,Andrés Martín,Andrés Martín García
246045,P. De la Vega,Pedro de la Vega
246047,A. Perea,Andrés Felipe Perea Castañeda
246048,A. Reyes,Andrés Felipe Reyes Ambuila
246053,J. Gelhardt,Joseph Paul Gelhardt
246054,J. Weir,Jensen Guy Weir
246055,Á. Preciado,Ángelo Smit Preciado Quiñónez
246057,J. Méndez,Jhegson Sebastián Méndez Carabalí
246063,E. Breivik,Emil Varhaugvik Breivik
246068,A. Ribera,Juan Alexis Ribera Castillo
246074,B. Goller,Benjamin Goller
246079,J. Redmond,Joseph Redmond
246080,G. Bajrami,Geraldo Bajrami
246093,André Luís,André Luis Silva de Aguiar
246094,R. Graydon,Ryan Graydon
246096,P. Omochere,Promise Osazee Omochere
246097,Sergio González,Sergio González Martínez
246099,K. Goudmijn,Kenzo Goudmijn
246100,K. Askildsen,Kristoffer Askildsen
246104,R. Gravenberch,Ryan Jiro Gravenberch
246106,A. Herrera,Marcelo Andrés Herrera Mansilla Barrios
246107,M. Palacios,Matías Damián Palacios
246108,A. Díaz,Alexander Díaz
246112,N. Djouahra,Näis Djouahra
246113,Adrià Pedrosa,Adrià Giner Pedrosa
246118,U. Meraş,Cengiz Umut Meraş
246126,C. Mola,Clinton Lemere Mola
246127,P. Will,Paul Will
246136,A. O'Reilly,Adam Kieran O'Reilly
246137,K. Ramsay,Kayne Ramsay
246139,Iñaki Peña,Ignacio Peña Sotorres
246145,I. Aliseda,Ignacio Santiago Aliseda
246147,M. Greenwood,Mason Will John Greenwood
246151,A. Ahl Holmström,Alexander Ahl Holmström
246155,S. McCallum,Sam Benjamin McCallum
246157,E. Pletinckx,Ewoud Pletinckx
246158,M. Hermansen,Mads Hermansen
246159,E. Laird,Ethan Benjamin Laird
246164,L. Valenti,Lautaro Rodrigo Valenti
246166,D. Harrington,David Harrington
246168,B. Krasniqi,Bledian Krasniqi
246169,Roberto López,Roberto López Alcaide
246170,L. Gómez,Luis Felipe Gómez Miranda
246172,S. Chukwueze,Samuel Chimerenka Chukwueze
246173,H. Mnoga,Haji Suleiman Haji Ali Mnoga
246174,H. Elliott,Harvey Scott Elliott
246175,L. Ihorst,Luc Ihorst
246184,M. Doué,Marc-Olivier Doué Séné
246191,J. Alvarez,Julián Álvarez
246195,C. Elliot,Callan Rennie Elliot
246228,J. Lankester,Jack Richard Lankester
246230,M. Phaëton,Matthias Jean Phaëton
246236,E. Centurión,Ezequiel Ignacio Centurión
246237,E. Bullaude,Ezequiel Eduardo Bullaude
246240,H. Bernat,Hans Christian Bernat
246242,B. Dia,Boulaye Dia
246243,J. Williams,Jay Williams
246249,R. Rydel,Ryan Steven Rydel
246258,L. Beltrán,Lucas Beltrán
246263,M. Weigandt,Marcelo Alexis Weigandt
246264,J. Scholz,Jonas Scholz
246267,D. Kotarski,Dominik Kotarski
246276,Joaquín,Joaquín Muñoz Benavides
246284,Óscar Gil,Óscar Gil Regaño
246289,C. Huerta,César Saúl Huerta Valera
246291,L. Cornic,Leo Erik Jean Cornic
246296,K. Etete,Kion Reece Etete
246297,H. Abdelli,Himad Abdelli
246298,K. Sidibé,Kalidou Sidibé
246299,D. Diani,Djibril Diani
246300,B. Vera,Brayan Emanuel Vera Ramírez
246301,Ł. Poręba,Łukasz Poręba
246310,C. Cappis,Christian Jaeger Cappis
246321,D. Maeda,Daizen Maeda
246329,M. El Idrissy,Mounaïm El Idrissy
246332,S. Muñoz,Santiago Muñoz
246335,F. Navarro,Federico Darío Navarro
246336,M. Miljević,Matko Mijael Miljevic
246345,Jo Jin Woo,Jin-woo Jo
246348,J. Díaz,Juan Carlos Díaz Mena
246349,D. Markanday,Dilan Kumar Markanday
246350,E. Le Fée,Enzo Jérémy Le Fée
246351,Valery,Valery Fernández Estrada
246352,Hugo Guillamón,Hugo Guillamón Sanmartín
246354,S. Tanasijević,Strahinja Tanasijević
246381,N. Al Habashi,Nawaf Al Habashi
246389,Y. Ibrahimaj,Ylldren Ibrahimaj
246390,S. Bjørshol,Sondre Flem Bjørshol
246392,L. Brunt,Lewis Brunt
246396,L. Sánchez,Luis Francisco Sánchez Mosquera
246402,M. Bidstrup,Mads Bidstrup
246406,X. Arreaga,Xavier Ricardo Arreaga Bermello
246416,L. Dajaku,Leon Dajaku
246417,A. Patterson,Anthony Patterson
246419,Y. Verschaeren,Yari Verschaeren
246420,J. Doku,Jérémy Doku
246422,Sidnei Tavares,Sidnei Wilson Vieira David Tavares
246423,L. Orellano,Luca Nicolás Orellano
246430,D. Vlahović,Dušan Vlahović
246431,R. Sottil,Riccardo Sottil
246434,J. Björkengren,John Gunnar Björkengren
246444,T. Iwata,Tomoki Iwata
246450,K. Cabral,Kévin Cabral
246455,Pablo Ramón,Pablo Ramón Parra
246457,C. Ngonge,Cyril Ngonge
246459,M. Daramy,Mohamed Hassouni Daramy
246469,A. Urzi,Agustín José Urzi
246471,F. Girotti,Federico Girotti Bonazza
246548,O. Sahraoui,Osame Sahraoui
246549,M. Siby,Mahamé Siby
246550,G. Haag,Giovanni Haag
246561,M. Popescu,Mihai Cristian Popescu
246562,D. Sorescu,Deian Cristian Sorescu
246563,D. Ciobotariu,Denis Ciobotariu
246565,B. Diakité,Bafodé Diakité
246591,M. Coyle,Mark Coyle
246592,Algobia,Ángel Algobia Esteves
246594,H. Massengo,Han-Noah Massengo
246604,C. Kelman,Charlie Robert Martin Lee-Kelman
246606,Fran García,Francisco José García Torres
246609,J. Requena,Juan Manuel Requena
246610,J. Cozzani,Juan Pablo Cozzani
246617,Javi Mier,Javier Mier Martínez
246618,A. Hložek,Adam Hložek
246646,M. Caqueret,Maxence Caqueret
246647,L. Hetemi,Lundrim Hetemi
246649,F. Marchwiński,Filip Marchwiński
246654,R. Wikström,Rasmus Wikström
246656,E. Holm,Emil Alfons Holm
246657,Álvaro Valles,Álvaro Vallés Rosa
246662,K. Lofthouse,Kyran Aiden Lofthouse
246663,B. Hadžić,Benjamin Hadžić
246666,N. Katterbach,Noah Katterbach
246669,B. Saka,Bukayo Saka
246671,A. Okonkwo,Arthur Okonkwo
246672,Barrenetxea,Ander Barrenetxea Muguruza
246679,G. Biancone,Giulian Biancone
246680,S. Mackie,Sean Mackie
246681,I. El Mizouni,Idris El Mizouni
246682,K. Dembélé,Karamoko Kader Dembélé
246683,L. Agoumé,Lucien Jefferson Agoume
246685,L. Davis,Leif Davis
246688,S. Abdulhamid,Saud Abdullah Abdul Hamid
246695,M. Pollock,Matthew William Pollock
246696,G. Velázquez,Víctor Gustavo Velázquez Ramos
246704,E. Ólafsson,Elías Rafn Ólafsson
246708,G. Masouras,Georgios Masouras
246713,K. Nkuba,Ken Nkuba Tshiend
246715,S. Golui,Sarthak Golui
246723,B. Wiredu,Brendan Nana Akwasi Sarpong Wiredu
246728,L. Traoré,Lassina Chamste Soudine Franck Traoré
246729,I. Chouaref,Ilyas Chouaref
246740,G. Dietsch,Guillaume Laurent Dietsch
246748,Aihen Muñoz,Aihen Muñoz Capellán
246753,M. Kikkenborg,Mads Juhl Kikkenborg
246757,S. Väänänen,Santeri Väänänen
246762,S. Koita,Sékou Koïta
246763,K. Hoever,Ki-Jana Delano Hoever
246770,F. González Metilli,Francisco González Metilli
246777,O. Pettersson,Oscar Pettersson
246785,Bryan Gil,Bryan Gil Salvatierra
246787,Hugo Vallejo,Hugo Claudio Vallejo Avilés
246788,F. Arismendi,José Fernando Arismendi Peralta
246789,A. Smith,Alistair Oluwashaun Smith
246790,A. Bamba,Abdoul Kader Bamba
246791,M. Solomon,Manor Solomon
246800,T. Buchanan,Tajon Trevor Buchanan
246803,D. Jones,DeJuan Lytelle Jones
246804,A. Sejdič,Amar Sejdić
246809,Marc Aguado,Marc Aguado Pallarés
246814,Í. Jóhannesson,Ísak Bergmann Jóhannesson
246816,E. Sylvestre,Eddy Sylvestre Negadi
246817,J. Méndez,Óscar Javier Méndez Albornoz
246826,T. Watanabe,Tsuyoshi Watanabe
246827,M. Kamara,Mohammed Kesselly Kamara
246832,V. Bayo,Vakoun Issouf Bayo
246836,A. Pieper,Amos Pieper
246840,E. Wiemberg,Erick Andrés Wiemberg Higuera
246844,Carlos Neva,Carlos Neva Tey
246845,K. Pröger,Kai Pröger
246846,B. Lyons,Brad Joseph Lyons
246847,M. Sykes,Mark Sykes
246849,G. Dorsey,Griffin Dorsey
246858,N. Mickelson,Nicholas Mickelson
246860,O. Holm,Odin Thiago Holm
246863,F. Nmecha,Felix Kalu Nmecha
246871,E. Barrenechea,Enzo Alan Tomás Barrenechea
246872,M. Sylla,Mohamad Sylla
246873,L. Kitching,Liam James Kitching
246874,R. Gotts,Robbie Gotts
246875,O. Kossounou,Odilon Kossounou Kouakou
246877,G. Gaetano,Gianluca Gaetano
246881,João Valido,João Nuno Figueiredo Valido
246885,N. Capaldo,Nicolás Capaldo Taboas
246910,A. Obando,Javier Agustín Obando
246911,F. Sjølstad,Fredrik Vangstad Sjølstad
246914,R. Rojas,Robert Samuel Rojas Chávez
246918,Jaume Grau,Jaume Grau Ciscar
246919,T. Čvančara,Tomáš Čvančara
246920,D. Collander,Kjell Dennis Collander
246923,J. Ramsey,Jacob Matthew Ramsey
246928,Iván Martín,Iván Martín Núñez
246930,Cheon Seong Hoon,Seong-hoon Cheon
246935,M. Kusu,Manasse Kusu
246937,Um Won Sang,Won-sang Um
246946,I. Coulibaly,Ismaila Cheick Coulibaly
246947,P. Akouokou,Edgar Paul Akouokou
246950,R. Astley,Ryan Astley
246954,S. Liseth,Sondre Liseth
246958,A. Ivačič,Aljaž Ivačič
246959,L. Musonda,Lubambo Musonda
246960,M. Ihattaren,Mohamed Amine Ihattaren
246974,Diogo Calila,Diogo dos Santos Cabral
246987,C. Kearns,Conor Kearns
246991,L. Scales,Liam Scales
247000,J. McClelland,Jason McClelland
247001,N. Farrugia,Neil Farrugia
247009,V. Dragsnes,Vetle Winger Dragsnes
247013,S. Pereira,Sebastián Ernesto Pereira Arredondo
247019,B. Kouyaté,Boubakar Kouyaté
247022,J. Widell Zetterström,Jacob Mikael Widell Zetterström
247025,T. Gulliksen,Tobias Fjeld Gulliksen
247026,A. Schäfer,András Schäfer
247027,Ruan,Ruan Gregório Teixeira
247028,A. Král,Alex Král
247030,P. Ševčík,Petr Ševčík
247031,D. Pines,Donovan C. Pines
247033,W. Jakobsson,Wille Jakobsson
247034,M. Diaby,Mamadouba Diaby
247037,A. Montero,Alejo Gastón Montero
247038,J. Haak,Justin Haak
247040,O. Lebedenko,Orest Lebedenko
247041,Anderson,Anderson dos Santos Gomes
247042,J. Löfgren,Jesper Löfgren
247050,P. Šulc,Pavel Šulc
247058,T. Hendriks,Tom Hendriks
247060,Y. Nader,Yahia Nader Mostafa Sherif
247067,M. Bu Sanda,Mohammed Saeed Busanda Ahmed Al Falahi
247072,K. Eissa,Khalid Eisa Mohamed Bilal Saeed
247073,U. Godwin-Malifé,Udoka Favour Godwin-Malife
247076,C. Oliva,Christian Gabriel Oliva Giménez
247077,A. Saipi,Amir Saipi
247084,O. Fernandez,Omir Guadalupe Fernandez Mosso
247085,W. Hondermarck,William Mbongo Desire Hondermarck
247086,L. Prip,Louka Daniel Prip Andreassen
247089,Julio Alonso,Julio Alonso Sosa
247090,E. Fernández,Enzo Jeremías Fernández
247093,S. Pedroza,Juan Sebastián Pedroza Perdomo
247103,D. Hancko,Dávid Hancko
247107,A. Scriven,Alfred Richard Scriven
247120,R. Margaret,Richonell Margaret
247121,L. Barraza,Luis Eduardo Barraza
247122,D. Sikan,Danylo Sikan
247124,G. Mensah,Gideon Mensah
247125,Z. Bassong,Zorhan Ludovic Bassong
247131,Pacha Espino,Luis Alfonso Espino García
247138,Fran Navarro,Francisco José Navarro Aliaga
247140,J. Benson,Josh Benson
247143,A. Vombergar,Andrés Vombergar
247150,A. Vigo,Alex Vigo Gamaliel
247156,F. Mura,Facundo Mura
247166,J. Olayinka,Olujimi James Olayinka
247172,J. Durán,Jhon Jáder Durán Palacio
247179,L. Müller,Leon Müller
247180,Abdu Conté,Abdu Cadri Conté
247185,A. Palaversa,Ante Palaversa
247187,Júnior Brumado,José Francisco dos Santos Júnior
247195,Liu Yun,Liu Yun
247197,Ming Tian,Ming Tian
247203,M. Hanousek,Matěj Hanousek
247209,D. Mbayo,Dylan Mbayo
247214,L. Parodi,Luca Parodi
247224,Wang Zhifeng,Wang Zhifeng
247228,D. St. Clair,Dayne Tristan St. Clair
247229,R. Bellanova,Raoul Bellanova
247240,Rafael Santos,Rafael Lucas Cardoso dos Santos
247241,Wu Shaocong,Wu Shaocong
247245,T. Ostrák,Tomáš Ostrák
247246,K. Thuram,Khéphren Thuram-Ulien
247248,M. Mbow,Mamadou Moustapha Mbow
247249,J. Piroe,Joël Mohammed Ramzan Piroe
247257,Ibañez,Roger Ibañez da Silva
247258,L. Ofori,Lawrence Ofori
247263,E. Tapsoba,Edmond Fayçal Tapsoba
247264,A. Seko,Ayumu Seko
247278,A. Gutman,Andrew David Gutman
247279,L. Dykes,Lyndon John Dykes
247286,S. Hostikka,Santeri Hostikka
247288,I. Camará,Ibrahima Camará
247308,J. Nelson,John Nelson
247309,S. Junqua,Samuel Junqua
247310,R. Mudražija,Robert Mudražija
247322,T. Schmitt,Tate Schmitt
247328,Unai Vencedor,Unai Vencedor Paris
247330,N. Vesterlund,Niklas Brøndsted Vesterlund Nielsen
247333,A. Mikkelsen,August Mikkelsen
247335,W. Isidor,Wilson Isidor
247336,A. McCalmont,Alfie John McCalmont
247346,T. Muse,John David Muse III
247350,O. Casey,Oliver Joseph Casey
247354,B. Michel,Benjamin Stanley Michel
247356,K. Smith,Kyle Smith
247360,L. Stergiou,Leonidas Stergiou
247361,B. Aaronson,Brenden Russell Aaronson
247368,J. Barinaga,Juan Ignacio Barinaga
247369,T. Ducrocq,Tom Ducrocq
247371,C. Kavanagh,Cian Kavanagh
247376,A. Jenssen,Anders Finjord Jenssen
247385,L. Buchanan,Lee David Buchanan
247394,D. Kulusevski,Dejan Kulusevski
247395,L. McNally,Luke McNally
247400,C. Villalba,Carlos Gabriel Villalba Rivas
247407,K. Mouanga,Kévin Mouanga
247409,J. Boller,Jan Boller
247412,A. Pelmard,Andy Joseph Pelmard
247423,G. Costa,Basilio Gabriel Costa Heredia
247428,D. Ochoa,David Ochoa Ramírez
247447,O. Antman,Oliver Antman
247448,G. Ranjitsingh,Gregory Nicholas Ranjitsingh
247458,Álex Sola,Alejandro Sola López-Ocaña
247459,S. Nealis,Sean Nealis
247463,F. Balogun,Folarin Jolaoluwa Jerry Balogun
247466,Xavi Sintes,Xavier Sintes Egea
247471,M. Ishida,Masatoshi Ishida
247474,C. Gasper,Chase Blair Gasper
247476,H. Dotson,Hassani Dotson Stephenson
247490,J. Haahr,Jacob Haahr Steffensen
247494,J. Sirois,Jonathan Sirois
247495,Moncayola,Jon Moncayola Tollar
247497,A. Bella-Kotchap,Armel Bella-Kotchap
247500,Edgar,Edgar González Estrada
247506,M. Freese,Matthew Andrew Geary Freese
247507,P. Glatzel,Paul Milton Glatzel
247509,E. Cerrillo,Edwin Javier Cerrillo
247518,T. Bradbury,Thomas Bradbury
247519,F. Mambimbi,Felix Khonde Mambimbi
247528,C. Ndaba,Corrie Richard Ndaba
247533,J. Boyer,Julien Boyer
247534,C. Zady Sery,Caleb Zady Sery
247539,A. Scheidler,Aurélien Scheidler
247557,F. Charrupí,Felix Eduardo Charrupí Mina
247574,Kim Chan,Chan Kim
247582,F. Amaya,Franuel
247599,L. Leroy,Léo Patrick Pierre Leroy
247601,R. Williams,Rhys Williams
247611,E. Selvik,Egil Selvik
247612,D. Sealy,Dante Isiah Sealy
247623,J. Ngakia,Jeremy Ngakia
247626,D. Singh Moirangthem,Dheeraj Singh Moirangthem
247627,S. Doungel,Seiminlen Doungel
247630,S. Abdul Samad,Sahal Abdul Samad
247631,M. Rakip,Mohamad Rakip
247635,K. Kvaratskhelia,Khvicha Kvaratskhelia
247640,Bryan Teixeira,Bryan Silva Teixeira
247641,Tetê,Mateus Cardoso Lemos Martins
247643,F. Panák,Filip Panák
247648,K. Miller,Kamal Anthony Miller
247649,J. Branthwaite,Jarrad Paul Branthwaite
247658,R. Al Hajj,Rami Al Hajj
247667,Kim Tae Hwan,Tae-hwan Kim
247668,K. N'Dri,Konan Ignace Jocelyn N'Dri
247670,L. Ralte,Lalthuammawia Ralte
247674,D. Politic,Dennis-Dorian Politic
247677,Yan Dinghao,Yan Dinghao
247678,J. Araujo,Julián Vicente Araujo Zúñiga
247679,V. Boniface,Victor Okoh Boniface
247680,M. Kovtalyuk,Mykola Kovtalyuk
247686,Cho Gue Sung,Gue-sung Cho
247689,Lee Ji Sol,Ji-sol Lee
247714,Lim Seung Kyum,Seung-kyum Im
247721,T. Raschl,Tobias Raschl
247722,A. Dobra,Armando Dobra
247729,André Almeida,Domingos André Ribeiro Almeida
247731,M. Smith,Matthew Gerrard Smith
247741,A. Glennon,Anthony David Driscoll-Glennon
247748,Lee Hee Kyun,Heui-kyun Lee
247754,G. Stensness,Gianni Ryan Stensness
247764,K. John,Kyle Alex John
247771,O. Deman,Olivier Deman
247774,R. González,Rodrigo Iván González
247776,J. Córdoba,Jhon Emerson Córdoba Mosquera
247782,K. Jørgensen,Kasper Poul Mølgaard Jørgensen
247819,N. Schlotterbeck,Nico Cedric Schlotterbeck
247821,K. Krasniqi,Kreshnik Krasniqi Dervishaj
247827,M. Olise,Michael Akpovie Olise
247832,Thierry Correia,Thierry Rendall Correia
247833,A. Rowe,Aaron Kevin Isaac Rowe
247834,P. Egelund,Patrick Hessellund Egelund
247836,D. Wilmering,Daniel Wilmering
247839,F. Stople,Frank Stople
247844,Lee Jae Won,Jae-won Lee
247851,Bruno Guimarães,Bruno Guimarães Rodrigues Moura
247861,A. Čerin,Adam Gnezda Čerin
247866,C. Miszta,Cezary Pawet Miszta
247874,G. Yow,Griffin McDorman Yow
247881,J. Escobar,Juan Marcelo Escobar Chena
247882,R. Cordano,Rubén Cordano Justiniano
247883,S. Torres,Saúl Torres Rojas
247887,D. Merola,Davide Merola
247888,S. Esposito,Sebastiano Esposito
247889,Y. Dukuly,Yaya Dukuly
247890,B. Kamwa,Bobby-Emmanuel Kamwa
247893,V. Mutiu,Vlad Ionuț Muțiu
247905,C. Achim,Cosmin Florin Achim
247913,L. Miller,Lewis Miller
247931,A. Van Hoorenbeeck,Alec Van Hoorenbeeck
247941,A. Tudorie,Alexandru Tudorie
247944,C. Straton,Cătălin George Straton
247950,G. Simion,Gabriel Bogdan Simion
247955,I. Stoica,Ianis Ilie Stoica
247962,M. Williamsen,Max Normann Williamsen
247963,I. Larie,Ionuț Justinian Larie
247968,V. Crețu,Valentin Iulian Creţu
247972,D. Olaru,Darius Dumitru Olaru
247974,A. Ivanov,Antoni Valeri Ivanov
247976,C. Căbuz,Cătălin Vasile Căbuz
247978,I. Stoica,Ionuț Stoica
247985,L. Dumitriu,Lucian Mihai Dumitriu
248000,E. Pap,Eduard Adrian Pap
248002,A. Miron,George Andrei Miron
248003,A. Burcă,Andrei Andonie Burcă
248010,E. Papa,Enriko Papa
248019,R. Ducan,Răzvan Cristian Ducan
248021,I. Cristea,Iulian Lucian Cristea
248040,A. Rus,Adrian Rus
248041,F. Ștefan,Florin Bogdan Ştefan
248049,C. Petrila,Claudiu Adrian Mihai Petrila
248050,H. Burrows,Harrison James Burrows
248053,S. Arzamendia,Santiago Arzamendia Duarte
248054,L. Popescu,Laurenţiu Iulian Popescu
248056,M. Briceag,Marius Ionuţ Briceag
248057,O. Bic,Ovidiu Alexandru Bic
248060,V. Mihăilă,Mihai Valentin Mihăilă
248061,C. Bărbuț,Cristian Marian Bărbuţ
248071,D. Rusu,Denis Rusu
248073,Ș. Târnovanu,Ștefan Târnovanu
248091,D. Lazar,David Beniamin Lazar
248095,R. Radunović,Risto Radunović
248101,I. Biceanu,Ionuț Ciprian Biceanu
248105,V. Ghiță,Virgil Eugen Ghiță
248107,R. Boboc,Radu Ștefăniță Boboc
248110,P. Iacob,Paul Alexandru Iacob
248111,A. Artean,Andrei Viorel Artean
248112,I. Vînă,Ionuț Daniel Vînă
248117,A. Ciobanu,Andrei Virgil Ciobanu
248118,A. Pitu,Alexi Paul Pitu
248121,J. Smith,Jackson William Smith
248123,F. Tomi,Félix Tomi
248126,E. Acquah,Emile Acquah
248131,Park Jung In,Jeung-in Park
248133,C. Haydar,César Rafael Haydar Villarreal
248137,F. Rodríguez,Facundo Santiago Rodríguez Fábregas
248147,M. Praszelik,Mateusz Jakub Praszelik
248148,Zubimendi,Martín Zubimendi Ibáñez
248149,M. Karbownik,Michał Karbownik
248150,R. Kumar,Ravi Kumar
248158,G. Slonina,Gabriel Paweł Słonina
248165,A. Rațiu,Andrei Florin Rațiu
248166,L. Johnsen,Lasse Berg Johnsen
248167,J. Ekeland,Jostein Ekeland
248168,D. Thorhallsson,Dagur Dan ThórhallssonDagur Dan Þórhallsson
248169,T. Vlček,Tomáš Vlček
248171,D. Bettella,Davide Bettella
248174,N. Boujellab,Nassim Boujellab
248175,M. Knudsen,Magnus Nordengen Knudsen
248177,S. Chakrabarti,Souvik Alok Chakrabarti
248178,B. Singh,Bipin Singh Thounaojam
248188,Song Min Kyu,Min-kyu Song
248191,J. Portilla,Juan Camilo Portilla Orozco
248197,V. Dakshinamurthy,Vignesh Dakshinamurthy
248199,V. Antov,Valentin Antov
248201,M. Minchev,Martin Yankov Minchev
248207,F. Mallo,Facundo Mallo Blanco
248216,T. Hasal,Thomas Hasal
248221,Mu Pengfei,Mu Pengfei
248222,Liu Xinyu,Liu Xinyu
248227,C. Armiento,Carlo Armiento
248231,H. López Muñoz,Hernán Darío López Muñoz
248237,He Yupeng,He Yupeng
248243,E. Camavinga,Eduardo Celmi Camavinga
248245,T. Pedersen,Thore Baardsen Pedersen
248246,D. Majumder,Debjit Majumder
248247,A. Mukherjee,Ankit Mukherjee
248251,H. Sharma,Hitesh Sharma
248252,J. Rane,Jayesh Rane
248255,A. Hawsawi,Abdulbasit Hawswi Abdullah
248256,M. Sanyour,Meshary Sanyor
248263,G. Singh,Gursimrat Singh Gill
248264,N. Kumar,Nishu Kumar Tashni
248265,R. Bheke,Rahul Bheke
248266,S. Boey,Sacha Boey
248272,E. Lalrindika,Edmund Lalrindika
248274,L. Renthlei,Laldinliana Renthlei
248276,T. Singh,Ngasepam Tondonba Singh
248278,J. de Haas,Justin de Haas
248280,I. Vanmalsawma,Issac Vanmalsawma Chhakchhuak
248281,D. Borrero,Dylan Felipe Borrero Caicedo
248283,R. Sandberg,Rasmus Semundseth Sandberg
248284,A. Gomes,Albino Giovanni Gomes
248289,N. Kumar Sekar,Nandha Kumar Sekar
248290,S. Sarangi,Shubham Sarangi
248292,M. Nawaz,Mohammad Nawaz
248294,S. Gama,Saviour Gama
248296,S. Fernandes,Seriton Benny Fernandes
248298,B. Fernandes,Brandon Fernandes
248300,M. Singh,Manvir Singh
248301,K. Singh,Kamaljit Singh
248302,A. Mehta,Ashutosh Mehta
248304,N. Tamang,Nim Dorjee Tamang
248307,M. Yasir,Mohammed Yasir
248308,R. Kumar,Rohit Kumar
248310,N. Poojary,Nikhil Chandra Shekhar Poojary
248311,Tiri,José Luis Espinosa Arroyo
248313,P. Chaudhari,Pratik Prabhakar Chowdhary
248318,M. Rahman,Mohammad Mobashir Rahman
248319,F. Choudhary,Farukh Choudhary
248325,T. Rehenesh,Rehenesh Thumbirumbu Paramba
248327,P. Lakra,Provat Lakra
248328,T. Allen,Taylor Ellis Allen
248331,L. Khawlhring,Lalthathanga Khawlhring
248334,R. Tlang,Redeem Tlang
248337,S. Jarl,Sebastian Jarl
248342,T. Heggem,Torbjørn Lysaker Heggem
248356,T. Ballo,Thierno Mamadou Lamarana Ballo
248357,A. Lauray,Alexandre Lauray
248360,T. Klysner,Tobias Klysner Breuner
248376,Tao Qianglong,Tao Qianglong
248384,I. Gruev,Ilia Iliev Gruev
248385,R. Piccoli,Roberto Piccoli
248392,T. Haltvik,Teodor Berg Haltvik
248405,M. McGuinness,Mark James McGuinness
248408,P. Gozzi,Paolo Gozzi Iweru
248429,D. Crowley,Darragh Crowley
248434,D. Hanslik,Daniel Patrick Hanslik
248443,O. Perianu,Ovidiu Ioan Perianu
248458,C. García,Juan Camilo García Soto
248465,I. Maatsen,Ian Ethan Maatsen
248470,J. Handl,Johannes Handl
248471,M. Taferner,Matthäus Taferner
248473,P. Ekwah,Pierre-Emmanuel Ekwah Elimby
248474,T. Anjorin,Faustino Adebola Rasheed Anjorin
248477,S. Chergui,Samir Sophian Chergui
248478,D. Ramaj,Diant Ramaj
248482,K. Al Dawsari,Khalifah Adel Al Dawsari
248484,N. Collins,Nathan Michael Collins
248486,Lee Joon Suk,Joon-suk Lee
248487,Lee Soo Bin,Soo-bin Lee
248492,J. Hill,James Clayton Hill
248493,G. Grubbe,Gustav Grubbe Madsen
248498,K. Al Ghannam,Khalid Essa Mohammed Al Ghannam
248508,M. Skrzypczak,Mateusz Skrzypczak
248539,B. Doukansy,Brahima Doukansy
248547,A. Uribe,Ariel Alfonso Uribe Lepe
248548,D. Aguilar,Daniel Aguilar Muñoz
248550,Vivian,Daniel Vivian Moreno
248559,L. Pétrot,Léo Pétrot
248564,Z. Aboukhlal,Zakaria Aboukhlal
248568,P. Makuch,Patryk Makuch
248569,J. Furlong,Walter James Byrne Furlong
248573,J. Dina Ebimbe,Éric Junior Dina Ebimbe
248575,D. Kother,Dominik Kother
248576,F. Flick,Florian Flick
248584,A. Phliponeau,Alexandre Phliponeau
248586,O. Hindrich,Otto Hindrich
248587,A. Fică,Alin Răzvan Fică
248602,J. Greaves,Jacob John Greaves
248604,A. Zagré,Arthur Zagré
248661,C. Niasse,Cheikh Ahmet Tidian Niasse
248662,A. Linguet,Allan Linguet
248674,L. Munteanu,Louis Munteanu
248680,C. Grameni,Constantin Grameni
248687,B. Cabango,Benjamin George Cabango
248688,O. Cooper,Oliver Joseph Cooper
248692,M. Jacob,Matthew James Jacob
248694,I. Karamoko,Ibrahim Karamoko
248695,W. Fofana,Wesley Fofana
248698,V. Bondar,Valeriy Bondar
248710,Paulino,Paulino de la Fuente Gómez
248711,A. Tchaptchet,Wandja Allan Tchaptchet
248712,Oh Hyeon Gyu,Hyeon-gyu Oh
248718,J. Iredale,Jack Henry Stewart Iredale
248723,C. Malley,Connor Malley
248729,G. Isaksen,Gustav Tang Isaksen
248732,K. Hein,Karl Jakob Hein
248735,Bao Yaxiong,Bao Yaxiong
248740,G. Ahadme,Gassan Ahadme Yahyai
248752,D. Mawlanyaz,Dilmurat Mawlanniyaz
248765,C. Conteh,Christian Joe Conteh
248770,K. Radkowski,Kacper Radkowski
248774,J. Mellish,Jon James Alexander Mellish
248777,J. Mellot,Jérémy Mellot
248784,T. Nkada,Timothé Ralph Olivier Zogo Nkada
248787,L. Moro,Luca Moro
248788,A. Yakubu,Abdul-Aziz Yakubu
248793,M. Wieffer,Mats Wieffer
248805,Sergio Camello,Sergio Camello Pérez
248808,A. Hickey,Aaron Buchanan Hickey
248809,F. Robertson,Finlay Robertson
248811,Bruno Lourenço,Bruno Miguel Ponces Lourenço
248812,Y. Ackah,Yaw Ackah
248814,N. Korkmaz,Nurettin Korkmaz
248815,K. Berkoe,Kevin Nana Yaw Berkoe
248820,Mateu Morey,Mateu Jaume Morey Bauzà
248821,S. Delos,Shaquil Delos
248836,W. Al Ahmed,Waleed Abdulwahab Abdulaziz Al Ahmad
248839,J. Young,Jake Alan Young
248854,B. Özdemir,Berat Ayberk Özdemir
248855,J. Larsen,Japhet Sery Larsen
248856,D. Leyva,Daniel Ulises Leyva
248857,M. Felici,Mattia Felici
248860,S. Mustafá,Saidt Mustafá Céspedes
248863,H. Rodríguez,Hernán Luis Rodríguez
248868,H. Caballero,Hernesto Ezequiel Caballero Benítez
248869,H. Fernández,Hugo Francisco Fernández Martínez
248870,B. Ojeda,Braian Óscar Ojeda Rodríguez
248872,R. Sánchez,Richard Rafael Sánchez Guerrero
248878,L. Kilian,Luca Jannis Kilian
248880,N. Guinness-Walker,Nesta Pierre Guinness-Walker
250723,K. Koné,Kouadio Emmanuel Boris Koné
250724,N. Ngoumou,Nathan Ngoumou Minpole
250725,M. Diarra,Moussa Diarra
250753,A. Trubin,Anatolii Trubin
250758,F. Blake-Tracy,Frazer John Blake-Tracy
250763,E. Engelhardt,Erik Engelhardt
250764,A. Antunes,Alexis Antunes Gomez
250766,K. Imeri,Kastriot Imeri
250779,M. Svoboda,Michael Svoboda
250780,D. Gugganig,David Gugganig
250786,B. Jackson,Ben Joseph Jackson
250789,D. Bakwa,Dilane Bakwa
250791,L. Watson,Louie Shaun Watson
250804,J. Walsh,Joe Anthony Walsh
250805,D. Abels,Dirk Abels
250807,H. Dervişoğlu,Halil İbrahim Dervişoğlu
250810,M. Ekpiteta,Marvin Akpereogene Paul Edem Ekpiteta
250811,S. Ogie,Shadrach Nosa Ogie
250812,R. Sotiriou,Ruel Dimitrios Sotiriou
250813,L. Greiml,Leo Greiml
250815,C. Parsons,Connor Riece George Parsons
250816,A. Mehmeti,Anis Mehmeti
250817,Gabriel Souza,Gabriel Eugénio Souza
250822,B. Fadiga,Bandiougou Fadiga
250823,D. Phillips,Daniel Shaquille Jabari Phillips
250825,R. Longman,Ryan James Longman
250830,I. Samuels,Imari-Narain Che Hines-Samuels
250839,J. Pretell,Jesús Emanuel Pretell Panta
250841,P. Álvarez,Patricio Leonel Álvarez Noguera
250842,J. Graterol,Joel David Graterol Nader
250847,S. Sonnenberg,Sven Sonnenberg
250850,A. Hagelskjær,Anders Hagelskjær
250851,F. Alves,Frederik Alves Thidemann
250853,P. Mattsson,Pelle Elkjær Mattsson
250854,R. Carstensen,Rasmus Carstensen
250855,S. Jørgensen,Sebastian Vinther Jørgensen
250858,P. Ciss,Pathé Ismaël Ciss
250865,Z. Jeacock,Zachary Anton John Jeacock
250876,F. Egerer,Florian Egerer
250881,Sergio Ruiz,Sergio Ruiz Alonso
250884,Javi Siverio,Javier Siverio Toro
250887,Rafa Tresaco,Rafael Tresaco Blasco
250895,J. Barnett,Jay Barnett
250896,Kim Min Duk,Min-duk Kim
250897,M. Bozan,Mustafa Burak Bozan
250909,J. Marx,Jan-Hendrik Marx
250913,B. De Keersmaecker,Brian De Keersmaecker
250916,E. Vaessen,Etienne Vaessen Burnet
250918,S. Bakari,Saïd Riad Bakari
250926,M. Hoffmeier,Marcel Hoffmeier
250931,P. Osterhage,Patrick Osterhage
250932,J. Grzesik,Jan Grzesik
250941,D. Köhn,Derrick Arthur Köhn
250946,J. Rochelt,Jannik Rochelt
250947,A. Nollenberger,Alexander Nollenberger
250950,L. Kukić,Luka Kukić
250952,K. Muhar,Karlo Muhar
250954,C. Richards,Christopher Jeffrey Richards
250955,J. Stanišić,Josip Stanišić
250959,A. Stiller,Angelo Stiller
250960,O. Bundgaard,Oliver Bundgaard Kristensen
250961,J. Zirkzee,Joshua Orobosa Zirkzee
250970,M. Wolski,Maciej Wolski
250978,Ma Zhen,Ma Zhen
250988,Piao Taoyu,Piao Taoyu
250989,Wang Zhenghao,Wang Zhenghao
250991,L. Bell Bell,Léon Bell Bell
250992,Jesús Alvarez,Jesús Álvarez Aguado
250993,M. Gyamfi,Maxwell Gyamfi
250994,J. Lewis,Joe Cameron Lewis
250997,José Gragera,José Gragera Amado
250998,S. Tengstedt,Søren Østergaard Tengstedt
251001,C. Boyd-Munce,Caolan Stephen Boyd-Munce
251002,S. Conteh,Sirlord Calvin Conteh
251006,J. Senior,Joel Toby Senior
251011,Kirian,Kirian Rodríguez Concepción
251024,I. Lushaku,Ismet Lushaku
251025,Larrazabal,Gaizka Larrazabal Goikoetxea
251028,K. Poku,Kwame Afriyie Adubofour Poku
251030,A. Cuello,Alexis Ricardo Cuello
251034,I. Popescu,Iustin Alin Popescu
251036,M. Aioani,Marian Mihai Aioani
251045,V. Rață,Vadim Raţă
251052,C. Negut,Cristian Daniel Neguț
251076,A. Șut,Adrian Gheorghe Șut
251090,E. Holten,Emil Frost Holten
251104,T. Keita,Tidiane Keita
251105,D. Joveljić,Dejan Joveljić
251107,A. Lebeau,Adrien Lebeau
251110,Wang Haijian,Wang Haijian
251111,Feng Boyuan,Feng Boyuan
251112,Huang Zihao,Huang Zihao
251116,T. Holeš,Tomáš Holeš
251118,Elsinho,Elson José Dias Júnior
251132,E. Piovi,Lucas Ezequiel Piovi
251134,F. Üzüm,Fıratcan Üzüm
251136,H. Moldovan,Horațiu Alexandru Moldovan
251138,F. Pereyra,Fabio Jesús Alberto Pereyra
251143,C. Cheng,Christopher Cheng
251149,A. Leguizamón,Aníbal Andrés Leguizamón Espínola
251156,A. Bertaccini,Adriano Bertaccini
251157,Lee Gwang Yeon,kwang-yeon Lee
251161,Choi Jun,Jun Choi
251165,T. Savin,Toby Savin
251167,S. Raux-Yao,Serge-Philippe Raux Yao
251168,N. Mujakić,Nihad Mujakić
251170,L. Sinayoko,Lassine Sinayoko
251176,S. Silvera,Samuel Silvera
251178,T. Grivosti,Tom Grivosti
251187,P. Dwomoh,Pierre Junior Dwomoh
251189,T. Somers,Thibo Somers
251191,J. Allevinah,Jim Émilien Ngowet Allevinah
251198,E. Simms,Ellis Reco Simms
251201,K. Arnstad,Kristian Fredrik Malt Arnstad
251212,J. Bay,Aníbal Jonathan Gastón Bay
251213,C. Vega,Cristian Orlando Vega
251219,D. Burns,Darragh Burns
251223,R. Pepi,Ricardo Daniel Pepi
251224,P. Besong,Paul-Philipp Besong
251229,K. Yeboah,Kelvin Kwarteng Yeboah
251230,J. Gölles,Julian Peter Gölles
251235,A. Dumiter,Ioan Andrei Vasile Dumiter
251236,A. Cordea,Andrei Ioan Cordea
251247,K. Van de Perre,Kamiel Van de Perre
251257,C. Whitely,Corey Milton Whitely
251260,B. Kramer,Blaž Kramer
251262,B. Baggley,Barry Thomas Crowe
251264,H. Holgate,Harrison James Holgate
251272,Fábio Tavares,Fábio André Tavares Desidério
251274,R. Galvin,Ryan Francis Patrick Galvin
251275,K. Joseph,Kyle Alexander Joseph
251281,S. Köhler,Sven Köhler
251283,R. Burke,Ryan Darren Burke
251284,K. Thompson-Sommers,Kane Angelis Gavin Thompson-Sommers
251285,N. Thiede,Niclas Thiede
251287,F. Nürnberger,Fabian Nürnberger
251288,J. Medić,Jakov Medić
251289,T. Keller,Thomas Leon Keller
251291,De Erjiaduo,Pedro Miguel Gomes Delgado
251292,F. Kastenmeier,Florian Kastenmeier
251294,Guga Rodrigues,Gonçalo Rosa Gonçalves Pereira Rodrigues
251298,O. Hanin,Omer Hanin
251306,A. Randell,Adam Fletcher Randell
251311,K. Lolos,Klaidi Lolos
251312,J. Armer,Jack Armer
251313,S. Lahssaini,Sami Lahssaini
251320,M. Rohr,Maximilian Rohr
251325,M. Meyerhöfer,Marco Meyerhöfer
251335,W. Coulibaly,Woyo Coulibaly
251337,Álex Suárez,José Alejandro Suárez Suárez
251339,G. Cerato,Giuliano Cerato
251341,M. Aké,Marley Martin Mickaël Justin Aké
251342,B. Pichler,Benedikt Pichler
251343,Z. Šarlija,Zvonimir Šarlija
251346,J. Martin,Joshua Saul Martin
251349,T. Baeten,Thibo Roger Baeten
251352,J. Shaffelburg,Jacob Everett Shaffelburg
251353,K. Laba,Kodjo Fo Doh Laba
251356,N. Vallys,Nicolai Frimodt Vallys
251359,P. Krawczyk,Piotr Krawczyk
251368,K. Kostorz,Kacper Kostorz
251373,K. Klefisch,Kai Klefisch
251377,R. Zalazar,Rodrigo Zalazar Martínez
251380,L. Brassier,Lilian Brassier
251381,P. Keny,Philippe Paulin Keny
251385,S. Mambo,Stone Muzalimoja Mambo
251392,T. Krauß,Tom Krauß
251401,T. Coulibaly,Tanguy Coulibaly
251405,K. Ehlers,Kevin Ehlers
251411,K. Struski,Karol Struski
251412,S. Weissman,Shon Zalman Weissman
251416,R. Slevin,Robert Slevin
251417,E. Hottmann,Eric Hottmann
251420,T. Fornah,Tyrese Momodu Fornah
251421,B. Johnson,Brennan Price Johnson
251427,J. Richardson,Jayden De'Chante Richardson
251429,F. Kunze,Fabian Kunze
251431,M. Malone,Maurice Maximilian Malone
251433,B. Voll,Ben Alexander Voll
251438,Nuno Santos,Nuno Miguel Valente Santos
251439,T. Thomas,Titouan Christophe Gérard Thomas
251440,L. Scepanik,Lukas Scepanik
251446,E. Mihaj,Enea Mihaj
251451,F. Jäkel,Frederik Jäkel
251454,R. Tierney,Ross Tierney
251456,S. Voet,Siemen Voet
251464,I. Van der Brempt,Ignace Van der Brempt
251466,T. Van Den Keybus,Thomas Van den Keybus
251469,Pedro Amaral,Pedro Miguel Gaspar Amaral
251470,C. De Ketelaere,Charles De Ketelaere
251479,M. De Cuyper,Maxim De Cuyper
251482,C. Kinsombi,Christian Kinsombi
251486,Nené,Rui Filipe da Cunha Correia
251489,W. Kamiński,Wojciech Kamiński
251497,O. Diakité,Ousmane Diakité
251499,T. Sabitzer,Thomas Sabitzer
251516,O. Ashley,Ossama Wassim Ashley
251517,J. Gvardiol,Joško Gvardiol
251519,J. Hugonet,Jean Hugonet
251521,N. Huggins,Niall Joseph Huggins
251522,J. Hilton,Joseph Robert Hilton
251528,Z. Sanusi,Zaidu Sanusi
251530,Nuno Tavares,Nuno Albertino Varela Tavares
251532,M. Elia,Meschack Elia Lina
251537,G. Magnée,Gary Jean Magnée
251545,D. Churlinov,Darko Churlinov
251547,D. Schnegg,David Schnegg
251555,J. Eccles,Joshua Elliot Eccles
251560,B. Mitchell,Billy James Mitchell
251566,Gabriel Martinelli,Gabriel Teodoro Martinelli Silva
251570,R. Cherki,Mathis Rayan Cherki
251573,Renan Lodi,Renan Augusto Lodi dos Santos
251575,A. Sayyadmanesh,Seyed Allahyar Sayyadmanesh Shiadeh
251579,Kim Kang Guk,Kang-gook Kim
251580,Seo Jin Su,Jin-su Seo
251586,Yeljan Shinar,Yeljan Shinar
251590,L. Richards,Lewis Paul Jimmy Richards
251592,T. Taylor,Terence Charles Taylor
251594,P. Therkildsen,Peter Nysted Therkildsen
251595,N. Dyhr,Nikolas Langberg Dyhr
251596,A. Sagna,Amadou Sagna
251597,D. Steczyk,Dominik Steczyk
251599,Riki,Ricardo Rodríguez Gil-Carcedo
251603,K. Piscopo,Kevin Piscopo
251610,Manu Justo,Manuel Justo Román
251615,Francisco Moura,Francisco Sampaio de Moura
251616,David Carmo,David Mota Veiga Teixeira do Carmo
251617,A. Gigović,Armin Gigović
251621,R. Smekens,Raf Smekens
251626,M. van Ewijk,Milan Fabrizio van Ewijk
251629,J. Lonwijk,Justin Antonius Lonwijk
251633,M. Skóraś,Michał Krzysztof Skóraś
251634,E. Florescu,Eduard Marian Florescu
251635,A. Țigănașu,Alexandru Țigănașu
251642,Manu Sánchez,Manuel Sánchez García
251651,L. Vázquez,Luis Ismael Vázquez
251658,N. Havenaar,Nikki Havenaar
251660,A. Al Safri,Abdulrahman Salem Aatiq Al Safari
251662,A. Casar,Aljaž Casar
251677,Benny,Bernardo Sousa Pereira Brites Martins
251681,Maracás,Jóbson de Brito Gonzaga
251686,D. Fernández,Damián Ariel Fernández
251688,F. Greilinger,Fabian Greilinger
251690,J. Rudoni,Jack Edward Rudoni
251721,A. Deshpande,Attana Deshpande
251722,A. Chakraborty,Abhimoda Chakraborty
251723,P. Bhatt,Prakul Bhatt
251724,T. Agarwal,Taranjot Agarwal
251725,T. Atwal,Tapish Atwal
251727,H. Bhandari,Hantidev Bhandari
251732,R. Nadkarni,Remil Nadkarni
251733,P. Nagarajan,Palkesh Nagarajan
251737,J. Mangat,Jagatjiva Mangat
251738,M. Chada,Madanapal Chada
251739,V. Boral,Vihaan Boral
251742,G. Chatterjee,Gajodara Chatterjee
251743,A. Ginti,Adit Ginti
251744,A. Grewal,Abhaya Grewal
251745,C. Palan,Chapal Palan
251746,R. Jayaraman,Randhir Jayaraman
251747,A. Khurana,Anuvinda Khurana
251748,D. Bajwa,Dinkerrai Bajwa
251752,L. Chevalier,Lucas Chevalier
251754,S. Kersten,Sam Kersten
251756,R. Nteka,Randy Nteka
251760,M. Rodin,Matej Rodin
251761,A. Mallamo,Alessandro Mallamo
251762,S. Elia,Salvatore Elia
251764,D. Michalski,Damian Michalski
251769,G. Calò,Giacomo Calò
251770,A. Cîmpanu,George Alexandru Cîmpanu
251773,L. Romero,Luis Enrique Romero Durán
251777,I. Pop,Ionuţ Alin Pop
251781,R. Opruț,Raul Marian Opruț
251790,H. Rafia,Hamza Rafia
251800,U. Akyol,Ufuk Akyol
251804,S. Dest,Sergiño Gianni Dest
251805,J. Timber,Jurriën David Norman Timber
251806,Q. Timber,Quinten Ryan Crispito Timber
251809,S. Botman,Sven Adriaan Botman
251810,B. Brobbey,Brian Ebenezer Adjei Brobbey
251812,B. Kemper,Boy Kemper
251818,L. Requena,Leandro Daniel Requena
251819,J. Neufville,Joshua Tyler Neufville
251823,T. Tattermusch,Ted-Jonathan Tattermusch
251828,E. Melkersen,Elias Hoff Melkersen
251829,R. Hendriks,Ramon Hendriks
251830,D. Hall,Denzel Hall
251831,D. García,Diego Gonzalo García Cardozo
251834,J. Tolkin,John Michael Tolkin
251841,J. Zapata,Juan Manuel Zapata Zumaque
251842,M. Ștefănescu,Marius Ștefănescu
251845,A. Francis,Abu Francis
251847,Paulinho,Paulo Victor da Silva
251848,R. Moldoveanu,Robert Marian Moldoveanu
251851,B. Fink,Bradley Thomas Fink
251852,K. Adeyemi,Karim-David Adeyemi
251854,Pedri,Pedro González López
251855,W. Taïbi,Waniss Taïbi
251857,K. Frisorger,Kevin Frisorger
251870,J. Cabal,Juan David Cabal Murillo
251873,Y. Demir,Yusuf Demir
251878,F. Borța,Florin Gheorghe Borţa
251880,Ș. Baiaram,Ștefan Baiaram
251884,B. Fiabema,Bryan Benjamin Solhaug Fiabema
251891,Lucas Soares,Lucas Soares de Almeida
251892,Beto,Norberto Bercique Gomes Betuncal
251894,Show,Manuel Luís da Silva Cafumana
251895,S. Adewoye,Shawn Adewoye
251905,M. Woledzi,Maxwell Woledzi
251906,S. Al Abbas,Saleh Yahya Asker Al Abbas
251908,O. Villadsen,Oliver Marc Rose-Villadsen
251910,R. Matthys,Romain Matthys
251911,M. Nzita,Mardochée Nzita Theto
251915,A. Lô,Aboubacar Moustapha Lô
251920,A. Meroni,Andrea Meroni
251922,Soberón,Mario Soberón Gutiérrez
251924,N. Zohoré,Guede Nathan Zohoré
251926,R. Ndiaye,Rassoul Ndiaye
251927,G. Favale,Giulio Favale
251942,Costinha,João Pedro Loureiro da Costa
251951,M. Cicconi,Manuel Cicconi
251953,L. Pandolfi,Luca Pandolfi
251954,C. Summerville,Crysencio Jilbert Sylverio Summerville
251961,R. Philippe,Rayan Philippe
251974,H. Mbock,Hianga'a Mananga Mbock
251977,V. Postolachi,Virgiliu Postolachi
251979,L. Marchi,Leonardo Marchi Rivero
251981,M. Huard,Matthieu Emmanuel Wilfrid Huard
251988,A. Colpani,Andrea Colpani
251992,I. Cissé,Ibrahima Cissé
251994,Tiago Esgaio,Tiago Alexandre de Sousa Esgaio
251995,João Gonçalves,João Pedro Oliveira Gonçalves
252000,D. Bradarić,Domagoj Bradarić
252001,J. Panzo,Jonathan William Panzo
252011,D. Meddah,Daylam Meddah
252014,H. Bockhorn,Herbert Bockhorn
252016,D. Waidner,Dennis Waidner
252017,F. Daniliuc,Flavius David Daniliuc
252018,K. Piątkowski,Kamil Dawid Piątkowski
252021,T. Dallinga,Thijs Dallinga
252025,K. Koindredi,Koba Leïn Koindredi
252027,A. Vranckx,Aster Jan Vranckx
252029,J. Roth,Justin Roth
252030,B. Fazliji,Betim Fazliji
252031,F. Heister,Florian Heister
252033,Tomás Esteves,Tomás do Lago Pontes Esteves
252036,N. Colombo,Nazareno Fernández Colombo
252037,Fábio Silva,Fábio Daniel Soares Silva
252038,Romário Baró,Romário Manuel Silva Baró
252042,João Pedro,João Pedro Junqueira de Jesus
252044,L. Picco,Leonel Marcelo Picco
252059,S. Abdul Samed,Salis Abdul Samed
252060,T. Pobega,Tommaso Pobega
252064,L. Krejčí,Ladislav Krejčí
252066,F. Azaz,Finn Isaac Azaz
252067,G. Harmon,George Harmon
252073,F. Bilbija,Filip Bilbija
252074,A. Rogel,Agustín Maximiliano Rogel Paita
252078,S. Loric,Samuel Loric
252079,Manu Fuster,Manuel Fuster Lázaro
252082,C. Brym,Charles-Andreas Brym
252083,Douglas Aurélio,Douglas Aurélio
252084,Marcos André,Marcos André de Sousa Mendonça
252088,Saúl Crespo,Saúl Crespo Prieto
252095,Riccieli,Riccieli Eduardo da Silva Júnior
252096,N. Hernández,Nelson Antonio Hernández Bellorín
252099,P. Gál-Andrezly,Peter Gál-Andrezly
252108,A. Ait El Hadj,Anouar Ait El Hadj
252123,A. Araque,Alejandro José Araque Peña
252125,J. Consbruch,Jomaine Ellay Consbruch
252134,L. Clarkson,Leighton Owen Clarkson
252137,M. Essimi,Marco Rachid Essimi Ateba
252139,Filipe Soares,Filipe Miguel Barros Soares
252143,Daniel Bragança,Daniel Santos Bragança
252144,Eduardo Quaresma,Eduardo Filipe Quaresma Vieira Coimbra Simões
252145,Nuno Mendes,Nuno Alexandre Tavares Mendes
252146,Franquesa,Enric Franquesa Dolz
252148,T. Chukwuani,Tochi Phil Chukwuani
252149,R. Nizet,Rob Nizet
252154,M. Carnesecchi,Marco Carnesecchi
252162,A. Ueda,Ayase Ueda
252164,J. Ramírez,Jesús Andrés Ramírez Díaz
252168,M. Brizuela,Miguel Marcelo Brizuela
252169,T. Lutonda,Thierry Lutonda
252175,A. Maíz,Aldo Agustín Maíz Gill
252179,J. Markovič,Jakub Markovič
252181,Huang Jiahui,Huang Jiahui
252183,H. Vandermersch,Hugo Vandermersch
252185,C. Sene,Cheikh Cory Sène
252192,A. Lagos,Álvaro Agustín Lagos
252193,R. Ruiz Rodríguez,Ramiro Ruiz Rodríguez
252205,T. Rambaud,Thibault Rambaud
252208,R. Yılmaz,Rıdvan Yılmaz
252209,M. Rosołek,Maciej Rosołek
252223,A. Paluszek,Aleksander Paluszek
252225,K. Kubica,Krzysztof Kubica
252231,L. Mätzler,Leo Mätzler
252238,A. Velasco,Alan Agustín Velasco
252239,L. González,Lucas Nahuel González Martínez
252240,A. Soñora,Alan Soñora
252246,N. Gahlot,Narender Gahlot
252251,T. Oluwa,Thomas Oluwa
252252,P. Koller,Paul-Friedrich Koller
252254,L. Lukačević,Leonardo Lukačević
252259,E. Millot,Enzo Camille Alain Millot
252263,N. Kölle,Niklas Kölle
252268,R. Roosken,Ruben Roosken
252277,Park Dae Won,Dae-won Park
252278,Kim Ju Kong,Ju-gong Kim
252280,A. Nilsson,Eric Alexander Stefan Nilsson
252281,F. Bekleviç,Furkan Bekleviç
252284,Simão Bertelli,Simão Verza Bertelli
252290,S. Esposito,Salvatore Esposito
252293,I. Jakobs,Ismail Joshua Jakobs
252302,Y. Larouci,Yasser Larouci
252305,C. Evans,Cameron James Evans
252308,A. Al Musrati,Almoatasembellah Ali Mohamed Al Musrati
252313,M. Marin,Marius Mihai Marin
252315,A. Candela,Antonio Candela
252316,H. Ekdal,Hjalmar Ekdal
252317,D. Nemeth,David Nemeth
252320,Park Kyu Hyun,Kyu-hyun Park
252324,Riquelme,Rodrigo Riquelme Reche
252327,Manu Sánchez,Manuel Sánchez de la Peña
252330,R. Burrell,Rumarn Kameron-Scott Burrell
252339,Tiago Djaló,Tiago Emanuel Embaló Djaló
252349,Won Ki Jong,Ki-jong Won
252371,J. Bellingham,Jude Victor William Bellingham
252376,J. Knight,Jason Paul Knight
252379,J. Burroughs,Jack Stephen Burroughs
252382,J. Bosch,Jesse Bosch
252383,R. Zerrouki,Ramiz Larbi Zerrouki
252385,J. Sweeney,Jayden Deslandes Sweeney
252386,Kevin Carlos,Kevin Carlos Omoruyi Benjamin
252410,F. Maistro,Fabio Maistro
252416,D. Louicius,Louicius Don Deedson
252432,Maeng Seong Ung,Seong-ung Maeng
252434,M. Mawa,Moses Dramwi Mawa
252435,J. Austerfield,Joshua James Austerfield
252440,N. Zortea,Nadir Zortea
252442,E. Delprato,Enrico Delprato
252448,J. Leweling,Jamie Leweling
252456,C. Klaus,Carl Klaus
252459,A. Ratajczyk,Adam Ratajczyk
252466,D. Bouah,Devid Eugene Bouah
252468,A. Touré,Al Hassan Touré
252470,Matchoi Djaló,Matchoi Bobó Djaló
252476,J. Okedina,Jubril Adesope Okedina
252477,J. Oluwayemi,Joshua Oluwayemi
252483,A. Doughty,Alfie Henry Doughty
252484,R. Deaconu,Ronaldo Octavian Andrei Deaconu
252485,S. Obeng,Samuel Obeng Gyabaa
252487,V. Olatunji,Victor Oluyemi Olatunji
252488,K. Sardella,Killian Sardella
252489,M. Kana,Marco Kana
252494,F. Szymczak,Filip Szymczak
252495,J. Kamiński,Jakub Kamiński
252505,J. Grobelny,Jędrzej Grobelny
252506,K. Smoliński,Kapcer Smoliński
252508,K. Kozłowski,Kacper Szymon Kozłowski
252509,M. Wędrychowski,Marcel Wędrychowski
252512,A. Rouault,Anthony Rouault
252516,Chen Pu,Chen Pu
252517,Chen Yuhao,Chen Yuhao
252526,D. Males,Darian Maleš
252527,M. Burch,Marco Burch
252534,M. Rodríguez Vejar,Maximiliano Alexander Rodríguez Vejar
252541,J. Chotard,Joris Chotard
252544,L. Mercan,Münir Levent Mercan
252547,R. Adebisi,Rio Adesola Frederick Adebisi
252549,J. Bird,Jay Gregory Maison Bird
252551,S. Marković,Svetozar Marković
252552,K. Tzolakis,Konstantinos Tzolakis
252555,M. Sorinola,Matthew Alexander Sorinola
252567,S. Alexandropoulos,Sotirios Polykarpos Alexandropoulos
252571,L. Smith,Lewis Smith
252572,Ç. Kurukalıp,Çağtay Kurukalıp
252573,A. Terzić,Aleksa Terzić
252574,D. Živulić,Diego Živulić
252577,João Ferreira,João Diogo Fonseca Ferreira
252580,P. Mukairu,Paul Omo Mukairu
252587,R. Darcy,Ronan Thomas Darcy
252590,Fer Niño,Fernando Niño Rodríguez
252596,A. Senior,Adam Nicholas Senior
252598,Sergio Lozano,Sergio Lozano Lluch
252599,S. Sanna,Sam Sanna
252643,Park Min Seo,Min-seo Park
252644,Oh Hoo Sung,Hu-seong Oh
252658,Baek Jong Beom,Jong-beom Baek
252662,Kim Jeong hoon,Jeong-hoon Kim
252675,J. Dawa,Joyskim Aurélien Dawa Tchakonte
252690,Choi Jeong Hoon,Jeong-hoon Choi
252697,J. Kadiri,Jordan Attah Kadiri
252698,J. Courtney-Perkins,Jordan Alan Courtney-Perkins
252699,M. Freke,Macklin Lewis Freke
252700,K. Trewin,Kai Clifton Trewin
252706,E. López,Elías Sebastián López
252710,R. Tachie,Richmond Tachie
252711,A. Abdi,Ali Abdi
252737,P. Rödin,Pontus Rödin
252746,C. Cauz,Cristian Căuz
252753,A. Kızıldağ,Arda Kızıldağ
252754,J. Honohan,Joshua Honohan
252758,D. Devoy,Dawson Devoy
252770,J. Ferenczi,János Ferenczi
252773,J. Griffiths,Joshua James Griffiths
252783,K. Bąkowski,Krzysztof Bąkowski
252789,R. Neshcheret,Ruslan Neshcheret
252793,T. Harwood-Bellis,Taylor Jay Harwood-Bellis
252794,Adrián Bernabé,Adrián Bernabé García
252796,M. Whittaker,Morgan Reece Whittaker
252799,T. Çetin,Tarık Çetin
252802,W. Singo,Wilfried Stephane Singo
252807,S. Dikmen,Soner Dikmen
252810,Lim Dug Keun,Deok-geun Lim
252835,G. Horton,Grant Dean Horton
252837,Nico Melamed,Nicolás Melamed Ribaudo
252844,I. Bakare,Ibrahim Bakare
252846,E. Yardımcı,Erencan Yardımcı
252858,E. Tagseth,Edvard Sandvik Tagseth
252859,L. Flach,Leon Maximilian Flach
252861,S. Russo,Stefano Russo
252864,Bermejo,Sergio Bermejo Lillo
252865,Iker Losada,Iker Losada Aragunde
252866,Carreira,Sergio Carreira Vilariño
252873,A. Andrade,Andrés Alberto Andrade Cedeño
252878,R. Taylor,Richard Akinfolarin Taylor
252883,H. Kyprianou,Hector Matthew Kyprianou
252884,D. Jefferies,Dominic William Jefferies
252897,C. Ramsay,Calvin William Ramsay
252898,E. Ross,Ethan Ross
252902,M. Stöcker,Michel Julius Stöcker
252903,S. Appelkamp,Shinta Karl Appelkamp
252909,Antonio Sánchez,Antonio Sánchez Navarro
252911,T. Schreiber,Tim Stanislaw Schreiber
252913,Pau Resta,Pau Resta Tell
252917,Y. Kayan,Yalçın Kayan
252927,M. Bertagnoli,Massimo Bertagnoli
252929,Borja Sainz,Borja Sainz Eguskiza
252931,L. Ivanušec,Luka Ivanušec
252935,L. Fernández,Leonardo Cecilio Fernández López
252936,A. Flips,Alexis Laurent Patrice Roger Flips
252937,Y. Gboho,Yann-Alexandre Gboho Gnantin
252942,G. Borrelli,Gennaro Borrelli
252943,Ramón Enríquez,Ramón Enríquez Rodríguez
252960,I. Jansson,Isak Jansson
252961,T. Nianzou,Tanguy-Austin Nianzou Kouassi
252962,M. Jacquet,Miguel Isaías Jacquet Duarte
252964,G. Zappa,Gabriele Zappa
252967,N. Beloko,Nicky Stéphane Medja Beloko
252970,Armando Quitirna,Armando Junior Quitirna
252974,R. Piscopo,Reno Mauro Piscopo
252975,B. Traoré,Boubacar Traoré
252999,V. Zagaritis,Vasilios Zagaritis
253001,A. Al Salem,Ali Ayesh Hassan Al Ali Al Salem
253002,G. Raspadori,Giacomo Raspadori
253004,Ansu Fati,Anssumane Fati Vieira
253010,A. Sher,Aimar Hazar Sher
253012,L. Morales,Lautaro Alberto Morales
253013,J. Bergström,Jacob Bergström
253015,M. Al Shanqeeti,Mohammed Ali Al Shanqiti
253019,M. Brunori,Matteo Luigi Brunori
253024,G. Stanger,George William Stanger
253029,A. Patra,Aditya Patra
253034,D. Bernard,Di'Shon Joel Bernard
253035,A. Dohling,Aibanbha Kupar Dohling
253036,N. Mbuku,Nathanaël Mbuku
253039,M. Konaté,Mory Konaté
253041,J. Evan's,Jean Lambert Evan's Allan
253052,I. Kaboré,Issa Kaboré
253054,H. Hackney,Hayden Rhys Hackney
253055,I. Jones,Isaiah Benjamin Montell Jones
253057,Z. Swanson,Zachary Swanson
253064,S. Singh Wangjam,Suresh Singh Wangjam
253065,P. Singh Gill,Prabhsukhan Singh Gill
253071,F. Tsadjout,Frank Cédric Tsadjout
253072,D. Núñez,Darwin Gabriel Núñez Ribeiro
253073,J. Okumu,Joseph Stanley Okumu
253074,G. Kyeremeh,Godson Kyeremeh
253076,R. Onea,Răzvan Philippe Onea
253079,M. Sibyani,Meshal Sibyani Ali Khairallah
253102,A. Aouchiche,Adil Aouchiche
253106,T. Rushesha,Tivonge Sacha Rushesha
253108,M. Cham,Muhammed-Cham Saračević
253109,J. Veerman,Joey Veerman
253110,J. de Boer,Jan Pieter Lambertus Martinus de Boer
253111,O. McEntee,Oisin Michael McEntee
253112,F. Stuparević,Filip Stuparevic
253114,K. Sibo,Kwasi Sibo
253120,B. Kone,Benjamin Lhassine Kone
253121,I. Soumaré,Issa Soumaré
253122,A. Dante,Amadou Dante
253124,Matheus Nunes,Matheus Luiz Nunes
253130,Robert Navarro,Robert Navarro Muñoz
253133,A. Beck,Adrian Beck
253135,G. Florentín,César Gabriel Florentín
253136,G. Michailidis,Giannis Michailidis
253139,S. Pierotti,Santiago Daniel Pierotti
253146,Kaique Rocha,Kaique Rocha Lima
253149,J. Frimpong,Jeremie Agyekum Frimpong
253150,M. Trésor,Mike Trésor Ndayishimiye
253152,V. Erlien,Vegard Østraat Erlien
253153,S. Sutton,Sam Harry Sutton
253157,H. Boudaoui,Hicham Boudaoui
253162,H. Nicolussi Caviglia,Hans Nicolussi Caviglia
253163,R. Araujo,Ronald Federico Araújo da Silva
253167,Félix Correia,Félix Alexandre Andrade Sanches Correia
253170,A. Szalai,Attila Árpád Szalai
253171,L. Oppermann,Leo Friedrich Oppermann
253173,J. Perea,Juan José Perea Mendoza
253177,Y. Musah,Yunus Dimoara Musah
253181,A. Tosin,Oluwatosin Aiyegun
253193,Jefferson Encada,Jefferson Anilson Silva Encada
253198,Park Ho Young,Ho-yeong Park
253202,Kwon Hyeok Kyu,Hyeok-kyu Kwon
253207,A. Al Qahtani,Abdullah Ibrahem Saad Al Mahdi Al Qahtani
253211,G. Crettaz,Gonzalo Alejandro Crettaz Ortega
253213,G. Kyriakopoulos,Giorgos Kyriakopoulos
253216,Adrián,Adrián Rodríguez Giménez
253219,Zheng Tuluo,Zheng TuluoArturo Daniel Cheng González
253223,J. Quiñónez,Jhonny Raúl Quiñónez Ruiz
253225,A. Tapsoba,Abdoul Fessal Tapsoba
253238,J. Canale,José María Canale Domínguez
253239,M. Espinoza,Matías David Espinoza Acosta
253240,I. Franco,Iván René Franco Díaz
253242,A. Martínez,Adrián Emmanuel Martínez
253246,R. Fernández,Rodrigo Fernández Cedrés
253249,J. Florentín,José Ignacio Florentín Bobadilla
253250,R. Redes,Rodney Iván Redes Cáceres
253251,J. Morel,Jorge Emanuel Morel Barrios
253270,G. Viera,Gustavo Daniel Viera Moreira
253271,T. Cardozo,Thiago Gastón Cardozo Brugman
253275,J. Trindade,Jesús Emiliano Trindade Flores
253276,R. Abascal,Rodrigo Abascal Barros
253278,E. Martínez,Enzo Gabriel Martínez Suárez
253283,F. Pellistri,Facundo Pellistri Rebollo
253287,G. Neves,Gabriel Neves Perdomo
253293,B. Ocampo,Brian Alexis Ocampo Ferreira
253294,A. Méndez,Armando Jesús Méndez Alcorta
253296,M. Laborda,Mathías Nicolás Laborda Malseñido
253304,N. Fernández,Roberto Nicolás Fernández Fagúndez
253306,M. Ugarte,Manuel Ugarte Ribeiro
253322,L. Quiñonez,Leonel Enrique Quiñónez Padilla
253327,J. Corozo,Janner Hitcler Corozo Alman
253332,F. Mina,Freddy Darío Mina Quiñónez
253338,A. Pabón,Wilman Adonnis Pabón Carcelén
253341,R. Schunke,Richard Hernán Schunke
253349,A. Cabeza,Alejandro Jair Cabeza Jiménez
253350,L. Realpe,Leonardo Javier Realpe Montaño
253354,H. Galíndez,Hernán Ismael Galíndez
253366,G. Cortéz,Gustavo Orlando Cortez Quiñónez
253369,J. Voelkerling Persson,Jakob Axel Krister Voelkerling Persson
253374,E. Bonds,Elliot Michael Bonds
253376,T. St. Jago,Tommy Luciano St. Jago
253378,Tomás Ribeiro,Tomás Aresta Branco Machado Ribeiro
253383,K. Yengi,Kusini Boja Yengi
253384,C. Ibañez,César Fernando Ibáñez
253385,F. Viñas,Federico Sebastián Viñas Barboza
253386,J. Flint,Joshua Hughson Flint
253396,G. Simeone,Giuliano Simeone Baldini
253399,O. Edvardsen,Oliver Valaker Edvardsen
253403,Raphael,Raphael Borges Rodrigues
253407,S. Greenwood,Sam Greenwood
253409,G. Links,Gift Links
253416,Raúl García,Raúl García de Haro
253418,L. Schleimer,Lukas Schleimer
253421,K. Ledwidge,Kameron Malcolm Ledwidge
253428,V. Jaroš,Vítězslav Jaroš
253433,F. Azeez,Oluwafemi Javier Azeez
253440,A. Yahya,Ayman Yahya Salem
253441,A. Heggebø,Aune Selland Heggebø
253442,F. de Keijzer,Fabian de Keijzer
253444,A. Kalimuendo,Arnaud Kalimuendo Muinga
253445,M. Ifill,Marcus Lemar Ifill
253447,L. Duzel,Luke Đuzel
253461,L. Cundle,Luke James Cundle
253463,B. Balcı,Bünyamin Balcı
253464,M. Højholt,Malthe Højholt
253465,T. Mengi,Teden Mambuene Mengi
253472,E. Kahl,Eric Andre Kahl
253473,S. Ricci,Samuele Ricci
253474,N. Tauer,Niklas Tauer
253475,M. Papela,Matondo-Merveille Papela
253476,D. Tangri,Deepak Tangri
253478,R. Ali,Rahim Ali
253479,L. Colaço,Liston Colaço
253490,D. Yongwa,Darlin Zidane Yongwa Ngameni
253491,M. Ibrahimoglu,Melih İbrahimoğlu
253499,A. Jadhav,Aniket Anil Jadhav
253502,J. Singh,Jitendra Singh
253505,R. Praveen,Rahul Kannoly Praveen
253508,Jeakson,Jeakson Singh Thounaojam
253509,S. Das,Sourav Das
253510,J. O'Brien,Jake O'Brien
253516,Zhang Jianzhi,Zhang Jianzhi
253518,Li Yang,Li Yang
253522,L. Pavia,Luis Fernando Pavia Mamani
253537,B. Castillo,Byron David Castillo Segura
253538,L. Demiquel,Luis Eduardo Demiquel Banegas
253549,K. Quevedo,Kevin Martín Quevedo Mathey
253551,F. Pacheco,Fernando José Pacheco Rivas
253556,E. López,Erik Nicolás López Samaniego
253558,C. Olivares,Christopher Robin Olivares Burga
253568,L. Campana,Leonardo Campana Romero
253570,M. Calero,Daniel Moisés Calero Salazar
253574,C. Melgar,Carlos Antonio Melgar Vargas
253579,E. Tortolero,Edson Alejandro Tortolero Toro
253586,G. Chávez,Gianfranco Chávez Massoni
253607,C. Ramos,Carlos Ignacio Ramos Rodríguez
253619,M. Távara,Gerald Martín Távara Mogollón
253629,R. Solís,Renato Alfredo Solís Salinas
253636,P. Galindo,Pedro Domingo Galindo Suheiro
253651,D. Mancilla,Daniel Mancilla Durán
253669,A. Ali,Anwar Ali
253672,A. Singh,Arshdeep Singh
253688,M. Popa,Mihai Maximilian Popa
253693,C. Noß,Conor Noß
253694,C. Makridis,Charalambos Makridis
253697,S. Tavora,Dom Sahil Krishe De Noronha E Tavora
253701,A. Kumar,Anuj Kumar
253704,A. Rai,Asish Rai
253708,N. Meetei,Khumanthem Ninthoinganba Meetei
253712,L. Ralte,Lalengmawia Ralte
253713,L. Rivas,Leonardo Daniel Rivas Conge
253714,S. Ballet,Samuel Leo Beat Ballet
253715,D. Sarmiento,Darío Ariel Sarmiento
253726,A. Ranawade,Amey Ganesh Ranawade
253727,L. Provod,Lukáš Provod
253735,Antoñín,Antonio Cortés Heredia
253752,K. Popović,Kristian Popovic
253753,G. Popovic,Gabriel Popovic
253758,M. Lixandru,Mihai Daniel Lixandru
253760,D. Power,Darragh Power
253771,P. Lavandeira,Pablo Damián Lavandeira Hernández
253809,E. Gularte,Emanuel Gularte Méndez
253810,R. Guarderas,Rafael Nicanor Guarderas Saravia
253822,S. Assís,Alberto Sebastián Assís Silva
253833,A. González,Agustín González Pereira
253837,J. Calderón,Aamet José Guillermo Calderón Tello
253861,M. Ferreira,Robinson Martín Ferreira García
253867,L. Flores,Leonardo José Flores Soto
253886,J. Acosta,Juan Manuel Acosta Díaz
253895,R. Hernández,Robert Enrique Hernández Aguado
253901,P. de la Cruz,Paulo César de la Cruz Telles
253902,N. Cabanillas,Nelson Jhonny Luis Cabanillas Jesús
253907,T. Fernández,Tomás Fernández
253908,M. Luna Diale,Mauro Luna Diale
253910,R. Burbano,Robert Javier Burbano Cobeña
253911,D. Saggiomo,Daniel Alessandro Saggiomo Mosquera
253919,J. De Santis,Jeriel Nicolás de Santis Córdova
253932,J. Dos Santos,Jonathan David Dos Santos Duré
253943,R. Boyce,Ronan Boyce
253951,F. Calderón,Franco Ezequiel Calderón
253952,J. Nardoni,Juan Ignacio Martín Nardoni
253953,G. González,Gastón Nicolás González
253955,Han Jiaqi,Han Jiaqi
253966,Huang Ruifeng,Huang Ruifeng
253967,Sun Xuelong,Sun Xuelong
253969,L. Hjelde,Leo Fuhr Hjelde
253970,C. Barron,Connor Barron
253974,S. Robertson,Scott Alexander Cameron Robertson
253980,J. Persson,Joakim Persson
254003,Arambarri,Aritz Arambarri Murua
254005,Íñigo Sainz-Maza,Íñigo Sainz-Maza Serna
254021,V. Rabouille,Valentin Rabouille
254022,N. Woltemade,Nick Woltemade
254028,F. Guerra,Franklin Joshua Guerra Cedeño
254039,J. Alcívar,Jordy José Alcívar Macías
254048,F. Waller,Facundo Federico Waller Martiarena
254062,K. Minda,Kevin Andrés Minda Ruales
254064,J. Herrera,Julio Héctor Herrera Farel
254067,A. Julio,Anderson Andrés Julio Santos
254075,L. Suhr,Leandro Suhr Avondet
254084,E. Kornvig,Emil Nestved Kornvig
254088,Amad,Amad Diallo Traoré
254092,H. Ralte,Hmingthanmawia Ralte
254094,F. Bonini,Federico Bonini
254099,Carlos Marín,Carlos Marín Tomás
254113,C. Campbell,Chem Campbell
254117,M. Beier,Maximilian Beier
254120,T. Doyle,Thomas Glyn Doyle
254121,C. Cresswell,Charlie Richard Cresswell
254125,J. Miritello,Juan Bautista Miritello
254131,M. Miranda,Matías Nicolás Miranda
254135,J. White,Joe Peter White
254136,E. Just,Elijah Henry Just
254142,J. Bell,Joe Zen Robert Bell
254143,N. Pijnaker,Nando Zen Pijnaker
254148,P. Wålemark,Jens Patrik Wålemark
254158,K. McInroy,Kerr McInroy
254159,Z. Nagy,Zsolt Nagy
254172,G. Vallecilla,Exon Gustavo Vallecilla Godoy
254173,R. Mina,Richard Alexander Mina Caicedo
254176,A. Deneumostier,Alec Hugo Deneumostier Ortmann
254188,W. Tandazo,Walter Angello Tandazo Silva
254191,R. Rivas,Roberto Carlos Rivas Rivera
254194,G. Salvatierra,Gustavo Salvatierra García
254198,Á. Campos,Ángelo Ademir Campos Turriate
254200,Á. Gracia,Ángel Fernando Gracia Toral
254204,P. Reyna,Paolo Alessandro Reyna Lea
254206,A. Alvarado,Alexander Antonio Alvarado Carriel
254210,G. Anangonó,Gregori Alexander Anangonó Minda
254211,J. Espinoza,Jhon Jairo Espinoza Izquierdo
254220,L. Iberico,Luis Enrique Iberico Robalino
254225,Anderson Oliveira,Anderson de Oliveira da Silva
254228,O. Salomón,Oscar Camilo Salomón
254230,S. Abdulai,Sabit Abdulai
254234,D. Arroyo,Dixon Jair Arroyo Espinoza
254237,C. Orejuela,Carlos Alfredo Orejuela Quiñonez
254238,B. Carabalí,Bryan Ignacio Carabalí Cañola
254243,E. Anderson,Elliot Junior Anderson
254244,Nabil Touaizi,Nabil Zoubdi Touaizi
254245,T. Becker,Timo Becker
254247,M. Mohamed,Mostafa Mohamed Ahmed Abdalla
254258,Nilton Varela,Nilton Varela Lopes
254262,Z. Debast,Zeno Koen Debast
254265,F. Poulolo,Florent Gregoire Poulolo
254267,B. Białek,Bartosz Białek
254273,A. Beka Beka,Alexis Adelin Beka Beka
254275,T. Silverholt,Taylor Silverholt
254276,E. van der Gouw,Ennio van der Gouw
254282,T. Carlsson,Tobias Carlsson
254289,T. Căpușă,Tiberiu Ionuț Căpușă
254294,D. Zator,Dominick Lukasz Zator
254296,K. Yılmaz,Kartal Kayra Yılmaz
254297,Z. Görgen,Zafer Görgen
254307,O. Sivertsen,Oskar Siira Sivertsen
254310,Francés,Alejandro Francés Torrijo
254315,L. Shaw,Liam Darren Shaw
254317,C. Brennan,Ciaran Thomas Brennan
254327,N. Ogbeta,Nathanael Simeon Ogbeta
254328,L. Moulden,Louie Moulden
254333,A. Hasić,Ajdin Hasić
254347,A. Ramúa,Alfredo Sebastián Ramúa
254361,I. Villalba,Iván Emilio Villalba Chamorro
254368,L. Arce,Luis Arturo Arce Mina
254373,J. Archimbaud,Jean Pierre Archimbaud Arriarán
254401,R. Farro,Ricardo Daniel Farro Caballero
254422,K. Peralta,Kevin Marcelo Peralta Ayoví
254446,C. Souza,Cristian Souza España
254449,B. Palacios,Byron Efraín Palacios Vélez
254469,V. Gustafson,Viktor Gustafson
254470,L. Thomas,Luke Jonathan Thomas
254475,S. Rathi,Sumit Rathi
254480,L. Egloff,Lilian Niclas Egloff
254482,R. Jones,Ricky-Jade Jones
254492,T. Gray,Tayvon Howard Gray
254496,C. Grant,Conor Michael Grant
254501,P. Ba,Pape Meïssa Ba
254502,S. Turati,Stefano Turati
254503,A. Descotte,Anthony Kevin Descotte
254507,Manu Nieto,Manuel Nieto Sánchez
254513,C. Eriksson,Carljohan Daniel Viktor Eriksson
254514,K. Höög Jansson,Kevin Nils Lennart Höög Jansson
254518,A. Petersson,Adam Petersson
254522,W. Forrester,William Samuel Forrester
254525,P. Gueye,Pape Habib Guèye
254529,C. Drameh,Cody Callum Pierre Drameh
254537,D. Ólafsson,Davíð Kristján Ólafsson
254541,M. Juwara,Musa Juwara
254548,M. Bard,Melvin Michel Maxence Bard
254551,G. Mikautadze,Georges Mikautadze
254552,K. Harratt,Kian Shay Harratt
254556,K. Nsona,Kélian Nsona Wa Saka
254566,P. Wimmer,Patrick Wimmer
254578,D. Ayala,Maximiliano David Ayala
254579,L. Da Cunha,Lucas Da Cunha
254585,J. Palacios,Julián Eduardo Palacios
254588,B. Koumetio,Billy Dawson Koumetio
254601,G. Olveira,Gastón Hernán Olveira Echeverría
254628,N. Rodríguez,Nicolás Alejandro Rodríguez Charquero
254637,N. Netabay,Nahom Girmai Netabay
254638,S. Sebulonsen,Sebastian Søraas Sebulonsen
254653,M. Arezo,Douglas Matías Arezo Martínez
254660,J. Thielmann,Jan Uwe Thielmann
254662,E. Hatfout,Ewan Hatfout
254672,M. Guaramato,Marcel Daniel Guaramato García
254680,Y. Oukili,Yassin Oukili
254683,Edmilson Correia,Edmilson Indjai Correia
254685,N. Boushal,Nawaf Al Boushal
254692,E. Colley,Ebrima Colley
254695,F. Ibarra,Franco Gabriel Ibarra
254703,N. Giménez,Néstor Rafael Giménez Florentín
254714,J. Espínola,Juan Ángel Espínola González
254725,F. Romero,Fernando Raúl Romero González
254739,B. Ayala,Wilson Brahian Gustavo Ayala Vera
254750,B. Skaret,Brage Skaret
254752,S. Hansen,Misjonne Juniffer Naigelino Hansen
254754,F. Benítez,Fernando Benitez Aguirre
254756,B. Armoa,Blas Esteban Armoa Núñez
254774,J. Domínguez,Javier Domínguez
254786,Atienza,Miguel Ángel Atienza Villa
254787,Pepe Sánchez,José Sánchez Martínez
254789,S. Mijnans,Sven Mijnans
254792,M. Al Mahasna,Mohammed Jasim Habib Al Mahasneh
254796,N. Madueke,Chukwunonso Tristan Madueke
254800,N. Al Rashidi,Noor Obaid Suroor Al Arari Al Rashidi
254803,S. Lammens,Senne Lammens
254804,T. Reinhart,Tobías Elián Reinhart
254807,K. Baah,Kwadwo Kyeremeh Baah
254810,R. MacIver,Ross MacIver
254817,M. Araújo,Maximiliano Javier Araújo Vilches
254819,K. Urbański,Kacper Urbański
254820,D. Kocyła,Dawid Kocyła
254822,F. Tudor,Fran Tudor
254824,Pedro Mendes,Pedro Manuel Lobo Peixoto Mineiro Mendes
254826,L. Aponte,Leonardo Jesús Aponte Matute
254831,B. Limbombe,Bryan Michael Limbombe Ekango
254833,S. Kimura,Seiji Kimura
254838,J. Davison,Joshua Michael Blainey Davison
254840,S. Pavlović,Strahinja Pavlović
254849,Y. Badji,Youssouph Mamadou Badji
254858,C. Saydee,Christian Saydee
254859,A. Mighten,Alexander Cole Mighten
254860,Valera,Germán Valera Karabinaite
254871,Lee Kang Hee,Kang-hee Lee
254887,J. Ortiz,Julio Joao Ortiz Landázuri
254890,H. Rojas,Jorge Hugo Rojas Justiniano
254894,Leonardo,Leonardo Nascimento Lopes de Souza
254899,E. Otieno,Erick Ouma Otieno
254905,I. Vassilev,Indiana Denchev Vassilev
254909,O. Dorley,Murphy Oscar Dorley
254910,T. Sakamoto,Tatsuhiro Sakamoto
254913,Cubero,Sergio Cubero Ezcurra
254914,Goo Bon Cheol,Bon-cheul Goo
254921,Choi Won Chang,Won-chang Choi
254925,J. March,Joshua Thomas March
254928,B. Franjić,Bartol Franjić
254941,L. Casiani,Luis Fernando Casiani Zúñiga
254943,J. Montenegro,Juan Carlos Montenegro Sedamano
254945,N. Dávila,Esteban Nicolás Davila Alarcón
254951,L. Ríos,Lautaro Nicolás Ríos
254961,W. Saucedo,Widen Saucedo Candia
254962,D. Callender,Drake Steven Callender
254982,M. Adopo,Michel Ndary Adopo
254994,M. Tenho,Miro Tenho
254996,T. Vargas,Thibaut Vargas
254998,N. Emeran,Noam Fritz Emeran
255000,T. Moffi,Terem Igobor Moffi
255001,N. Rovella,Nicolò Rovella
255002,P. Sejdiu,Patriot Sejdiu
255008,V. Popov,Viktor Popov
255009,K. Taylor,Kenneth Ina Dorothea Taylor
255010,N. Ünüvar,Naci Ünüvar
255014,T. Bartouche-Selbonne,Teddy Bartouche-Selbonne
255015,M. Rivera,Maxence Rivera
255033,D. Nealis,Dylan Nealis
255035,Cho Hyun Taek,Hyun-taek Cho
255036,R. Königsdörffer,Ransford Yeboah Königsdörffer
255039,T. Nozawa,Taishi Brandon Nozawa
255043,D. Dike,Daryl Dike
255049,A. Odoh,Abraham Ifoghale Odoh
255069,Nico González,Nicolás González Iglesias
255072,S. Müller,Sebastian Müller
255074,A. Bondarenko,Artem Bondarenko
255094,W. Álvarez,William Gustavo Álvarez Vargas
255098,J. Carabalí,José Joel Carabalí Prado
255105,I. Shkurin,Ilya Shkurin
255106,L. Badé,Loïc Badé
255109,D. Tijanić,David Tijanič
255110,H. Kessler,Frederick Henry Kessler
255120,N. Kenneh,Nohan Kenneh
255125,A. Ounahi,Azzedine Ounahi
255135,R. Rojas,Rubén Emir Rojas Ordosgoitti
255136,T. Beason,James Tanner Beason
255137,J. Cifuentes,José Adoni Cifuentes Charcopa
255140,Pablo Gozálbez,Pablo Gozálbez Gilabert
255144,R. Orihuela,Renzo Miguel Orihuela Barcos
255145,A. Morris,Aidan Zen Patrick Morris
255150,N. Nkounkou,Niels Patrick Nkounkou
255151,S. Ngapandouetnbu,Simon Brady Ngapandouetnbu
255154,B. Milovanov,Bogdan Milovanov
255158,Juande Rivas,Juan de Dios Rivas Margalef
255160,Kim Min Jun,Min-jun Kim
255161,Kim Jae Sung,Jae-sung Kim
255169,J. Recalde,Jorge Eduardo Recalde Ramírez
255174,L. Tramoni,Lisandru Tramoni
255177,Tah Anunga,Brian Anunga Tah
255185,Y. Suzuki,Yuito Suzuki
255196,J. Jellis,Jamie Ryan Jellis
255197,N. Morgantini,Nicolás Jorge Morgantini
255205,S. Berhalter,Sebastian Berhalter
255206,J. Stansfield,Jay Stansfield
255208,D. Ochsenham,Dakota Ochsenham
255210,A. Slimane,Anis Ben Slimane
255211,S. Velkov,Stefan Ivov Velkov
255216,E. Maddy,Eros Horatio Emmanuel Maddy
255217,F. Monzón,Florián Gonzalo de Jesús Monzón
255222,D. Díaz,Diomar Ángel Díaz Calderón
255223,A. Adli,Amine Adli
255233,T. Suslov,Tomáš Suslov
255239,Lee Joo Hyun,Ju-hyeon Lee
255241,A. Colassin,Antoine Benjamin Colassin
255245,Choi Geon Ju,Geon-joo Choi
255253,Vitinha,Vítor Machado Ferreira
255256,F. Paredes,Franco Ezequiel Paredes
255257,Joelson Fernandes,Joelson Augusto Mendes Mango Fernandes
255258,Óscar Clemente,Óscar Clemente Mues
255266,O. Nkambadio,Obed Nkambadio
255268,Javi Martínez,Javier Martínez Calvo
255272,K. Paredes,Kevin Alexander Paredes
255273,M. Pineda,Mauricio Pineda
255275,M. Iloski,Milan Iloski
255293,U. Güneş,Umut Güneş
255297,Kim Kang San,Kang-san Kim
255303,E. Caprile,Elia Caprile
255307,B. Martínez,Braian Miguel Angel
255310,L. Owusu,Leonard Owusu
255312,S. Banks,Scott Brian Banks
255314,P. Kioso,Peter Kioso
255319,J. Candia,Jhonatan Marcelo Candia Hernández
255329,Kim In Kyun,In-gyun Kim
255333,M. Pérez,Matías Damián Pérez
255335,J. Marshall-Rutty,Jahkeele Stanford Jack Marshall-Rutty
255337,R. Johansson,Ryan Nils Johansson
255339,J. Nelson,Jayden Nelson
255341,P. García,Pablo Javier García Lafluf
255343,P. Hellebrand,Patrik Hellebrand
255347,P. Metcalfe,Patrick Metcalfe
255352,F. Lo Celso,Francesco Lo Celso
255360,M. Garbett,Matthew Jimmy David Garbett
255361,C. Mena,Camilo Andrés Mena Márquez
255368,N. Al Aqidi,Nawaf Dhahi Faisal Al Suwaiti Al Aqidi
255369,M. Marran,Mohammed Khalil Maran
255378,A. Balaruban,Ashvin Balaruban
255380,I. Soro,Ismaila Wafougossani Soro
255386,T. Escalante,Lautaro Tomás Escalante
255398,Lobete,Julen Lobete Cienfuegos
255400,A. Tanghe,Anton Willy Tanghe
255406,Javi Castro,Javier Castro Urdín
255409,R. Boženík,Róbert Boženík
255411,B. Duke,Bryce Duke
255415,J. León,Jason Matías León Alvear
255416,D. González,Daniel Enrique González Orellana
255417,Shen Zigui,William Rupert James Donkin
255420,E. Kara,Ercan Kara
255427,F. Roca,Ferddy Andrés Roca Vivancos
255434,J. Enciso,Julio César Enciso Espínola
255436,L. Sanabria,Lucas Daniel Sanabria Brítez
255446,É. Bocat,Eric-Junior Bocat
255449,I. Mesík,Ivan Mesík
255451,J. Franco,Juan José Franco Arrellaga
255454,C. Coşkun,Can Beklan Coskun
255457,M. Navarro,Miguel Ángel Navarro Zárate
255459,A. Bernhardsson,Alexander Olof Bernhardsson
255460,J. Ondrejka,Jacob Axel Per Ondrejka
255461,Barbero,Iván Martínez Gonzálvez
255464,S. Nordli,Simen Bolkan Nordli
255468,Iván Morante,Iván Morante Ruiz
255471,Vitor Carvalho,Vitor Carvalho Vieira
255472,Pedrinho,Pedro Victor Delmino da Silva
255474,M. Helm,Mark Helm
255475,Antony,Antony Matheus dos Santos
255483,A. Johansson,Eric Alexander Johansson
255487,S. Bendebka,Sofiane Bendebka
255500,Seo Min Woo,Min-woo Seo
255518,Kim Min Gyu,Min Gyu Kim
255519,Lee Geon Hee,Gun-hee Lee
255520,Jo Sung Wook,Sung-wook Jo
255523,Y. Maçon,Yvann Maçon
255525,J. Larsson,Julian Larsson
255529,E. Touré,El Bilal Touré
255533,Y. Ndayishimiye,Youssouf Ndayishimiye
255536,N. Geyrhofer,Niklas Geyrhofer
255540,J. Arweiler,Jonas Arweiler
255541,L. Rota,Lazaros Rota
255553,Kwon Seong Yoon,Sung-yun Kwon
255554,Jung Han Min,Han-min Jung
255557,K. Tobers,Kristers Tobers
255558,E. Bayram,Emin Bayram
255561,J. Doig,Josh Thomas Doig
255562,F. Stojilković,Filip Stojilković
255565,K. Mitoma,Kaoru Mitoma
255566,Samú Costa,Samuel de Almeida Costa
255572,Meléndez,Alejandro Meléndez Ruiz
255573,S. Welsh,Stephen Welsh
255579,Y. El Kachati,Youssef El Kachati
255580,G. Quagliata,Giacomo Quagliata
255590,T. Seko,Tatsuki Seko
255594,K. Saito,Koki Saito
255597,Chen Chunxin,Chen Chunxin
255605,H. Castillo,Harlen Alfred Castillo Moreno
255607,J. Mosquera,Jherson Steven Mosquera Castro
255611,D. Maldini,Daniel Maldini
255621,D. Rooney,Dayle Rooney
255628,S. Farrell,Shane Farrell
255632,Yang Yiming,Yang Yiming
255634,G. Vagiannidis,Georgios Vagiannidis
255637,A. Canales,Alfred Jeafran Canales Céspedes
255654,P. Kalulu,Pierre Kazeye Rommel Kalulu Kyatengwa
255684,Leonai,Leonai Souza de Almeida
255687,D. Zima,David Zima
255699,E. Jirka,Erik Jirka
255700,A. Timossi Andersson,Alex Emilio Timossi Andersson
255703,L. Le Roux,Luke Gareth Le Roux
255730,T. Galletto,Tiago Galletto López
255738,W. Younoussa,Wilitty Younoussa
255742,R. Hatate,Reo Hatate
255754,Warleson,Warleson Steillon Lisboa Oliveira
255760,B. Wdowik,Bartłomiej Wdowik
255767,M. Touré,Mohamed Touré
255768,B. Hardley,Björn Bryan Hardley
255772,R. Raposo,Ryan Raposo
255773,N. Sosa Sánchez,Nicolás Sosa Sánchez
255776,J. Kałuziński,Jakub Kałuziński
255779,K. Chodyna,Kacper Chodyna
255781,Ricard,Ricard Sánchez Sendra
255789,S. Stehle,Simon Fabio Stehle
255798,J. Sagredo,Jesús Manuel Sagredo Chávez
255812,J. Lara,Johan David Lara Medrano
255817,E. Mejía,Eddy Joel Mejía Montero
255824,G. Campbell,George Campbell
255827,R. Veselinović,Ranko Veselinović
255835,L. Larsen,Lars Olden Larsen
255836,M. Al Abdulmunem,Malek Saad Al Abdulmenem
255837,N. Al Sharari,Nader Abdullah Al Sharari
255838,M. Nawrocki,Maik Nawrocki
255839,J. Antiste,Janis Antiste
255850,T. Hata,Taiga Hata
255854,Pacheco,Jon Pacheco Dozagarat
255855,R. Morishita,Ryoya Morishita
255866,D. Fernández,Diego Agustín Fernández Servín
255868,Heo Yul,Yool Heo
255873,G. Pérez,Gonzalo Germán Pérez Corbalán
255876,A. Trezza,Alfonso Trezza Hernández
255878,G. Martirena,Gastón Nicolás Martirena Torres
255879,M. Fernández,Martín Alejandro Fernández Figueira
255881,Á. Vázquez,Álex Bacilio Vázquez Álvez
255886,F. Gerometta,Francisco Joel Gerometta
255891,B. Šutalo,Boško Šutalo
255894,J. Mosquera,Juan David Mosquera López
255896,L. Justiniano,Leonardo Justiniano Valverde
255900,N. Törnqvist,Noel Törnqvist
255912,M. Faal,Muhammadu Mustapha Faal
255913,G. Thomason,George Thomason
255917,Young Jun Goh,Young-jun Goh
255919,An Chan Gi,Chan-gi An
255925,S. Montiel,Santiago Gabriel Montiel
255928,M. Diomande,Mohamed Baba Diomandé
255930,B. Garrity,Benjamin Matthew Garrity
255934,J. Onana,Jean Emile Junior Onana Onana
255940,S. Mørk,Sander Risan Mørk
255949,Á. Benítez,Ángel María Benítez Argüello
255952,A. Pérez,Aldo Sebastián Pérez Ramos
255955,L. Abanda,Leroy Abanda Mfomo
255956,J. Waterman,Joel Robert Waterman
255963,Á. Cardozo Lucena,Ángel Rodrigo Cardozo Lucena
255969,A. Al Hamlawi,Assad Al Islam Al Hamlawi
255971,S. Hezze,Santiago Hezze
255976,O. Dovin,Oliver Lukas Dozae Nnonyelu Dovin
255980,J. Kabia,Jaze Kabia
255981,Z. Suzuki,Zion Suzuki
255989,J. Cabezudo,Jorge Denilson Cabezudo Ormeño
255993,D. Rodríguez,Diego Augusto Rodríguez Carreño
256008,Morato,Felipe Rodrigues da Silva
256018,M. Berry,Miguel Berry
256024,N. Tafari,Nkosi Tafari Burgess
256033,E. Topçu,Emirhan Topçu
256035,K. Sulemana,Kamaldeen Sulemana
256036,A. Baldursson,Andri Fannar Baldursson
256039,J. Pérez,Jonathan Alexánder Pérez Lara
256040,H. Haugen,Herman Johan Haugen
256044,Pedro Amador,Pedro Miguel Santos Amador
256047,C. Lungoyi,Christopher Lungoyi
256051,M. Núñez,Marcelino Ignacio Núñez Espinoza
256053,J. Pulskamp,John Gregory Pulskamp
256058,Pablo Pérez,Pablo Pérez Rico
256059,Alkain,Xeber Alkain Mitxelena
256065,M. Karamoko,Mamoudou Karamoko
256079,M. Caicedo,Moisés Isaac Caicedo Corozo
256080,Guille Rosas,Guillermo Rosas Alonso
256082,L. Lissens,Lucas Jozef Lissens
256083,A. Lalruotsang,Alfred Lalroutsang
256097,Javi López,Javier López Carballo
256100,Ricardo Matos,Ricardo Manuel Pinho Matos
256104,T. Tessmann,Francis Tanner James Tessmann
256107,A. Johnston,Alistair William Johnston
256110,J. Skahan,John Jack Skahan
256115,L. Samardžić,Lazar Samardžić
256118,Y. Keitel,Yannik Keitel
256119,E. Zuelli,Emanuele Zuelli
256127,W. Bøving,William Bøving Wick
256130,F. Abdi,Faris Abdi
256145,F. Zenobio,Felipe Tomás Zenobio
256149,H. Martínez,Hugo Javier Martínez Cantero
256156,R. Morínigo,Rodrigo Mario Morínigo Acosta
256162,A. Villalba,Alexis Villalba Mosqueda
256164,T. Simpson,Tyreece Tyson Nesbett Simpson
256167,E. Cañete,Martín Ezequiel Cañete
256170,S. Renel,Samuel Renel
256194,P. Delgado,Patrickson Luiggy Delgado Villa
256196,W. Pacho,Willian Joel Pacho Tenorio
256197,P. Hincapié,Piero Martín Hincapié Reyna
256199,A. Valencia,Anthony Lenín Valencia Bajaña
256214,G. Di Serio,Giuseppe Di Serio
256215,M. Peltola,Matti Peltola
256216,E. Longelo,Emmanuel Longelo Mbule
256220,M. Parra,Martín Cristian Alonso Parra Plaza
256222,M. Jensen,Magnus Riisgaard Jensen
256229,J. Reichert,Jan Reichert
256232,L. Yarbrough,Lamar Anthony Yarbrough
256252,Park Chan Yong,Chan-yong Park
256261,M. Thiaw,Malick Laye Thiaw
256268,A. Broja,Armando Broja
256271,A. Crețu,Alexandru Crețu
256281,K. Fischer,Kilian Fischer
256282,K. Rabihic,Kasim Rabihic
256287,F. Farías,Facundo Hernán Farías
256292,J. Schöppner,Jan Schöppner
256296,P. Krätschmer,Pius Krätschmer
256298,K. Fery,Kevin Fery
256304,P. Shrivas,Parag Satish Shrivas
256305,L. Augustine,Leon Augustine Asokan
256306,Ö. Beyaz,Ömer Faruk Beyaz
256307,L. Oyen,Luca Oyen
256308,A. Papetti,Andrea Papetti
256314,G. Ott,Gautier Ott
256324,J. Carluccio,Jarrod Carluccio
256325,J. Šutalo,Josip Šutalo
256326,P. Abraham,Paulos Abraham
256331,M. Al Harbi,Moteb Saad Al Harbi
256341,Francho Serrano,Francho Serrano Gracia
256343,Robson Bambu,Robson Alves de Barros
256358,J. Garrett,Jake Joseph Garrett
256366,Z. Gilsenan,Zak Thomas Gilsenan
256370,G. Ludwigson,Gustav Erik Ludwigson
256376,F. Jakobsson,Felix Konrad Erik Jakobsson
256380,A. Boman,André Boman
256383,S. Tounekti,Sebastian Tounekti
256384,I. Amundsen,Isak Helstad Amundsen
256392,A. Kuol,Alou Mawien Kuol
256396,S. Kvile,Sigurd Kvile
256397,I. Määttä,Isak Dybvik Määttä
256398,P. Bizoza,Parfait Bizoza
256402,C. Alcaraz,Carlos Jonás Alcaraz
256406,T. Lecanda,Tomás Leonardo Lecanda
256407,F. Petroli,Franco Petroli
256417,M. Sande,Mads Berg Sande
256420,M. Fofana,Malick Martin Fofana
256421,A. Forrest,Alan Forrest
256426,C. Harper,Cameron Harper
256427,M. Lahdo,Mayckel Lahdo
256428,L. Svanberg,Ludvig Svanberg
256429,L. Hien,Leon Sansah Dechor Hien
256435,H. Falchener,Henrik Sælebakke Falchener
256439,C. Johnston,Carl Robert Johnston
256441,V. Pizarro,Vicente Tomás Pizarro Durcudoy
256442,J. Matete,Jay Matete
256449,Christian Marques,Christian Fernandes Marques
256453,A. Sarr,Amin Sarr
256459,J. Daland,Jesper Norman Daland
256467,J. Parra,Joan Felipe Parra Marin
256473,J. Moon,Jasper Moon
256474,J. Chapman,Jacob Anthony Chapman
256476,M. Cho,Mohamed-Ali Cho
256481,J. Berry,James Jon Berry-McNally
256482,A. Smith,Andrew John Smith
256488,M. Cox,Matthew Aidan Cox
256499,R. Voloder,Robert Voloder
256500,N. Collins,Pharrell Nnamdi Collins
256501,E. Roldán,Enzo Martín Roldán
256502,A. Molinas,Aaron Nicolás Molinas
256507,K. Lien,Kristian Strømland Lien
256508,D. Romero,José David Romero
256510,J. Bagan,Joel Matthew Bagan
256516,Nico Williams,Nicholas Williams Arthuer
256519,J. Gillekens,Jordy Steven Gillekens
256524,J. García,Roberto Joaquín García
256526,F. Cáseres,Facundo Agustín Cáseres
256528,A. Sienra,Agustín Sienra
256529,V. Bernedo,Vicente Bernedo García-Huidobro
256537,L. Gütlbauer,Lukas Gütlbauer
256544,M. Bogarde,Melayro Chakewno Jalaino Bogarde
256545,A. Bajić,Ante Bajic
256548,M. Grüll,Marco Grüll
256555,J. Dorsett,Abraham Jeriel Richard Dorsett
256556,B. Chrisene,Benjamin Joshua Chrisene
256564,T. Lemperle,Tim Lemperle
256578,K. Szmyt,Kajetan Szmyt
256598,S. Auklend,Sondre Auklend
256602,S. Navarro,Sebastián Navarro Otalora
256604,D. Luna,Daniel Andrés Luna García
256611,W. Fish,William Thomas Fish
256612,Evanilson,Francisco Evanilson de Lima Barbosa
256616,T. Ortega,Thomas Sebastián Ortega
256620,L. Gibbs,Liam Geoffrey Gibbs
256630,F. Wirtz,Florian Richard Wirtz
256632,Luis Henrique,Luis Henrique Tomaz de Lima
256634,C. Viet,Christian Viet
256658,J. Ngankam,Ngankam Jessic Gaïtan Ngankam
256666,Y. Mosquera,Yerson Mosquera Valdelamar
256669,F. Moumbagna,Faris Pemi Moumbagna
256672,R. Staunton,Reece Jospeh Staunton
256674,J. Justvan,Julian Justvan
256675,O. Marmoush,Omar Khaled Mohamed Marmoush
256688,C. Puertas,Cameron Mitchel Puertas Castro
256689,L. Gueye,Mamadou Lamine Gueye
256698,J. Lukembila,Josias Tusevo Lukembila
256705,J. Elvedi,Jan Elvedi
256711,L. Appéré,Louis George P. Appéré
256725,Fábio Carvalho,Fábio Leandro Freitas Gouveia Carvalho
256726,M. Keller,Marvin Keller
256728,Santiago Eneme,Santiago Eneme Bocari
256730,D. Thiam,Demba Thiam
256731,J. Krasso,Jean-Philippe Krasso
256735,F. Fehr,Fabio Fehr
256738,A. Jatta,Alassana Jatta
256741,J. Bonde,Jakob Bonde Jensen
256742,L. Lund,Lucas Lund Pedersen
256746,T. Bech,Tobias Bech Kristensen
256748,J. Kjær,Jeppe Kjær Jensen
256768,J. Mutombo,Jonathan Mutombo Mawesi
256769,A. Truffert,Adrien Truffert
256776,I. Schmidt,Isaac Osa's Schmidt
256778,A. Lind,Alexander Lind Rasmussen
256780,M. Dárdai,Márton Dárdai
256781,L. Netz,Luca Netz
256782,S. Nanasi,Algot Sebastian Nanasi
256786,J. Andrews,Joshua Matthew Andrews
256788,I. Boura,Ismaël Boura
256789,S. Karamoko,Setigui Guillaume Karamoko
256790,J. Musiala,Jamal Musiala
256791,Lee Jin Yong,Jin-yong Lee
256799,M. Fenger,Max Johannes Whitta Fenger
256800,J. Breum,Jakob Breum Martinsen
256809,L. Sødal,Lars Erik Sødal
256819,I. Abdulrazak,Ishaq Abdulrazak
256831,D. Cirkin,Dennis Cirkin
256846,L. Montano,Leonel Caicedo Montano Dahl
256847,T. Sommer,Tobias Sommer Sørensen
256849,M. Biron,Mickaël Christophe Biron
256853,M. Tillman,Malik Leon Tillman
256854,W. Omari,Warmed Omari
256855,J. Gomez,James Gomez
256856,Fali Candé,Fali Candé
256864,C. Caton,Charlie Caton
256873,J. Paris,Julius Paris
256874,J. Roche,Jamie John Roche
256885,Gaspar Campos,Gaspar Campos-Ansó Fernández
256887,T. Booth,Taylor Anthony Booth
256890,C. Bozdoğan,Can Bozdoğan
256892,C. Widell,Casper Widell
256894,Ángel Baena,Ángel Baena Pérez
256897,M. Udrea,Mihai Răzvan Udrea
256898,A. Pantea,Alexandru Grigoraş Pantea
256899,L. Colombo,Lorenzo Colombo
256902,V. Lobry,Victor Lobry
256903,Gonçalo Ramos,Gonçalo Matias Ramos
256923,D. Contreras,Dixon Andrés Contreras Salvo
256926,T. Ogbidi,Theo Ogbidi
256933,A. Şimşir,Doğuhan Aral Şimşir
256934,J. Atencio,Joshua Atencio
256938,N. Hedl,Niklas Hedl
256942,E. Martel,Eric Martel
256944,C. Scott,Christopher Gavin Scott
256948,C. Tzolis,Christos Tzolis
256949,A. Grønbæk,Albert Grønbæk Erlykke
256952,S. Rooney,Shaun Antony Rooney
256953,X. Dziekoński,Xavier Dziekoński
256954,J. Sterner,Jonas Sterner
256958,Fábio Vieira,Fábio Daniel Ferreira Vieira
256967,M. Kreuzriegler,Martin Kreuzriegler
256970,A. Karabec,Adam Karabec
256980,M. Di Giusto,Matteo Emilio Di Giusto
256989,R. Mullen,Ryan Mullen
256990,M. Thoiba Singh,Thoiba Singh Moirangthem
256994,I. Vanlalruatfela,Isak Vanlalruatfela
256998,Cleiton Silva,Cleiton Augusto Oliveira Silva
257000,A. Carboni,Andrea Carboni
257003,J. Villagra,Jonathan Gabriel Villagra Bustamante
257005,N. Vouilloz,Nicolas Vouilloz
257007,D. Borkowski,Dennis Borkowski
257009,J. Butler,Justin Butler
257019,H. Gambor,Hugo Gambor
257020,M. Guilavogui,Morgan Guilavogui
257025,K. de la Fuente,Konrad de la Fuente
257027,Jesús Ruiz,Jesús Ruiz Suárez
257029,D. Kirnbauer,Dominik Kirnbauer
257031,A. Kerouedan,Alan Kerouedan
257036,R. Østrøm,Robin Dahl Østrøm
257043,K. Boateng,Kelvin Boateng
257044,P. Hannola,Pyry Petteri Hannola
257051,O. Schönfelder,Oscar Schönfelder
257054,R. Bulić,Rasim Bulić
257057,A. Onana,Amadou Zeund Georges Ba Mvom Onana
257063,T. Dolan,Tyrhys Dolan
257067,Z. McGraw,Zac McGraw
257068,P. Bonilla,Pablo Alejandro Bonilla Serrada
257072,H. Heggheim,Henrik Heggheim
257073,Tiago Tomás,Tiago Barreiros de Melo Tomás
257075,P. Nebel,Paul Nebel
257080,M. Mustapha,Suliman-Marlon Mustapha
257081,F. Otto,Fynn Otto
257084,L. Ugochukwu,Lesley Chimuanya Ugochukwu
257090,I. Doukouré,Ismaël Landry Doukouré
257091,T. Raemaekers,Toon Raemaekers
257104,K. Bowie,Kieron Tom Bowie
257105,Z. Larkeche,Ziyad Larkeche
257111,J. Le Douaron,Jérémy Le Douaron
257112,R. Saïd,Rafiki Saïd Ahamada
257118,I. Kebbal,Ilan Kais Kebbal
257126,T. Sharman-Lowe,Teddy Samuel Sharman-Lowe
257128,C. Gilligan,Ciaran Patrick Gilligan
257136,O. Traoré,Omar Haktab Traorè
257138,B. Nna Noukeu,Blondy Rudolph Nna Noukeu
257142,L. Margueron,Lucas Margueron
257144,P. Hobsch,Patrick Hobsch
257147,R. Malone,Ryan Patrick Malone
257152,L. Sequeira,Luis Alberto Sequeira
257153,A. Hausch,Agustín Hausch
257157,F. Bundgaard,Filip Bundgaard Kristensen
257158,J. Karlsson,Johan Karlsson
257161,Leandro Sanca,Leandro Mário Baldé Sanca
257164,A. Ghion,Andrea Ghion
257165,J. Sypek,Jakub Sypek
257167,M. Kvistgaarden,Mathias Damm Kvistgaarden
257170,O. Syrota,Oleksandr Syrota
257171,N. Fatar,Noah Fatar
257174,M. Servais,Mathis Servais
257179,Gonçalo Inácio,Gonçalo Bernardo Inácio
257183,J. Stark,Julian Stark
257185,L. Blanco,Lautaro Emanuel Blanco
257186,A. Jashari,Ardon Jashari
257188,Erik,Erik Jorgens de Menezes
257190,D. Abiama,Dickson Abiama
257191,A. Stach,Anton Levi Stach
257194,Telmo Arcanjo,Telmo Emanuel Gomes Arcanjo
257204,S. Diomandé,Sinaly Diomandé
257208,M. Balikwisha,Michel-Ange Balikwisha
257209,L. Fortin,Louis Fortin
257210,M. Godfroid,Mattéo Alexis Godfroid
257217,G. Cangiano,Gianmarco Cangiano
257220,A. Taranis,Arman Taranis
257236,A. Becker,André Becker
257237,R. Doohan,Ross Doohan
257244,A. Jankewitz,Alexandre Tounde Dimitri Jankewitz
257247,C. Watts,Caleb Cassius Watts
257253,B. Thomas,Bobby Craig Thomas
257259,A. Klynge,Anders Ferslev Klynge
257261,C. Antwi,Cameron Akwasi Antwi
257264,O. Vilhelmsson,Oscar Ingemar Kristoffer Vilhelmsson
257265,Matheus Silva,Matheus de Barros da Silva
257270,T. Pembélé,Timothée Joseph Pembélé
257271,L. Gourna-Douath,Lucas Gourna-Douath
257273,J. Olschowsky,Jan Jakob Olschowsky
257277,Z. Robinson,Zachary Scott Robinson
257278,A. Theate,Arthur Nicolas Theate
257279,Álex Baena,Alejandro Baena Rodríguez
257283,A. Müller,Andreas Müller
257286,H. Rorig,Henry Rorig
257288,M. Okoye,Maduka Emilio Okoye
257289,H. Ekitiké,Hugo Ekitiké
257290,João Mário,João Mário Neto Lopes
257291,Z. Ibsen Rossi,Zeno Ibsen Rossi
257293,S. Sithole,Sphephelo Sithole
257302,R. Kumar Das,Ritwik Kumar Das
257303,L. Montsma,Lewis Lee Montsma
257304,A. Helac,Ammar Helac
257306,C. Souaré,Cheick Oumar Souaré
257307,N. Bätzner,Nick Bätzner
257314,B. Nsimba,Bruny Nsimba
257319,A. Virginius,Alan Virginius
257320,A. Moueffek,Aïmen Moueffek
257324,L. Skjellerup,Laurs Østerby Skjellerup
257326,N. Milanović,Nicolas Petar Milanović
257330,W. Swan,William Jonathan Swan
257332,M. Rittmüller,Marvin Lee Rittmüller
257338,R. Tesuri,Renzo Iván Tesuri
257339,A. Mosór,Ariel Mosór
257340,S. Włodarczyk,Szymon Piotr Włodarczyk
257344,T. Owusu,Tyron Owusu
257345,A. Dedić,Amar Dedić
257346,Y. Cheberko,Yevgen Cheberko
257348,T. Gomulka,Taras Jan Gomulka
257353,W. Bondo,Warren Pierre Bondo
257368,L. Pirola,Lorenzo Pirola
257374,C. Dur-Bozoancă,Cosmin Andrei Dur-Bozoancă
257386,Hernandes,Hernandes Rodrigues da Silva
257395,M. Zinga,Melvin Zinga
257396,B. Domingues,Brandon Dominguès
257397,M. Robin,Milan Robin
257399,W. Faghir,Wahidullah Faghir
257400,Y. Ayari,Yasin Abbas Ayari
257406,F. Doucouré,Fodé Doucouré
257407,R. Lozano,Raúl Alberto Lozano
257411,S. Benchamma,Samy Benchamma
257437,R. Colwill,Rubin James Colwill
257438,I. Davies,Isaak James Davies
257439,R. Ofori,Richard Ofori Antwi
257470,A. Elanga,Anthony David Junior Elanga
257472,C. Wellens,Charlie Gerard Richard Wellens
257473,M. Fornalczyk,Mariusz Fornalczyk
257475,Shi Chenglong,Shi Chenglong
257480,M. Raab,Matheo Raab
257482,A. Montes,Alán Isidro Montes Castro
257484,T. Oosting,Thijs Oosting
257487,J. Sanders,Jack Sanders
257490,L. Mauragis,Lucas Alexander Mauragis
257493,Xu Haofeng,Xu Haofeng
257497,N. Polster,Nikolas Polster
257498,D. Nlandu,Darly N'Landu Lufuilu
257502,G. Smal,Gijs Smal
257504,B. El Khannouss,Bilal El Khannouss
257508,S. Roughan,Sean Patrick Roughan
257518,O. Maritu,Oscar Taty Maritu
257532,N. Bretschneider,Niko Bretschneider
257533,O. Karafiát,Ondřej Karafiát
257534,C. Palmer,Cole Jermaine Palmer
257536,J. Kuchta,Jan Kuchta
257540,A. Knauff,Ansgar Knauff
257546,F. Pedersen,Fredrik Carson Pedersen
257558,Rubén Díez,Rubén Díez Adán
257568,S. Tangvik,Sander Tangvik
257570,J. Wieckhoff,Jannes Luca Wieckhoff
257611,S. Sidibe,Sekou Sidibe
257612,S. Mara,Sékou Mara
257614,M. Dennis,Matthew Timothy Dennis
257635,Ricardo Velho,Mário Ricardo da Silva Velho
257636,C. Pastina,Christian Diego Pastina
257637,D. Klein,Daniel Klein
257638,L. Philipp,Luca Dante Philipp
257649,A. Ławniczak,Aleks Ławniczak
257664,M. Marzec,Mateusz Marzec
257666,D. Hilbrycht,Damian Hilbrycht
257669,R. Strączek,Rafał Strączek
257676,I. Mammini,Ivo Mammini
257683,Xu Yue,Xu Yue
257685,L. D'Cunha,Leander D'Cunha
257692,A. Ajdini,Alban Ajdini
257698,J. McGrath,John-Alan McGrath
257699,S. Morris,Shayden Morris
257703,Pedro Henrique,Pedro Henrique Alves de Almeida
257711,R. Calafiori,Riccardo Calafiori
257713,G. Frabotta,Gianluca Frabotta
257717,L. Neilson,Lewis Neilson
257718,A. Winter,Andrew Winter
257722,D. Șerbănică,Daniel Marius Şerbănică
257725,D. Oancea,Dorinel Gabriel Oancea
257727,C. Tofan,Costinel Andrei Tofan
257752,F. Del Frate,Federico Del Frate
257758,I. Rădescu,Ionuţ Laurenţiu Rădescu
257765,A. Ișfan,Alexandru Mihai Ișfan
257768,N. Mosti,Nicola Mosti
257771,J. Juranović,Josip Juranović
257775,T. Sobowale,Tunmise Sobowale
257776,L. Gordon,Liam Spencer Gordon
257777,S. Girelli,Stefano Girelli
257779,M. Großer,Maximilian Großer
257784,E. Lira,Érik Antonio Lira Méndez
257785,M. Brescianini,Marco Brescianini
257789,C. De Schrevel,Célestin Eric De Schrevel
257793,R. Richards,Rico Dean Scott Richards
257800,S. Jebari,Soufiane Jebari
257803,D. Miculescu,David Raul Miculescu
257805,C. Vulturar,Cătălin Alin Vulturar
257809,A. Oroian,Alexandru Laurențiu Oroian
257812,D. Hrezdac,Denis Lucian Hrezdac
257816,A. Rus,Silviu Andrei Rus
257821,A. Ndao,Alassane Ndao
257831,A. Sanyang,Abdoulie Bamba Sanyang
257842,H. Asiri,Haitham Mohammed Ali Abu Hawi Asiri
257851,C. Allan,Connor Allan
257853,R. Ure,Robert Philip Ure
257859,M. Palumbo,Martin Njøten Palumbo
257862,J. Belshaw,James Michael Belshaw
257863,C. Hall,Connor Hall
257866,N. Fernández,Nicolás Ezequiel Fernández Mercau
257872,G. Thomson,George Henry Thomson
257873,W. Burrell,Warren Matthew Burrell
257876,N. Seiwald,Nicolas Seiwald
257877,J. Adamu,Chukwubuike Junior Adamu
257886,A. Pyrka,Arkadiusz Pyrka
257889,K. Jakić,Kristijan Jakić
257890,C. Nieuwenhof,Calem Nieuwenhof
257892,A. Pavlešić,Adam Jeremy Pavlesic
257896,N. Patterson,Nathan Kenneth Patterson
257899,K. Fujimoto,Kanya Fujimoto
257914,J. Kersken,Jonas Thomas Kersken
257916,M. Schroers,Mika Schröers
257917,S. Christiansen,Sander Johan Christiansen
257919,R. Reitz,Rocco Reitz
257920,C. Tengstedt,Casper Tengstedt
257936,Song Yue,Song Yue
257946,A. Seidu,Alidu Seidu
257956,J. Elitim,Juergen Farid Elitim Sepúlveda
257957,M. Rente,Marco Rente
257959,D. Min,David Min
257970,W. Kamanzi,Warren Håkon Christofer Kamanzi
257972,O. Sørensen,Oliver Sørensen Jensen
257978,S. Soumano,Sambou Soumano
257980,D. Ndoye,Dan Assane Ndoye
257985,L. Amadé,Lautaro Amadé
258003,M. Mannhardt,Marco Mannhardt
258015,F. Ioannidis,Fotis Ioannidis
258027,M. Marić,Mirko Marić
258032,K. Meriluoto,Kai Meriluoto
258036,M. Johnston,Max Johnston
258039,D. Lagator,Dušan Lagator
258040,G. Papanikolaou,Giannis Papanikolaou
258041,Hugo Novoa,Hugo Novoa Ramos
258043,M. Stevanović,Mihailo Stevanovic
258048,P. Ramírez,Pedro David Ramírez
258050,J. Brown,Jordan Brian Brown
258051,R. Herrera,Rodrigo Ezequiel Herrera
258056,S. Long,Samuel James Long
258080,M. González,Matías Nahuel González
258081,L. Martínez Dupuy,Luca Leovino Martínez Dupuy
258082,I. Russo,Ignacio Russo Cordero
258085,Dudu,Eduardo dos Santos Haesler
258089,L. Quiroz,Leandro Fabián Franco Quiroz
258090,E. Meza,Eric Exequiel Meza
258093,M. Manhoef,Million Manhoef
258095,J. Aude,Julián Ezequiel Aude Bernardi
258104,G. Infantino,Gino Infantino
258122,A. Sjöberg,Axel Sjöberg
258125,A. Baldi,Agustín Baldi
258137,S. Prieto,Sebastián Nahuel Prieto
258139,Raúl Moro,Raúl Moro Prescoli
258147,M. Mitaj,Mario Mitaj
258149,A. Cantero,Alan Martín Cantero
258165,A. Musaba,Anthony Tite Musaba
258167,R. Edwards,Ronnie Lee Edwards
258168,J. Oosterwolde,Jayden Quinn Oosterwolde
258171,Hannibal,Hannibal Mejbri
258172,Mateo Mejía,José Mateo Mejía Piedrahita
258180,S. Meza,Sebastián Tomás Meza
258185,Luis Carbonell,Luis Carbonell Artajona
258194,D. Duarte,Diego Ariel Duarte Garcete
258196,Y. Benhattab,Yassine Benhattab
258200,N. Manganelli,Nahuel Manganelli
258208,O. Lingr,Ondřej Lingr
258209,I. Suárez,Ignacio Nahuel Suárez Ferreira
258227,C. Montes,Clemente José Montes Barroilhet
258230,J. Hadjam,Jaouen Hadjam
258238,A. Kol,Ali Yavuz Kol
258239,M. Kochalski,Mateusz Kochalski
258250,N. Niski,Nikodem Niski
258271,Miguel Baeza,Miguel Baeza Pérez
258273,J. Naschberger,Johannes Naschberger
258276,Joel Pereira,Joel Vieira Pereira
258284,T. Pozzo,Tomás Agustín Pozzo
258288,W. Barlasina,Williams Barlasina
258308,O. Tymchyk,Oleksandr Tymchyk
258311,K. Trelowski,Kacper Trelowski
258315,B. Arrey-Mbi,Bright Akwo Arrey-Mbi
258316,E. Dinkçi,Eren Sami Dinkçi
258325,N. Castro,Nicolás Eduardo Castro
258328,Kewin,Kewin Oliveira Silva
258339,G. Vrakas,Georgios Vrakas
258351,I. Boehmer,Isaac Boehmer
258355,E. Hagen,Elias Kristoffersen Hagen
258358,João Victor,João Victor Lima Ferreira
258360,Júlio Romão,Júlio Rodrigues Romão
258364,Ș. Bodișteanu,Ștefan Bodișteanu
258365,Pedro Ferreira,Pedro Miguel Dinis Ferreira
258371,Pep Chavarría,Josep María Chavarría Pérez
258373,M. Danciu,Marian Danciu
258375,L. Ayina,Loick Denis Henry Ayina
258378,M. Godts,Mika Marcel Godts
258389,V. Besuijen,Vicente Andrés Felipe Federico Besuijen
258390,I. Grbić,Ivo Grbić
258393,Y. Cimignani,Yanis Cimignani
258396,C. Özkacar,Cenk Özkaçar
258399,O. Jochmans,Owen Jochmans
258407,B. Soppy,Beanou-Junior Brandon Deflorent Soppy
258410,S. Singh,Soraisham Sandeep Singh
258412,J. Schmied,Joël Pascal Schmied
258432,C. Matsima,Chrislain Iris Aurel Matsima
258433,E. Matazo,Eliot Matazo
258437,E. Emegha,Emmanuel Esseh Emegha
258439,O. Camara,Ousmane Camara
258444,E. Guessand,Evann Guessand
258446,M. Xantippe,Matthéo Xantippe
258453,B. Babati,Benjamin Babati
258456,L. Giaccone,Lautaro Darío Giaccone
258457,K. Boma,Kévin Boma
258464,L. Lochoshvili,Luka Lochoshvili
258465,Ž. Rogelj,Žan Rogelj
258466,Leo Román,Leonardo Román Riquelme
258468,R. Vita,Rémy Vita
258470,R. Ponti,Ryan Ponti
258475,G. Sibilli,Giuseppe Sibilli
258477,Y. Kalley,Yahya Kalley
258480,Gabriel Pereira,Gabriel Roberto Pereira
258483,D. Neil,Daniel Neil
258485,F. Jörgensen,Filip Jørgensen
258489,C. Terho,Casper Mikael Terho
258490,C. Riad,Chadi Riad Dnanou
258491,J. Headley,Jaheim Anthony Headley
258494,Larrubia,David Larrubia Romano
258498,B. Verbruggen,Bart Verbruggen
258500,F. Krastev,Filip Yavorov Krastev
258505,M. Braunöder,Matthias Braunöder
258507,Obrador,Rafael Obrador Burguera
258510,T. Anselm,Tobias Anselm
258511,E. Bilgin,Emre Bilgin
258515,M. Odubeko,Ademipo Ibrahim Odubeko
258517,A. Norén,Axel Norén
258522,N. Abbey,Nelson Ighodaro Abbey
258523,J. MacKenzie,Jack MacKenzie
258526,S. Elisor,Simon Tom Elisor
258528,F. Mater,Facundo Leonel Mater
258529,V. Daley-Campbell,Vontae Jason Daley-Campbell
258532,C. Carty,Conor Thomas Carty
258533,B. Bjarkason,Bjarki Steinn Bjarkason
258534,Diego Conde,Diego José Conde Alcolado
258536,Cedric Teguia,Cédric Wilfried Teguia Noubi
258547,L. Lokotsch,Lars Lokotsch
258553,P. Galabov,Plamen Galabov
258555,D. van den Heuvel,Tristan Danique van den Heuvel
258556,S. Mitra,Samik Mitra
258564,T. Cassandro,Tommaso Cassandro
258574,N. Banegas,Nahuel Eugenio Banegas
258575,E. Agbadou,Emmanuel Elysee Djedje Agbadou Badobre
258580,K. Aktürkoğlu,Muhammed Kerem Aktürkoğlu
258585,I. Pandur,Ivor Pandur
258586,W. Blackmore,William Oliver Blackmore
258592,D. Martin,Daniel James Martin
258596,Gonçalo Franco,Gonçalo Baptista Franco
258599,R. Ivanov,Robert Ivanov
258601,M. Sangaré,Mamadou Sangaré
258602,Morci,Jon Morcillo Conesa
258604,N. Wojtuszek,Norbert Wojtuszek
258606,L. Hoole,Luca Anthony Hoole
258607,Toti,Tote António Gomes
258608,O. Bukari,Osman Bukari
258615,Oier Zarraga,Oier Zarraga Egaña
258616,R. Towler,Ryley Ben Towler
258619,J. Lepenant,Johann Lepenant
258620,A. Jabbari,Ayoub Jabbari
258626,D. Sinani,Danel Sinani
258627,O. Edwards,Owura Nsiah Edwards
258635,J. Fabisch,Jonah Reinhard Fabisch
258642,Nuno Lima,Nuno Miguel Reis Lima
258648,Carlos Augusto,Carlos Augusto Zopalato Neves
258652,Rubén Pulido,Rubén Pulido Peñas
258667,E. Bristow,Ethan David Bristow
258679,D. Kruse,David Kjær Kruse
258683,I. Ilić,Ivan Ilić
258684,Salinas,José Salinas Morán
258685,J. Muleka,Jackson Muleka Kyanvubu
258687,B. Popović,Boris Popović
258689,Diego Bri,Diego Vicente Bri Carrazoni
258691,K. Gruszkowski,Konrad Gruszkowski
258698,Afonso Sousa,Afonso Gamelas de Pinho Sousa
258700,M. Godoy,Matías Emanuel Godoy
258702,J. Currie,Jack Currie
258708,B. Balogh,Botond Balogh
258709,V. Nikolov,Vladimir Nikolaev Nikolov
258710,N. Holm,Noah Emmanuel Jean Holm
258713,Z. Ouattara,Zié Mohamed Ouattara
258714,E. Valeri,Emanuele Valeri
258715,B. Hollerbach,Benedict Hollerbach
258717,E. Ring,Erik Karl Hugo Ring
258722,Capita,Osvaldo Pedro Capemba
258724,E. Brierley,Ethan Craig Brierley
258725,A. Çankaya,Atakan Rıdvan Çankaya
258728,José Fontán,José Manuel Fontán Mondragón
258729,Gabri Veiga,Gabriel Veiga Novas
258730,Miguel Rodríguez,Miguel Rodríguez Vidal
258731,Nélson da Luz,Nélson Conceição da Luz
258739,Stéphane Cueni,Stéphane Edi Cueni
258740,A. Padula,Andrea Padula
258746,M. Braida,Malcom Nahuel Braida
258747,Guillem Molina,Guillem Molina Gutiérrez
258749,S. Tovide,Samson Jolaoluwa Gbolohan Tovide
258753,C. Driouech,Couhaib Driouech
258758,T. Corbeanu,Theodor Alexander Corbeanu
258763,M. Delanghe,Maxime René Delanghe
258766,Pablo García,Pablo García Carrasco
258769,Meseguer,Víctor Andrés Meseguer Cavas
258771,A. Ćirković,Aleksandar Ćirković
258775,L. Sučić,Luka Sučić
258776,C. Barker,Charlie Mel Barker
258777,A. Demirbağ,Adil Demirbağ
258781,I. Zabarnyi,Illia Zabarnyi
258782,A. Ismajli,Ardian Ismajli
258784,C. Boukhalfa,Carlo Gregor Boukhalfa
258786,Zé Carlos,José Carlos Teixeira Lopes dos Reis Gonçalves
258788,G. Caso,Giuseppe Caso
258792,G. Wickens,George Alexander Wickens
258804,P. Ortiz,Pablo Antonio Ortiz Cabezas
258805,H. Ashby,Harrison Charles Ashby
258806,P. Komposch,Paul Komposch
258812,T. Siersleben,Tim Siersleben
258813,T. Wolff,Tyler David Wolff
258817,J. Gutiérrez,Juan Manuel Gutiérrez Freire
258821,L. Kronberger,Luca Kronberger
258822,L. Sulzbacher,Lukas Sulzbacher
258823,J. Dahlhaus,Jasper Dahlhaus
258826,D. Rensch,Devyne Fabian Jairo Rensch
258834,G. Koutsias,Georgios Koutsias
258843,A. Pembélé,Andy Pembélé
258844,N. Sansotre,Pedro Nicolás Sansotre
258846,A. Álvarez,Agustín Álvarez Martínez
258864,S. Drljača,Stefan Drljača
258870,C. Staring,Casper Staring
258874,I. Fofana,Ibrahima Breze Fofana
258875,W. Rodríguez,Walter David Rodríguez Burgos
258880,K. Tsunemoto,Keigo Tsunemoto
258881,O. Nwobodo,Obinna Emmanuel Nwobodo
258885,Luiz Júnior,Luiz Lúcio Reis Júnior
258890,F. Dele-Bashiru,Oluwafisayo Faruq Dele-Bashiru
258892,O. Blomberg,Ole Didrik Blomberg
258893,S. Čestić,Sava-Arangel Cestic
258897,S. Onur,Samed Onur
258903,M. Dyche,Max Dyche
258906,W. Gnonto,Degnand Wilfried Gnonto
258908,J. van Hecke,Jan Paul van Hecke
258910,F. Bianchini,Florian Bianchini
258911,T. Arokodare,Toluwalase Emmanuel Arokodare
258920,M. Ceïde,Mikkel Konradsen Ceïde
258922,Marvin,Marvin Olawale Akinlabi Park
258923,Arribas,Sergio Arribas Calvo
258924,J. Almada Monteiro,Joël Almada Monteiro
258925,Clau Mendes,Claudio Mendes Vicente
258926,J. Hubner,Justin Quincy Hubner
258928,V. Sinisalo,Viljami Kari Veikko Sinisalo
258930,C. Archer,Cameron Desmond Archer
258931,H. Roberts,Hayden Roberts
258932,L. Barry,Louie Mark Barry
258936,L. Hornicek,Lukáš Horníček
258937,Aimar Oroz,Aimar Oroz Huarte
258942,O. Popescu,Octavian George Popescu
258943,J. Bycroft,Jack Thomas Bycroft
258946,M. Lovato,Matteo Lovato
258948,Fortuño,Ángel Fortuño Viñas
258949,Jofre,Jofre Carreras Pagès
258953,I. Niskanen,Ilmari Niskanen
258966,A. Cambiaso,Andrea Cambiaso
258969,C. Jones,Callum Graham Jones
258972,I. Touré,Souleymane Isaak Touré
258973,M. Fofana,Mamadou Fofana
258976,F. Parisi,Fabiano Parisi
258977,E. Mahmoud,Elies Mahmoud
258981,B. Soto,Bryan Andrés Soto Pereira
258984,D. van den Berg,Dave Johannes Andreas van den Berg
259003,Sun Jianxiang,Sun Jianxiang
259011,Zito Luvumbo,Zito André Sebastião Luvumbo
259027,J. Chávez,Jhoanner Stalin Chávez Quintero
259031,L. Delap,Liam Rory Delap
259036,V. Korniienko,Viktor Kornienko
259039,B. Hidalgo,Bode Davis
259043,M. Samoise,Matisse Samoise
259053,C. Devenish,Cristian David Castro Devenish
259054,Tiago Morais,Tiago Fontoura da Fonseca Morais
259057,L. Loria,Leonardo Loria
259058,L. Magnino,Luca Magnino
259065,Arnau Tenas,Arnau Tenas Ureña
259066,F. Boyomo,Flavien Enzo Thiedort Boyomo
259067,André Paulo,André Filipe Eusébio Paulo
259070,Pau Víctor,Pau Víctor Delgado
259074,A. Hajdari,Albian Hajdari
259075,Yan Couto,Yan Bueno Couto
259082,J. Lawrence,Jamie Lawrence
259083,S. Diarrassouba,Salifou Diarrassouba
259091,C. Barrett,Connor Ellis Barrett
259093,F. Bonifazi,Facundo Bonifazi Castro
259101,J. Gazibegović,Jusuf Gazibegović
259103,F. Al Harbi,Fahad Mohammed Al Harbi
259105,Pablo Rodríguez,Pablo Rodríguez Delgado
259106,S. Vadakkepeedika,Suhair Vadakkepeedika
259107,A. Adorante,Andrea Adorante
259111,J. Fory,Jimer Esteban Fory Mejía
259114,O. Romeny,Ole ter Haar Romeny
259119,S. Sow,Saïdou Sow
259120,J. Mingi,Jade Jay Mingi
259128,S. Hawsawi,Sanousi Mohammed Malem Sanousi Al Hawsawi
259130,L. Qamili,Lirim Qamili
259131,J. Trenskow,Jacob Bennedsen Trenskow
259134,M. Enggård,Mads Enggård
259137,D. Murgaonkar,Devendra Dhaku Murgaokar
259139,David da Costa,David Pereira da Costa
259147,R. Graham,Ross Graham
259149,E. Canpolat,Erdem Canpolat
259150,A. Ndiaye,Abdoulaye Niakhate Ndiaye
259159,J. Che,Justin Isiah Che
259162,A. Sieb,Armindo Sieb
259163,M. Hilgers,Mees Victor Joseph Hilgers
259166,E. Green,Etienne Green
259170,Rodrigo Gomes,Rodrigo Martins Gomes
259173,Víctor Chust,Víctor Chust García
259175,N. Prabhu,Nikhil N Prabhu
259176,A. Al Haider,Arif Saleh Al Haydar
259184,R. Vilca,Rodrigo Gary Vilca Betetta
259185,T. Aasgaard,Thelonious Gerard Aasgaard
259186,S. Smith,Scott William Smith
259188,V. Jemelka,Václav Jemelka
259190,D. Lopy,Dion Lopy
259191,M. Al Tamari,Mousa Mohammad Mousa Sulaiman Al Tamari
259192,M. Badamosi,Muhammed Badamosi
259194,J. Tugbenyo,Jesse Edem Tugbenyo
259197,N. Jackson,Nicolas Jackson
259201,D. Finlayson,Daniel Finlayson
259205,N. Ahamada,Naouirou Mohamed Ahamada
259209,M. Bajamich,Mateo Bajamich
259215,F. Mendy,Formose Mendy
259228,L. Cirino,Lenni Rae Rowan Cirino
259230,B. Ferrares,Brian Ferrares Fernández
259233,I. Moriba,Moriba Kourouma Kourouma
259234,H. Cann,Hayden James Cann
259240,A. Wharton,Adam James Wharton
259245,O. Doumbia,Ousmane Doumbia
259249,C. Clark,Caden Christopher Clark
259251,A. Valera,Álex Eduardo Valera Sandoval
259252,E. Ramírez,Eric Kleybel Ramírez Matheus
259255,Lee Kyung Tae,Kyeong-tae Lee
259261,B. Alhassan,Baba Alhassan
259265,M. Batna,Mourad Batna
259266,S. Zaidan,Saud Saad Abdullah Zidan
259268,K. Sène,Mamadou Kaly Sène
259269,F. Cabral,Favio Benjamín Cabral
259271,I. Gariglio,Ignacio Gariglio
259272,N. May,Niklas May
259273,T. Marchiori,Tomás Ignacio Marchiori Carreño
259276,W. Sutton,Will Sutton
259280,R. Priso,Ralph-William Johnson Priso-Mbongue
259288,K. Opoku,Kwadwo Opoku
259290,I. Jagne,Seedy Muhammed Ali Jagne
259292,J. Maher,Jack Maher
259298,M. Falcón,Maximiliano Joel Falcón Picart
259299,J. Siebert,Jamil Siebert
259300,A. Quinn,Andrew Quinn
259306,F. Rieder,Fabian Rieder
259307,M. Gusto,Malo Gusto
259311,R. Danu,Rohit Danu
259313,L. Jongte,Lalbiakhlua Jongte
259316,T. Leoni,Théo Leoni
259317,Cañizares,Lucas Cañizares Conchello
259319,F. Parada,Facundo Parada Rocha
259331,M. Portanova,Manolo Portanova
259340,A. Mishra,Akash Mishra
259346,G. Martins,Glan Peter Martins
259349,M. Al Bishi,Mansor Faiez Al Beshe
259356,C. Chukwuemeka,Carney Chibueze Chukwuemeka
259358,A. Al Nashri,Awad Haidar Al Nashri
259361,F. Román,Fernando Aurelio Román Villalba
259362,Magunagoitia,Jon Mikel Magunagoitia Blasco
259364,M. Al Shammari,Mohammed Mazyad Mofrah Al Shammari
259377,Yeremy Pino,Yéremy Jesús Pino Santos
259378,A. Al Shanqeeti,Abdullah Al Shanqiti
259389,L. Robinson,Luke James Robinson
259399,R. Højlund,Rasmus Winther Højlund
259401,S. Lagsir,Samir Lagsir
259402,N. Möller,Nikolaj Duus Möller
259403,J. Ideho,Joel Ideho
259406,S. Muñóz,Santiago René Muñóz Robles
259410,Á. Campuzano,Álvaro Marcial Campuzano
259422,Nico Serrano,Nicolás Serrano Galdeano
259423,Iván Azón,Iván Azón Monzón
259426,A. Al Ghamdi,Ahmed Mazen Al Ghamdi
259427,Patrick de Paula,Patrick de Paula Carreiro
259442,R. van den Berg,Rav van den Berg
259443,T. Velthuis,Tijs Velthuis
259453,C. Lannert,Christopher Lannert
259456,S. Czyż,Szymon Czyż
259465,I. Jensen,Isak Steiner Jensen
259472,D. Nugent,Darragh Nugent
259475,J. Hollman,Jake John Hollman
259476,M. Ruhs,Michael Klaude Ruhs
259478,M. Kjølø,Mathias Ullereng Kjølø
259480,I. Saibari,Ismael Saibari Ben El Basra
259488,V. Yadav,Vishal Yadav
259500,B. Calderara,Brian Alejandro Calderara
259507,R. Apter,Robert Julian Apter
259511,S. Maldonado,Sebastián Maldonado Leiva
259514,M. Pérez,Marcelo de la Cruz Pérez Mosqueira
259516,Johnny Cardoso,João Lucas de Souza Cardoso
259518,B. Roco,Bastián Alejandro Roco Gonzalez
259521,Terrats,Ramón Terrats Espacio
259522,B. Dárdai,Bence Dárdai
259524,Aitor Paredes,Aitor Paredes Casamichana
259530,Alfonso Pastor,Alfonso Pastor Vacas
259532,Joan García,Joan García Pons
259537,M. Coronel,Mateo Agustín Coronel
259542,M. Lazo,Matías Fernando Lazo Zapata
259543,K. Cabrera,Kenji Giovanni Cabrera Nakamura
259544,Y. Gamero,Yimy Manuel Gamero López
259550,C. Odunze,Chituru Ethan Odunze
259559,T. Breithaupt,Tim Breithaupt
259560,N. Singh,Naorem Mahesh Singh
259561,A. Adhikari,Ayush Adhikari
259562,M. Khan,Muheet Shabir Khan
259563,D. Rots,Daan Rots
259565,Y. Bonny,Ange-Yoan Bonny
259567,A. Şahindere,Abdullah Şahindere
259568,C. Harvey,Carlos Miguel Harvey Cesneros
259569,M. John,Marco John
259570,F. Orozco,Franco Orozco
259579,S. Rodríguez,Ederson Salomón Rodríguez Lima
259581,Sergio Barcia,Sergio Barcia Laranxeira
259582,Isma Ruiz,Ismael Ruiz Sánchez
259583,D. Udogie,Iyenoma Destiny Udogie
259584,M. Ruggeri,Matteo Ruggeri
259586,H. Siquet,Hugo Thierry Siquet
259588,J. Cuesta,Juan David Cuesta Santos
259596,J. Keeley,Joshua Keeley
259606,D. Romero,Diego Alonso Romero Cachay
259608,E. Ferguson,Evan Ferguson
259612,J. Castillo,Jesús Abdallah Castillo Molina
259615,P. Liza,Carlos Percy Liza Espinoza
259617,J. Villamil,Jaime Enrique Villamil Cortez
259621,Y. Barası,Yusuf Barası
259627,J. Hettwer,Julian Hettwer
259629,P. Wood,Patrick James Wood
259633,G. Konstantelias,Giannis Konstantelias
259634,J. Zemura,Jordan Bhekithemba Zemura
259640,W. George,Wouter George
259643,L. Wolf,Lucas Mika Wolf
259644,A. Pyndt,Andreas Pyndt Andersen
259646,A. Shaikh,Arsh Anwer Shaikh
259648,B. Singh,Boris Singh Thangjam
259652,Sun Qihang,Sun Qihang
259653,A. Abdurasul,Abdurasul Abudulam
259655,P. Čančar,Phillip Čančar
259657,R. Garcés,Renzo Renato Garcés Mori
259659,E. Rodas,Elsar Rodas Mendoza
259669,R. Duncan,Ryan Andrew Duncan
259673,M. Bruns,Max Bruns
259675,B. Kutlu,Berkan İsmail Kutlu
259677,A. Robertson,Alexander Sean Pablo Robertson
259678,L. Marić,Luka Marić
259680,M. Stamenić,Marko Seufatu Nikola Stamenić
259682,E. Beltrán,Emanuel Tomás Beltrán Bardas
259686,U. Yıldız,Uğur Kaan Yıldız
259690,A. Sánchez,Adrián Guillermo Sánchez
259694,Mingueza,Óscar Mingueza García
259714,M. Röhl,Merlin Röhl
259716,D. Svensson,Daniel Svensson
259718,F. Gebhardt,Felix Karl-Ernst Gebhardt
259719,C. Chiappetta,Carmine Soel Chiappetta
259723,D. Hall,Daniel Peter Olatunji Hall
259726,L. Rose,Lachlan Michael William Rose
259727,V. Singh,Vikram Partap Singh
259729,P. Lachenpa,Phurba Tempa Lachenpa
259730,M. Singh,Mehtab Singh
259732,M. Michu,Mirshad Koottappunna Michu
259747,I. Diabate,Ibrahim Yalatif Diabate
259748,M. Vitík,Martin Vitík
259750,I. Matanović,Igor Matanović
259751,M. Hoppe,Matthew Timothy Hoppe
259752,L. Schuler,Jan-Luca Schuler
259754,E. Elmalı,Evren Eren Elmalı
259762,V. Kristiansen,Victor Bernth Kristiansen
259763,V. Lund,Valdemar Lund Jensen
259764,N. Bhutia,Namgyal Bhutia
259766,F. Stevens,Finley John Stevens
259767,T. Aquilina,Thomas Kevin Aquilina
259776,R. Lagos,Ricardo César Lagos Puyén
259779,O. Noronha,Osnar Noronha Montani
259781,L. Benítes,Luis Enrique Benítes Vargas
259786,F. Vera,Federico Gabriel Vera
259788,J. Portillo,Juan Carlos Portillo
259789,K. Zenón,Kevin Andrés Zenón
259790,I. Machuca,Imanol Javier Machuca
259797,A. Terrazas,Adalid Terrazas Abasto
259802,J. Estrada,Josué Daniel Estrada Aguilar
259803,R. Espinosa,Renato Espinosa Torres
259816,A. Sima,Abdallah Dipo Sima
259825,A. Rodríguez,Aron David Rodríguez Franco
259833,J. Lora,Carlos Jhilmar Lora Saavedra
259834,G. Villamíl,Gabriel Alejandro Villamíl Cortéz
259843,Byeon Jun Soo,Jun-soo Byeon
259847,F. La Mantía,Francisco Andrés La Mantía Pipaón
259848,J. Aramburu,Jon Mikel Aramburu Mejías
259854,T. Latteier,Tim Latteier
259855,E. Shuranov,Erik Shuranov
259861,J. Balza,José Manuel Balza Liscano
259862,M. Morales,Marcelo Ariel Morales Suárez
259868,P. Sarr,Pape Matar Sarr
259869,J. Tchamadeu,Junior Baptiste Tchamadeu
259872,I. De Arruabarrena,Ignacio de Arruabarrena Fernández
259873,G. Bueno,Gastón Matías Bueno Sciutto
259874,C. Araújo,César Nahuel Araújo Vilches
259883,M. Méndez,Mauro Andrés Méndez Acosta
259896,B. Viunnyk,Bogdan Viunnyk
259904,G. Valle,Gonzalo Roberto Valle Bustamante
259906,S. Castro,Stick Carlos Castro Palma
259908,W. Vargas,Willian Andrés Vargas Leon
259913,G. Sudakov,Georgiy Sudakov
259915,J. Gal,Jeffrey Joseph Gal
259916,G. Granath,Gustav Frans Vallentin Granath
259918,I. Diawara,Ismael Diarra Diawara
259920,A. Lindahl,Karl Axel Lindahl
259921,V. Edvardsen,Victor Kaj Edvardsen
259923,A. Carlén,Adam Carlén
259926,S. Bell,Samuel John Bell
259930,D. Méndez,Diego Armando Méndez Salcedo
259934,E. Morales,Efraín Andrés Morales Badillo
259941,J. Murrugarra,Jorge Salvador Murrugarra Torres
259954,R. Rojas,Fabio Renato Rojas Prieto
259971,N. Guzmán,Emanuel Natanael Guzmán
259973,P. Boer,Pietro Boer
259976,J. Stretton,Jack Kirk Stretton
259978,Jesús Bueno,Jesús Daniel Bueno Áñez
259979,J. Castillo,Jean Franco Castillo Castillo
259987,M. Ellborg,Melker Ellborg
259990,G. Wallentin,Gabriel Wallentin
259993,E. Ahlstrand,Erik Melker Ahlstrand
260000,D. Edvardsson,David Mikael Edvardsson
260001,N. Eile,Noah Eile
260004,C. Talbot,Callum Murray Charles Talbot
260010,S. Balobaid,Saad Yaslam Balobaid
260014,T. Civeja,Tim Civeja
260018,D. Odumosu,David Odumosu
260020,Y. Vertessen,Yorbe Vertessen
260030,J. Marabel,Junior Osvaldo Marabel Jara
260044,Lautaro,Lautaro de León Billar
260046,E. Gyabuaa,Manu Emmanuel Gyabuaa
260056,T. Segovia,Telasco José Segovia Pérez
260071,A. Tabares,Alejo Germán Tabares
260076,P. Koopmeiners,Peer Koopmeiners
260078,L. Rosenlöcher,Linus Rosenlöcher
260082,Jesús Vázquez,Jesús Vázquez Alcalde
260083,John Donald,John Chetauya Nwankwo Donald Okeh
260086,Alex Millán,Alejandro Millán Iranzo
260094,Lucas Maia,Lucas Jaques Varone Maia
260098,D. Chirino,Daijiro Florencio Chirino
260099,S. Sambo,Shurandy Ruggerio Sambo
260100,F. Oppegård,Fredrik Oppegård
260105,R. Drăgușin,Radu Matei Drăgușin
260106,G. Singh,Gurmeet Singh
260129,K. Smith,Kerr David Smith
260133,J. Báez,Julio César Báez Meza
260135,W. Viera,Wílder Viera Caballero
260138,E. Giménez,Enzo Daniel Giménez Rojas
260140,R. Martínez,Ronaldo Iván Martínez Rolón
260141,C. Cîrjan,Cătălin Ionuț Cîrjan
260142,R. Alebiosu,Ryan Fiyinfoluwa Alebiosu
260143,Z. Monlouis,Zane Monlouis
260144,C. Patiño,Charlie Michael Patiño
260145,O. Hutchinson,Omari Elijah Giraud-Hutchinson
260146,L. Sharma,Lara Sharma
260147,R. Singh,Naorem Roshan Singh
260149,M. Solbakken,Markus Solbakken
260156,N. Bilokapić,Nicholas Bilokapić
260159,L. Mouyokolo,Loris Mouyokolo
260162,M. Stroeykens,Mario Stroeykens
260166,Oh Jae Hyuk,Jae-hyeok Oh
260176,M. Al-Taay,Mohamed Hussein Reda Al Khafaji Al Taay
260178,Juan Iglesias,Juan Antonio Iglesias Sánchez
260183,Jair,Jair Tavares da Silva
260186,L. Brumme,Lucas Brumme
260187,V. Boboy,Verthomy Schilo Boboy
260192,A. Hackford,Antwoine Hackford
260193,N. Milleskog,Noel Milleskog
260194,M. Krasniqi,Mërgim Krasniqi
260195,John Patrick,John Joe Patrick Finn Benoa
260204,A. Ramos,Elías Alejandro Ramos Castillo
260228,O. Fallenius,Lars Erik Oskar Fallenius
260233,M. Di Cesare,Marco Genaro Di Césare
260235,M. Diambou,Mamady Diambou
260236,N. Dorgeles,Dorgeles Nene
260237,D. Guindo,Daouda Guindo
260238,T. Cavanagh,Tomás Bernardo Cavanagh
260247,M. Rogers,Morgan Elliot Rogers
260250,Z. Al Jari,Ziyad Maher Al Jari
260257,M. Lacava,Matías Rafael Lacava González
260262,M. Johnson,Murray Johnson
260264,N. Ohio,Noah Chidiebere Junior Anyanwu Ohio
260267,D. Hoyos,Diego Josué Hoyos
260272,Alvyn Sanches,Alvyn Antonio Sanches
260275,D. Roca,Dico Andrés Roca Montaño
260282,T. Akimoto,Takahiro Akimoto
260290,M. Pieringer,Marvin Pieringer
260298,E. Herrera,Eduardo José Herrera Alvarado
260299,D. Gil,Diego Javier Gil Malavé
260302,J. Biegański,Jan Biegański
260336,R. Guerrero,Raudy Javier Guerrero Reyes
260340,Svensson,Max Svensson Río
260343,S. Al Nasser,Saad Fahad Al Nasser
260344,H. Abaida El Achhab,Haitam Abaida El Achhab
260369,L. Kerber,Luca Kerber
260373,O. Al Ruwaili,Omar Damen Al Ruwaili
260379,N. Shamoun,Noah Leon Shamoun
260380,E. Olsson,Elias Oskar Olsson
260383,V. Lunddal,Valgeir Lunddal Friðriksson
260386,T. Yengi,Tete Yengi
260388,N. Ulariaga,Silvio Nahuel Ulariaga
260390,R. Zouhir,Rida Zouhir Takedam
260395,Kim Dae Woo,Dae-woo Kim
260396,Park Sang Hyuk,Sang-hyeok Park
260397,Yang Hyun Jun,Hyun-jun Yang
260398,N. Saliba,Nathan-Dylan Saliba
260401,Mamadi Camará,Mamadi Caba Camará
260402,A. Gilbert,Alexander George Henry Gilbert
260403,G. Broadbent,George Broadbent
260404,Z. Romero,Zaid Abner Romero
260405,M. Geschwill,Max Geschwill
260407,E. Wahi,Sepe Elye Wahi
260414,A. Al Hassan,Abbas Sadiq Nasser Al Hassan
260421,I. Parente,Isaiah Parente
260432,A. Ito,Atsuki Ito
260435,S. Issah,Seydou Saeed Issah
260436,S. van Ottele,Syb van Ottele
260439,J. Stevens,Jack Stevens
260443,S. Ibrahim,Sunusi Ibrahim
260456,G. Olzer,Giacomo Olzer
260459,M. Altunbaş,Metehan Altunbaş
260463,Mario Soriano,Mario Soriano Carreño
260464,J. Fujita,Joel Chima Fujita
260466,İ. Yüksek,İsmail Yüksek
260473,T. Wright,Tyreik Samuel Wright
260474,Kim Bong Soo,Bong-soo Kim
260477,N. Harriel,Nathan Lee William Harriel
260478,S. Thomas,Benjamin Sorba William Thomas
260479,J. McGlynn,Jack Ryan McGlynn
260482,T. Ángel,Tomás Ángel Gutiérrez
260485,Jeong Sang Bin,Sang-bin Jeong
260492,Eom Ji Sung,Ji-sung Eom
260497,Lee Kang Hyeon,Kang-hyun Lee
260501,Ł. Łakomy,Łukasz Łakomy
260507,L. Serrano,Luis Alfredo Serrano Barrientos
260514,Ó. Baldomar,Óscar Junior Baldomar Roca
260521,J. Bos,Jordan Jacob Bos
260523,P. Aaronson,Paxten Reid Aaronson
260533,J. Rawlins,Joshua James Rawlins
260536,T. Ostler,Trent Jordan Ostler
260538,C. Cook,Cameron Heath Cook
260545,B. Craig,Brandan Andrew Craig
260546,Urko González,Urko González de Zarate Quirós
260547,Q. Sullivan,Quinn Krippendorff Sullivan
260555,T. Anker,Tobias Pajbjerg Anker
260558,R. Khadra,Reda Jousef Khadra
260561,K. Lomónaco,Kevin Joel Lomónaco
260562,L. Besozzi,Lucas Agustín Besozzi
260564,J. Hilterman,Jeredy Harry Dries Hilterman
260567,O. Sæter,Ole Christian Hammerfjell Sæter
260570,J. Steuckers,Jarne Steuckers
260574,L. Assignon,Lorenz Assignon
260577,C. Sandra,Cisse Sandra
260586,D. Dierckx,Daan Dierckx
260592,B. Šeško,Benjamin Šeško
260593,G. Abrego,Gonzalo Damián Abrego
260599,A. Varela,Alan Gonzalo Varela
260601,E. Zeballos,Oscar Exequiel Zeballos
260616,A. Saldaña,Adam Jesús Jr. Esparza Saldaña
260617,M. Natta,Mark Natta
260621,S. Owusu,Solomon Owusu
260625,H. Al Ghamdi,Hazzaa Ahmed Al Ghamdi
260630,J. Yull,Jonny Mark Yull
260635,J. Neal,Jalen Christopher Neal
260638,B. Elmaz,Bartuğ Elmaz
260643,M. Succar,Juan Matías Succar Cañote
260645,A. Ademi,Albion Ademi
260651,B. Traoré,Bénie Adama Traoré
260653,B. Norton-Cuffy,Brooke Dion Nelson Norton-Cuffy
260657,P. Rothrock,Paul Rothrock
260669,C. Hayes,Cian Hayes
260683,B. Allgeier,Bastian Allgeier
260692,Iker Recio,Iker Recio Ortega
260697,I. Hien,Isak Malcolm Kwaku Hien
260703,H. Al Ali,Hassan Hashim Mohammed Al Ali
260723,R. Street,Robert Nicholas Street
260724,M. Ferkranus,Marcus Ashton Ferkranus
260727,D. Olsson,Kim Dennis Olsson
260728,A. Pressley,Aaron Alex Pressley
260732,I. Fray,Ian Charles Michael Fray
260734,C. Wallem,Conrad Wallem
260738,A. Cruz,Alejo Cruz Techera
260739,M. Alonso,Máximo David Alonso Fontes
260770,S. Arce,Santiago Arce Añazgo
260772,W. Carmona,Wikelman José Carmona Torres
260776,A. Pinot,Adrien Pinot
260778,F. Tongya,Franco Daryl Tongya Heubang
260779,S. Adingra,Simon Adingra
260789,D. Ankeye,David Akpan Ankeye
260798,E. Baggott,Elkan William Tio Baggott
260813,G. Kochorashvili,Giorgi Kochorashvili
260814,E. Sevikyan,Edgar Sevikyan
260815,Arnau Martínez,Arnau Martínez López
260818,P. Farquharson,Priestley Tyler Heginbottom Farquharson
260823,N. Fagioli,Nicolò Fagioli
260825,J. Duin,Jelle Duin
260826,R. Cabral,Rodrigo Federico Cabral
260842,L. Engel,Lukas Ahlefeld Engel
260843,A. Zaroury,Anass Zaroury
260874,S. Radić,Stipe Radić
260876,M. Kjaergaard,Maurits Kjærgaard
260877,Villares,Diego Villares Yáñez
260881,L. Heeney,Luke Heeney
260885,A. Kazeem,Al Amin Kazeem
260896,G. Onugkha,German Olegovich Onugkha
260908,M. Kerkez,Milos Kerkez
260910,S. Shoretire,Shola Maxwell Shoretire
260914,I. Macalou,Issouf Macalou
260918,T. Romero,Tomás Lían Romero Keubler
260923,M. Lachuer,Mathis Lachuer
260925,L. Petkov,Lukas Emanuel Petkov
260926,K. Schade,Kevin Schade
260927,K. Chauke,Kgaogelo Chauke
260929,R. Finnigan,Ryan James Finnigan
260930,K. Sildillia,Kiliann Eric Sildillia
260931,Z. Van Den Bosch,Zeno Van Den Bosch
260933,E. Kılıçarslan,Ekrem Kılıçarslan
260941,M. Kosidis,Michalis Kosidis
260942,D. Fofana,David Datro Fofana
260943,J. Casimir,Josué Casimir
260951,J. Kenny,Johnny Kenny
260952,A. Schjelderup,Andreas Rædergård Schjelderup
260962,G. Bortagaray,Gerónimo Bortagaray Derregibus
260972,T. Ali,Taha Abdi Ali
260977,F. Al Ghamdi,Faisal Abdulrahman Saeed Al Marq Al Ghamdi
260978,J. Schenk,Johannes Schenk
260982,C. Brady,Christopher Keith Brady
260984,B. Gutiérrez,Brian Gutiérrez
260990,R. Ascone,Rocco Angelo Ascone
260994,O. Mendy,Oucasse Mendy
261000,R. Ríos,Rubén Darío Ríos
261004,A. Forson,Forson Amankwah
261011,I. Schor,Ignacio Schor
261014,A. Desábato,Andrés Alberto Desábato
261015,T. Palacios,Tiago Asael Palacios
261016,J. Infante,Juan José Infante
261019,R. Bochi,Roberto Agustín Bochi
261025,D. Scarlett,Dane Pharrell Scarlett
261028,H. Johansson,Herman Johansson
261031,A. Qasem,Ahmed Qasem
261032,J. Hodge,Joseph Shaun Hodge
261035,Z. Inoussa,Zeidane Inoussa
261040,B. Racovițan,Bogdan Racovițan
261047,R. Meißner,Robin Maximilian Meißner
261050,Francisco Conceição,Francisco Fernandes da Conceição
261053,Lee Dong Hee,Dong-hee Lee
261054,Kang Yoon Gu,Yun-gu Kang
261055,Park Jin Seong,Jin-seong Park
261062,Lee Han Beom,Han-beom Lee
261063,Lee Tae Seok,Tae-seok Lee
261072,R. Enrique,Ramiro Enrique Paz
261078,Eo Jeong Won,Jeong-won Eo
261082,C. Medina,Cristian Nicolás Medina
261084,B. Dieng,Cheikh Ahmadou Bamba Mbacké Dieng
261085,A. Ndour,Alioune Badou Ndour
261088,K. Palacz,Krystian Palacz
261097,A. Costa,Ayrton Enrique Costa
261098,O. Zandén,Carl Oliver Zandén
261099,K. Holmén,Kevin Holmén
261100,N. Söderberg,Noah Söderberg
261104,Shin Sang Eun,Sang-eun Shin
261105,Jeon Byung Kwan,Byung-kwan Jeon
261106,Lee Jun Seo,Jun-seo Lee
261108,A. Kozubal,Antoni Kozubal
261109,S. Hazazi,Sulaiman Yahya Salman Qarsh Hazazi
261110,F. Borowski,Filip Borowski
261114,B. Kikanović,Benjamin Kikanović
261115,Lee Ho Jae,Ho-jae Lee
261116,Roh Kyung Ho,Kyung-ho Roh
261122,Kim Ryun Seong,Ryun-sung Kim
261123,Kim Jun Ho,Jun-ho Kim
261126,An Jae Jun,Jae-joon An
261128,Lee Gi Hyeok,Gi-hyuk Lee
261131,I. Pavlic,Ivan Pavlic
261140,J. Brown,Javain Okemio Brown
261141,M. Sellouki,Malik Sellouki
261143,M. Bulat,Marko Bulat
261144,I. Nevistić,Ivan Nevistić
261145,D. Špikić,Dario Špikić
261153,B. Diallo,Baïla Diallo
261155,M. Garay,Héctor Martín Garay
261160,B. Sepúlveda,Bruno Christian Sepúlveda
261161,M. Giménez,Milton Giménez
261164,A. Durrer,Adrian Durrer
261171,I. Miramón,Juan Ignacio Miramon
261172,F. Baldassarra,Franco Pedro Baldassarra
261177,L. Mamut,Leandro Juan Hugo Mamut
261180,N. Maier,Nico Maier
261182,J. Malatini,Julián Malatini
261183,G. Álvez,Maximiliano Gonzalo Álvez
261188,I. Ndiaye,Iliman Cheikh Baroy Ndiaye
261190,B. Al Hurayji,Bassam Mohammed Al Hurayji
261195,E. Muçi,Ernest Muçi
261196,DJ Taylor,David Justin Taylor
261200,S. Meuer,Steffen Meuer
261202,N. Chadli,Nassim Chadli
261204,M. Uzuni,Myrto Uzuni
261211,M. Fondop,Karl Mike Fondop-Talom
261224,Hugo Bueno,Hugo Bueno López
261225,N. Lonwijk,Nigel Cello Lonwijk
261243,A. Di Pardo,Alessandro Di Pardo
261244,K. Jelacic,Keegan Daniel Jelacic
261245,Dani Pereira,Daniel Pereira Gil
261249,É. Michut,Edouard Oscar Michut
261260,G. Szécsi,Gergő Szécsi
261261,J. Giani,Justo Giani
261262,S. Marcich,Sasha Julián Marcich
261264,D. Affengruber,David Leopold Affengruber
261276,J. Clarke,James Clarke
261277,J. Brown,James Brown
261281,C. Okoli,Memeh Caleb Okoli
261283,T. Conway,Tommy Daniel John Conway
261284,L. Dennison,Luke Dennison
261293,S. Jatta,Seedyahmed Tijan Jatta
261294,C. Raatsie,Calvin Owen Harm Raatsie
261295,M. Riisnæs,Magnus Bech Riisnæs
261298,A. Al-Ammari,Amir Al Ammari
261299,A. Scott,Alex Jay Scott
261300,K. Phillips,Killian Phillips
261304,A. Montgomery,Adam Montgomery
261305,B. Schwake,Brian Schwake
261307,V. Birmančević,Veljko Birmančević
261312,L. Patris,Louis Patris
261313,K. Lund,Kristoffer Lund Hansen
261325,M. Dean,Max Jimmy Dean
261333,J. Rafanello,Jeremy Michael Rafanello
261335,K. Kesler-Hayden,Kaine Kesler-Hayden
261336,J. Philogene,Jaden Philogene-Bidace
261339,Etienne Eto'o,Etienne Eto'o Pineda
261348,G. Norambuena,Gabriel Adonis Norambuena Moraga
261351,Y. Arismendi,Yair Ezequiel Arismendi
261352,N. Laméndola,Nicolás Emanuel Laméndola
261357,A. Radif,Abdullah Hadi Jaber Radif
261358,Y. Sylla,Youssuf Sylla
261359,Ž. Kolmanič,Žan Kolmanič
261360,N. Mbamba,Noah Mbamba-Muanda
261374,L. Bate,Lewis Michael Bate
261375,L. Bergström,Lucas Carl Edvard Bergström
261377,R. Lutiger,Rafael Julián Lutiger Vidalón
261386,M. Balard,Maximilien Balard
261390,C. Webster,Charles Clive Webster
261391,U. Mathisen,Ulrik Mathisen
261407,K. Pinargote,Kleber David Pinargote Lara
261420,H. Vaughan,Harry Patrick Vaughan
261422,A. Nagalo,Adamo Nagalo
261425,I. Khan,Imran Khan
261432,J. Coburn,Joshua Guy Coburn
261438,S. Rosane,Siro Ignacio Cabral Rosané
261441,M. Panaro,Manuel Panaro Miramón
261442,M. Sosa,Matías Josías Sosa
261444,A. Baldé,Aliou Badara Baldé
261446,M. Aydın,Mehmet Can Aydın
261453,O. Larraz,Oliver Love Larraz
261454,M. Traoré,Maï Traoré
261455,D. Yapi,Darren Kissy Yapi
261456,S. Kartum,Sander Erik Kartum
261457,B. Willumsson,Brynjólfur Andersen Willumsson
261473,K. Patten,Keenan Pattern
261478,T. Douvikas,Anastasios Douvikas
261490,Lee Young Jun,Young-joon Lee
261495,S. Coulibaly,Soumaïla Coulibaly
261502,G. Cabezas,Gian Franco Cabezas Rodríguez
261504,D. Rivillo,Daniel Alejandro Rivillo Godoy
261512,L. Mayo,Lewis Mayo
261528,M. Obuz,Marvin Ayhan Obuz
261530,Dário Essugo,Dário Cassia Luís Essugo
261531,Nazinho,Flávio Basilua Jacinto Nazinho
261539,M. Keita,Lamine Mandela Keita
261552,R. Briones,Ronald Elain Briones Legarda
261563,M. Huamán,Marco Lenhyn Huamán Asís
261565,J. Bell,Jonathan Bell
261573,T. Kristensen,Thomas Thiesson Kristensen
261582,Song Jun Seok,Jun-seok Song
261604,C. Harris,Calvin Harris
261605,J. Vilsaint,Jules-Anthony Vilsaint
261606,I. Kričak,Ivan Kričak
261614,J. Gho,Joaquín Gho
261616,Q. Merlin,Quentin Merlin
261618,Leonço,Tiago de Leonço
261636,Felippe Cardoso,Wanderson Felippe Cardoso dos Santos
261637,F. Catarozzi,Franco Catarozzi Parafita
261639,C. Ofori,Curtis Ofori
261640,J. Baptiste,Jamal Baptiste
261647,A. Omobamidele,Andrew Abiola Omobamidele
261648,M. Cova,Maurice Jesús Cova Sánchez
261652,N. Kasanwirjo,Neraysho Meritchio Kasanwirjo
261653,L. Lobinger,Lex-Tyger Lobinger
261654,O. El Hilali,Omar El Hilali
261659,S. Lynen,Senne Maaike Lynen
261661,M. Fixelles,Mathias Frédéric Fixelles
261670,J. Jensen-Abbew,Jonas Jensen-Abbew
261673,S. Esajas,Silvinho Esajas
261674,X. Severina,Xander David Severina
261675,B. Traoré,Brahim Traoré
261677,R. O'Kane,Ryan O'Kane
261687,S. Breza,Sebastian Jean-Baptiste Breza
261691,I. Rodríguez,Ignacio Agustín Rodríguez
261703,Á. González,Ángel Ariel González González
261732,T. Bloxham,Tom Bloxham
261737,A. Bedrane,Abdelkader Bedrane
261745,L. Günther,Lasse Günther
261753,K. Nagera,Kenny Nagera
261755,D. Reiziger,Daan Reiziger
261762,I. Hoffmann,Ian Jakob Hoffmann
261763,E. Bartlow,Ethan Bartlow
261765,M. García,Mario Valentín García Fernández
261766,A. Hountondji,Andreas Hountondji
261769,A. Quirós,Aarón Facundo Quirós
261771,M. Sahi,Moïse Orell Dion Sahi
261772,T. Arconte,Taïryk Arconte
261776,E. Llansana Beuse,Enric Llansana Beuse
261779,G. Santilli,Gino Santilli
261815,M. Bangré,Mamady Alex Bangré
261821,M. González,Richard Martín González Lemos
261822,C. Medina,Carlos Alejandro Medina Castillo
261861,J. Moylan,Jack Moylan
261865,Miguel Gutiérrez,Miguel Gutiérrez Ortega
261872,N. Al Saadi,Nawaf Amer Al Sadi
261874,J. Bauer,Josh Bauer
261875,P. Yazbek,Patrick Yazbek
261876,C. Noonan,Conan Noonan
261880,Juninho Rocha,Paulo Afonso da Rocha Júnior
261881,R. Al Bloushi,Rayan Darwish Muhammad Al Bloushi
261885,J. Guasone,Juan Cruz Guasone
261886,Bai Yang,Yang Bai
261887,Jiang Wenhao,Jiang Wenhao
261897,E. Khouri,Evan Marley Khouri
261899,Chen Keqiang,Chen Keqiang
261905,Niu Ziyi,Niu Ziyi
261907,Zhang Xiangshuo,Zhang Xiangshuo
261919,Cui Qi,Cui Qi
261921,Sun Qinhan,Sun Qinhan
261927,Xie Wenneng,Xie Wenneng
261928,Yu Jinyong,Yu Jinyong
261929,He Longhai,He Longhai
261931,Wei Minzhe,Wei Minzhe
261934,Li Xingxian,Li Xingxian
261941,Guo Jiayu,Guo Jiayu
261946,Ablahan Haliq,Ablahan Haliq
261947,Liu Zhurun,Liu Zhurun
261954,Yang Zihao,Zihao Yang
261956,Fang Hao,Fang Hao
261970,D. Soto,Diego Paolo Soto Vidarte
261987,Antonio Blanco,Antonio Blanco Conde
261988,S. Grehan,Seán Grehan
261989,E. Ancheta,Emiliano Ancheta Da Rosa
261991,A. Jašić,Adis Jašić
261992,W. Kokolo,William Joseph Gabriel Kokolo
261993,Álex Cardero,Alejandro Suárez Cardero
262005,D. Galjen,Dejan Galjen
262023,A. Amado,Rodrigo Agustín Amado Hernández
262024,N. Mehssatou,Nayel Rayan Mehssatou Sepúlveda
262025,A. Engwanda,Alonzo Tim Engwanda-Ongena
262026,N. De Wilde,Nils De Wilde
262027,T. Muharemović,Tarik Muharemović
262029,M. Sankoh,Mohamed Sankoh
262039,N. Velupillay,Nishan Matthew Velupillay
262042,M. Estève,Maxime Estève
262044,R. Howley,Ryan Oliver Howley
262045,W. Mikelbrencis,William Mikelbrencis
262047,S. Stalin,Sanjeev Stalin
262048,H. Ruivah,Hormipam Ruivah
262049,H. McHugh,Harry McHugh
262056,T. Sander,Theo Nicolini Sander
262057,F. Ovelar,Fernando Fabián Ovelar Martínez
262062,Metinho,Abemly Meto Silu
262070,Y. Kembo Diantela,Yann Kembo Diantela
262071,N. Ngoy,Nathan Ngoy
262072,J. Varane,Jonathan Varane
262076,E. Henriksson,Elmo Henriksson
262079,Z. Williams,Michael Issac Williams
262081,Álex Cantero,Alejandro Cantero Sánchez
262082,L. Cissé,Mohamed Lamine Cissé
262083,A. Martegani,Agustín Alberto Martegani
262087,D. Dodson,Derek Dodson
262088,H. Haraldsson,Hákon Arnar Haraldsson
262091,E. Darboe,Ebrima Darboe
262094,A. Jackson,Aziel Jackson
262099,K. Pierre,Kayden Leighton Hugh Pierre
262100,R. Balker,Radinio Roberto Balker
262102,R. Kluivert,Ruben Caine Kluivert
262105,J. Duranville,Julien Dienda M. Duranville
262109,A. Kalogeropoulos,Alexios Kalogeropoulos
262113,N. Zalewski,Nicola Zalewski
262117,B. Ezeh,Brooklyn Kevin Ezeh
262118,T. Livramento,Valentino Francisco Livramento
262119,B. Tomiak,Boris Tomiak
262133,B. Ilunga,Brooklyn Ilunga
262135,D. Wolfe,David Møller Wolfe
262137,H. Keïta,Habib Ali Keita
262138,C. Lukeba,Castello Junior Lukeba
262140,Carlos Domínguez,Carlos Domínguez Cáceres
262141,A. Calut,Alexandro Calut
262142,N. Romero,Fernando Nicolás Romero
262148,N. Garayalde,Nicolás Garayalde
262149,A. Ba,Abdoullah Ba
262150,R. Giampaoli,Renzo Giampaoli
262151,E. Fernández,Ignacio Ezequiél Agustín Fernández Carballo
262153,J. Beck,Julius Eskelund Beck
262156,H. Tebily,Hermann Tebily
262160,W. Faye,Wagane Faye
262170,F. Draper,Frederick Charles Draper
262171,E. Bove,Edoardo Bove
262173,R. Norheim,Runar Robinsønn Norheim
262175,M. Abbas,Mohammed Abbas Ahmed Abdulla Hasan Al Baloushi
262181,A. Meekison,Archie Meekison
262208,R. Baker-Whiting,Reed Vanarthur Baker-Whiting
262209,É. Dueñas,Érik Dueñas
262212,H. Matriciani,Henning Matriciani
262213,G. Haider,Gabriel Haider
262216,N. Persson,Noah Persson
262217,M. Winkler,Marten Winkler
262218,K. Fitz-Jim,Kian Fitz-Jim
262219,B. Meijer,Bjorn Thomas Meijer
262220,T. Blokzijl,Thijmen Blokzijl
262221,L. Valente,Luciano Valente
262222,T. de Jonge,Tika de Jonge
262224,E. Edh,Eskil Smidesang Edh
262227,D. Jebbison,Daniel David Jebbison
262236,A. Richardson,Michael Amir Junior Richardson
262237,A. Sangante,Arouna Sangante
262240,T. Galván,Tomás Ezequiel Galván
262242,S. Raebiger,Lars Sidney Raebiger
262251,K. Tobiasz,Kacper Tobiasz
262255,A. Bangura,Alex Bangura
262260,Sergio Guerrero,Sergio Guerrero Romero
262265,M. Epolo,Matthieu Luka Epolo
262267,R. Oratmangoen,Ragnar Anthonius Maria Oratmangoen
262268,Guilherme Soares,Guilherme Araújo Soares
262272,S. Abu Al Shamat,Saleh Waheeb Saeed Aboulshamat
262283,A. Rodríguez,Agustín Javier Rodríguez
262284,V. Poggi,Vicente Poggi Sassi
262286,M. Rodríguez,Martín Sebastián Rodríguez Prantl
262287,F. Al Azmi,Farhan Al Aazmi
262289,B. Old,Benjamin Craig Old
262290,A. Lloyd,Alfie David Lloyd
262295,I. Vekić,Igor Vekič
262297,J. Dirkner,Jonas Michel Dirkner
262298,M. Lotka,Marcel Laurenz Lotka
262299,Rubén Alves,Rubén González Alves
262300,I. Chaira,Ilyas Chaira Oihi
262311,B. van Rooij,Bart van Rooij
262314,J. Braut Brunes,Jonatan Braut Brunes
262316,M. Kosznovszky,Márk Kosznovszky
262322,N. Noll,Nahuel Nicolas Noll
262326,A. Papadopoulos,Antony Papadopoulos
262334,D. Proper,Dirk Wanner Proper
262335,E. Tavşan,Elayis Tavşan
262339,G. Luján,Gonzalo Luján Melli
262342,A. Roncaglia,Anthony Roncaglia
262344,J. Le Cardinal,Julien Le Cardinal
262349,F. Winther,Felix Vrede Winther
262358,H. Sharp,Harrison Sharp
262361,L. Cameron,Lyall Cameron
262362,J. Mulligan,Josh Mulligan
262363,M. Anderson,Max Anderson
262379,M. Halliday,Michael Anthony Halliday
262383,C. Cvetko,Christopher Brian Cvetko
262384,P. Greil,Patrick Greil
262394,S. Beukema,Sam Beukema
262396,J. Idzes,Jay Noah Idzes
262397,L. Brouwers,Luuk Brouwers
262398,Z. Eddahchouri,Zakaria Eddahchouri
262400,B. van Hoeven,Bradly van Hoeven
262402,Sergi Cardona,Sergi Cardona Bermúdez
262403,P. Rommens,Philippe Rommens
262404,F. Bacher,Felix Bacher
262411,Miguel Crespo,Miguel Crespo da Silva
262412,L. Rosier,Loreintz Rosier
262414,André Franco,André Filipe Russo Franco
262416,Chiquinho,Francisco Jorge Tavares Oliveira
262417,Daniel Figueira,Daniel Alexis Leite Figueira
262420,R. Popa,Dimitrie Robert Popa
262423,Aitor Córdoba,Aitor Córdoba Querejeta
262430,Kiko Bondoso,Francisco Miguel Ribeiro Tomé Tavares Bondoso
262434,H. Devenish-Meares,Harrison Stuart Devenish-Meares
262442,R. Negru,Radu Alexandru Negru
262443,D. Albu,Constantin Dragoș Albu
262447,A. Compagno,Andrea Compagno
262450,V. Pop,Vlad Marian Pop
262465,C. Ignat,Cristian Ignat
262470,Ș. Pănoiu,Ștefan Călin Pănoiu
262473,S. El Karouani,Souffian El Karouani
262474,C. Odenthal,Cas Odenthal
262479,Rubén Sánchez,Rubén Sánchez Sáez
262480,R. Ilie,Rareş Ilie
262483,Esteban Orozco,Esteban Orozco Fernández
262498,Álex Petxa,Álexander Petxarroman Eizagirre
262500,Olasagasti,Jon Ander Olasagasti Imizcoz
262501,Aldasoro,Aritz Aldasoro Sarriegi
262504,J. Blasco,Jérémy Damien Blasco
262510,Turrientes,Beñat Turrientes Imaz
262513,Karrikaburu,Jon Karrikaburu Jaimerena
262514,N. Muci,Nikolas Marcel Cristiano Muci
262516,J. Krumrey,Jonas Krumrey
262522,J. Bickerstaff,Jake David Bickerstaff
262523,M. Cleworth,Max George Cleworth
262525,L. McCowan,Luke McCowan
262530,A. Thomas,Andrew Delmos Thomas
262534,J. Lewald,Jakob Lewald
262537,S. Berger,Sofus Berger Brix
262538,Y. Bakiz,Younes Bakiz
262539,I. Said,Ibrahim Muhammad Said
262541,M. Søndergaard,Mads Søndergaard Clausen
262542,J. Sivi,Jeremy Kilongo Sivi
262551,S. Þórðarson,Stefán Teitur ThórdarsonStefán Teitur Þórðarson
262554,A. Al Hurabi,Abdulaziz Abdulrahman Abdulaziz Al Harabi
262556,M. Al Shammari,Mansour Al Rabei Al Shammari
262557,M. Caputo,Max Caputo
262558,A. Dahl,Anders Dahl
262559,B. Winterbottom,Benjamin Harry Winterbottom
262566,F. Zabala,Facundo Gabriel Zabala Diaz
262568,T. Crama,Tristan Crama
262569,R. Trevitt,Ryan Joseph Trevitt
262573,S. Gavriel,Stavros Gavriel
262575,A. Katsantonis,Andreas Katsantonis
262576,N. Koutsakos,Nicolas Koutsakos
262580,D. Nejašmić,Darko Nejašmić
262581,S. Jurić,Stanko Jurić
262583,T. Teklić,Tonio Teklić
262584,I. Dolček,Ivan Dolček
262585,S. Biuk,Stipe Biuk
262586,I. Brnić,Ivan Brnić
262587,M. Ljubičić,Marin Ljubičić
262588,A. Busch,Alexander Magnus Busch
262590,F. Carstensen,Frederik Carstensen
262591,L. Pinckert,Lukas Finn Pinckert
262593,M. Seiffert,Moritz Seiffert
262597,A. Malanda,Adilson Malanda
262604,K. Corredor,Killian Corredor
262607,K. Karataş,Kazımcan Karataş
262620,Serginho,Sérgio Antonio da Luiz Junior
262621,G. Mamardashvili,Giorgi Mamardashvili
262635,F. Pfanne,Franz Pfanne
262636,G. Cooper,Frank George Cooper
262642,Z. Amdouni,Mohamed Zeki Amdouni
262644,C. Makreckis,Čebrails Makreckis
262645,F. Christensen,Frederik Ørsøe Christensen
262648,A. Goodwin,Archie Stuart Wayne Goodwin
262651,T. Lonergan,Tom Lonergan
262652,L. Joseph,Lenny Joseph
262657,L. Stassin,Lucas Frédéric Stassin
262659,N. Atubolu,Noah Atubolu
262664,C. Kammerknecht,Claudio Matthias Kammerknecht
262665,K. Schmidt,Tan-Kenneth Jerico Leka-Schmidt
262666,P. Treu,Philipp Treu
262667,L. Herrmann,Luca Valentin Herrmann
262668,J. Makengo,Jordy Makengo Basambundu
262669,E. Leopold,Enzo Leopold
262671,S. Risch,Sascha Risch
262672,N. Weißhaupt,Noah Raphael Weißhaupt
262681,M. Kaput,Michał Kaput
262685,Leândro,Leândro Rossi Pereira
262691,M. Grzybek,Mateusz Grzybek
262699,A. Radwański,Adam Radwański
262704,Guilherme Garutti,Guilherme Gomes Garutti
262706,S. Vereș,Szilárd Vereș
262709,M. Bokele,Malcom Bokele Mputu
262713,L. Bennett,Liam Bennett
262714,M. Jobe,Mamadou Jobe
262717,A. Trică,Atanas Ioan Trică-Balaci
262718,F. Ravizzoli,Franco Nahuel Ravizzoli
262721,M. Hansen,Mads Kristian Hansen
262722,H. Bility,Hosine Bility
262723,V. Birksø,Valdemar Birksø Thorsen
262728,D. Paraschiv,Daniel George Paraschiv
262731,C. Taylor,Connor Taylor
262732,L. Nordås,Lasse Selvåg Nordås
262733,N. Wassberg,Niklas Jensen Wassberg
262738,M. Camara,Mamadou Camara
262740,M. Pašalić,Marco Pašalić
262744,M. Bouldini,Mohamed Bouldini
262745,N. El Aynaoui,Neil El Aynaoui
262748,A. Segečić,Adrian Segecic
262752,C. Calzadilla,Carlos Daniel Calzadilla Durán
262754,J. Niehues,Julian Niehues
262764,A. Dlugaiczyk,Alexander Dlugaiczyk
262768,M. Schleef,Marco Schleef
262772,T. Engelking,Torben Engelking
262776,F. Lakenmacher,Fynn-Luca Lakenmacher
262785,B. Young,Bradley Young
262788,M. Sivis,Maxime Sivis
262790,M. Deijl,Mats Deijl
262791,S. Jansen,Sven Jansen
262792,F. Strauss,Felix StraussFelix Strauß
262794,O. Sonne,Oliver Sonne Christensen
262800,M. Emreli,Mahir Mahir oğlu Emreli
262815,G. Kotsiras,Giannis Kotsiras
262822,G. Mitoglou,Gerasimos Mitoglou
262825,K. Knap,Karol Knap
262831,D. Orsi,Danilo Harley Orsi-Dadomo
262838,F. Higl,Felix Higl
262839,O. Wähling,Oliver John Wähling
262840,L. Kunze,Lukas Kunze
262842,M. Baturina,Martin Baturina
262848,S. Carey,Sonny Jack Carey
262856,M. Antoche,Marius Paul Antoche
262859,L. Colwill,Levi Lemar Samuel Colwill
262860,S. Kvia-Egeskog,Simen Kvia-Egeskog
262862,P. Loretz,Pascal David Loretz
262863,A. Nusa,Antonio Eromonsele Nordby Nusa
262865,F. Sanguinetti,Facundo Sanguinetti
262869,Guilherme Ramos,Guilherme Magro Pires Ramos
262880,R. Onyedika,Raphael Onyedika Nwadike
262881,R. Ríos,Richard Rios Montoya
262889,A. García MacNulty,Anselmo García MacNulty
262898,J. Ceka,Jason Ceka
262902,V. Šapina,Vinko Šapina
262903,J. Heuer,Jannis Heuer
262906,Y. Engelhardt,Yannik Engelhardt
262911,A. Damnjanovic Nilsson,Freddy Aleksander Damnjanovic Nilsson
262917,M. Dietz,Maximilian Solomon Dietz
262922,P. Tschernuth,Paul Tschernuth
262925,A. Zorgane,Adem Zorgane
262926,T. Sechelmann,Tim Sechelmann
262929,Vinicius Souza,Vinicius de Souza Costa
262930,D. Oyegoke,Daniel Oladele Akinbiyi Oyegoke
262931,T. Ernst,Tjark Ernst
262933,L. Görlich,Luis Görlich
262936,S. El-Faouzi,Soufiane El-Faouzi
262937,J. Tchatchoua,Jackson Tchatchoua
262938,S. Andreou,Stelios Andreou
262939,A. Schulz,Arne Schulz
262940,A. Konstantopoulos,Apostolos Konstantopoulos
262944,L. Jungwirth,Lukas Jungwirth
262946,P. Harres,Phil Harres
262954,Fabio Blanco,Fabio Blanco Gómez
262955,N. Wimmer,Nicolas Wimmer
262956,N. Vasilj,Nikola Vasilj
262959,Y. Jaeschke,Yannik Jaeschke
262962,A. Ementa,Anosike Victor Ementa
262968,A. Brown,Archibald Norman Brown
262978,T. Zimmerschied,Tom Zimmerschied
262981,L. Fiorini,Lewis Paul Fiorini
262984,K. Schumacher,Kevin Schumacher
262988,G. Gürpüz,Göktan Gürpüz
262989,H. Stone,Harry Stone
262998,Calegari,Lucas Felipe Calegari
263006,Imanol,Imanol García de Albéniz Crecente
263018,David Sousa,David Sousa Albino
263020,S. Güler,Semih Güler
263021,S. Akaydın,Samet Akaydın
263022,M. Rosenfelder,Maximilian Rosenfelder
263023,N. Sauter,Niklas Sauter
263024,M. Al Kunaydiri,Mohammed Raji Obaidullah Al Kunaydiri
263025,L. Kehl,Lars Kehl
263028,B. Okoh,Bryan Ikemefuna Okoh
263029,Ros,Juan Antonio Ros Martínez
263030,E. McLaughlin,Evan McLaughlin
263031,S. Fofana,Sékou Fofana
263032,V. Kovacević,Vladan Kovačević
263034,A. Krivotsyuk,Anton Viktoroviç Krivotsyuk
263036,I. Drapiński,Igor Drapiński
263041,A. Prass,Alexander Prass
263046,O. Strunz,Oliver Strunz
263049,P. Pomer,Philipp Pomer
263056,E. Sahiti,Emir Sahiti
263057,T. Silić,Toni Silić
263058,A. Rabeeh,Abdul Rabeeh
263061,K. Faber,Konrad Faber
263062,N. Reichmuth,Nils Ramiro Reichmuth
263063,J. Trafford,James Harrington Trafford
263065,F. Roggow,Franz Roggow
263068,L. Ennali,Lawrence Ennali
263075,J. Mansoni,Junior Marsoni Sambu Mansoni
263076,R. Wagner,Robert Wagner
263077,L. Breunig,Louis Breunig
263081,M. Faßbender,Morgan Faßbender
263089,F. Kleinhansl,Florian Kleinhansl
263092,P. Schermer,Paul Schermer
263098,K. Leavy,Kian Leavy
263099,M. de Wit,Mees De Wit
263101,K. Ehibhatiomhan,Kelvin Osemudiamen Ehibhatiomhan
263107,N. Kandil,Nordine Kandil
263110,I. Baldé,Ibrahima Baldé
263112,M. Senaya,Marvin Senaya
263114,M. Elimbi,Marvin Adolphe Fabrice Elimbi Gilbert
263115,J. Makama,Jovon Willesley Makama
263116,L. Rieß,Lasse Finn Rieß
263122,M. Guerrero,Maximiliano Gabriel Guerrero Peña
263130,M. Husković,Muharem Husković
263131,M. Martins,Marvin Martins Santos da Graça
263132,C. Keleş,Can Keleş
263133,Antoniu Roca,Antoniu Roca Vives
263135,L. Münst,Leonhard Luis Münst
263137,D. Skubl,David Franz Skubl
263138,L. Bolay,Luca Bolay
263139,D. Greif,Dominik Greif
263141,A. Ceza,Antonio Alejandro Ceza Gavilán
263147,A. Musi,Alexandru Marian Musi
263152,A. Hawsawi,Abdullah Ahmed Musa Al Hawsawi
263153,J. Gómez,Johan Arath Gómez Mendoza
263157,N. Djiga,Yacouba Nasser Djiga
263161,B. Al Sayali,Basil Yousef Al Sayyali
263163,K. Autonne,Kouame Autonne Kouadio
263168,T. Onyango,Tyler Jaden Napier Edward Onyango
263178,Oier Luengo,Oier Luengo Redondo
263180,T. Baribo,Tai Baribo
263182,Z. Al Johani,Ziyad Mubarak Al Johani
263186,H. Sjögrell,Herman Sjögrell
263192,E. Nevitt,Elliott Lloyd Nevitt
263193,E. Bitshiabu,El Chadaille Bitshiabu
263194,I. Gharbi,Ismaël Gharbi Álvarez
263204,M. Mansilla,Matías Lisandro Mansilla
263205,B. Yılmaz,Barış Alper Yılmaz
263207,Miguel Muñoz,Miguel Muñoz Fernández
263208,M. Ameyaw,Michael Ameyaw
263211,B. Adeeko,Babajide Ezekiel Adeeko
263214,S. Tickle,Samuel Lloyd Tickle
263224,V. Barretto,Vincy Barretto
263225,P. Garrido,Pedro Tomás Garrido Peña
263227,W. Swedberg,Williot Theo Swedberg
263228,Lenny Lobato,Lenny Ivo Lobato Romanelli
263229,M. Pellegrino,Mateo Pellegrino Casalanguila
263230,M. Osmajić,Milutin Osmajić
263233,B. Bolla,Bendegúz Bence Bolla
263237,T. Williams,Thomas Ivory Williams III
263244,B. Kłudka,Bartłomiej Kłudka
263245,T. Pieńko,Tomasz Pieńko
263247,D. Retamal,David Retamal
263249,S. Vrontis,Stylianos Vrontis
263250,T. Baldé,Thierno Baldé
263255,G. Frimpong,Godfried Ayesu Owusu Frimpong
263258,A. Trubeha,Andrzej Trubeha
263259,I. Bronkhorst,Ilias Bronkhorst
263262,K. Szcześniak,Kryspin Szcześniak
263268,Y. Cathline,Yoann Cathline
263271,A. Emakhu,Aidomo Emakhu
263272,P. Schulze,Philipp Schulze
263273,M. Beifus,Marcel Beifus
263275,B. Kayo,Bryang William Kayo
263279,O. Pohlmann,Ole Pohlmann
263283,M. Tvrdoň,Marián Tvrdoň
263287,I. Schranz,Ivan Schranz
263293,F. Pollock,Finlay Pollock
263294,A. Denholm,Aidan Denholm
263303,M. Król,Michał Król
263304,E. Fernandez,Emmanuel Oluwasegun Opeyemi Fernandez
263306,A. Dragu,Andrei Fernando Dragu
263307,N. Piwernetz,Nils Benedikt Piwernetz
263310,A. Suhonen,Anssi Tapio Suhonen
263312,Z. Sertdemir,Batuhan Zidan Sertdemir
263313,P. Mensah,Paul Mensah
263317,M. Łęgowski,Mateusz Łęgowski
263324,J. Snowdon,Joseph Leonard Snowdon
263329,T. Nixon,Thomas Nixon
263336,A. Akande,Adrian Moyosoreoluwa Ameer Akande
263339,C. Rushworth,Carl Andrew Rushworth
263343,N. Skyttä,Naatan Mikael Skyttä
263344,M. Riou,Matthis Riou
263347,T. Le Normand,Théo Le Normand
263353,E. Uhlmann,Eric Uhlmann
263361,G. Satsias,Giannis Satsias
263364,L. Walta,Leo Walta
263370,V. Barco,Valentín Barco
263371,T. Leigh,Tommy Leigh
263376,A. Al Hamadi,Ali Ibrahim Karim Ali Al Hamadi
263377,L. Abada,Liel Abada
263386,J. Kizzi,Joseph Mohamed Kizzi
263387,K. Kouassi,Kylian Prince-Emmanuel Tresor Kouassi
263389,M. Mimaroğlu,Metehan Mimaroğlu
263390,C. Doyle,Callum Craig Doyle
263393,Pablo Tomeo,Pablo Tomeo Félez
263396,Copete,José Manuel Arias Copete
263397,A. Minda,Alan Steve Minda García
263402,T. De Percin,Théo Franck Mathias De Percin
263403,M. Al Aqel,Mohammed Saleh Mohammed Al Aqel
263404,A. Nankishi,Abdenego N'Lola Nankishi
263411,J. Mullins,Jamie Mullins
263413,R. Šimić,Roko Šimić
263417,P. Joly,Paul Joly
263418,L. Varaldo,Lucas Ariel Varaldo
263421,L. Coulibaly,Lasso Coulibaly
263424,M. Viltard,Malcolm Lucien Viltard
263432,M. Ben Ouanes,Mortadha Ben Ouanes
263434,F. Mansilla,Zahir Facundo Mansilla
263437,I. Sosa,Ignacio Sosa Ospital
263439,Paulo Bernardo,Paulo Guilherme Gonçalves Bernardo
263444,N. Bischof,Noah Bischof
263453,R. Glover,Ryan Glover
263461,A. Démouchy,Albin Demouchy
263464,C. Lang,Christoph Lang
263465,J. Gaudin,Jules Gaudin
263468,Y. Kechta,Yassine Kechta
263469,M. Kaba,Mohamed Kaba
263474,F. Torres,Franco Ramón Torres
263486,T. Çukur,Tiago Süer Barbaros Çukur
263487,Shi Yan,Shi Yan
263496,I. Sakamoto,Issai Sakamoto
263502,F. Zapiola,Franco Zapiola Yamartino
263504,B. Leyes,Bruno Javier Leyes Sosa
263506,K. Čustović,Kevin Čustović
263509,K. Matuszewski,Konrad Matuszewski
263514,A. Kamara,Abdoulaye Kamara
263518,A. Sández,Gonzalo Agustín Sández
263522,J. Sarmiento,Jeremy Leonel Sarmiento Morante
263549,E. Utkus,Edgaras Utkus
263550,R. Capellini,Riccardo Capellini
263556,Rodrigo Guth,Rodrigo Guth
263558,T. Degreef,Tristan Degreef
263561,D. Murray,Dane Murray
263563,Saulo Mineiro,Saulo Rodrigues da Silva
263571,F. Ebosele,Festy Oseiwe Ebosele
263572,N. Nadje,Guédé Noah Nadje
263573,A. Al Dakhil,Ameen Al Dakhil
263575,C. Riedel,Clemens Riedel
263578,Balde,Alejandro Balde Martínez
263581,J. Rufidis,Julian Rufidis
263582,M. Peart-Harris,Myles Spencer Peart-Harris
263583,O. Ergün,Onur Ergün
263602,B. Nadir,Bilal Nadir
263603,O. Targhalline,Oussama Targhalline
263614,A. Llugiqi,Arian Llugiqi
263617,Beñat Prados,Beñat Prados Díaz
263619,V. Chambaere,Vic Dieter Chambaere
263620,R. Lavia,Roméo Lavia
263621,İ. Çelik,İzzet Çelik
263628,F. Álvarez,Fernando Antonio Álvarez Amador
263634,Gui Guedes,Guilherme Borges Guedes
263637,L. Hartjes,Lennard Hartjes
263640,A. Milambo,Antoni-Djibu Milambo
263642,A. Bordușanu,Antonio Alexandru Borduşanu
263647,G. Altare,Giorgio Altare
263648,J. Leake,Jake David Leake
263649,T. Oberdorf,Tim Christopher Oberdorf
263650,H. Wood,Harry Wood
263653,Miguel Maga,Miguel Ângelo Gomes Ferreira Magalhães
263654,D. De Neve,Dion De Neve
263655,R. Nyakossi,Roggerio Nyakossi
263657,Þ. Helgason,Thórir Jóhann HelgasonÞórir Jóhann Helgason
263658,B. Bjarnason,Brynjar Ingi Bjarnason
263670,Bernardo Vital,Bernardo Maria Morais Cardoso Vital
263672,E. Achouri,Mohamed Elias Achouri
263673,Andrew,Andrew da Silva Ventura
263674,L. Hawryluk,Lucien Hawryluk
263675,M. Alfarela,Migouel Alfarela
263676,Roberto,Roberto Fernández Jaén
263677,M. Diarra,Moussa Diarra
263678,T. Gardner-Hickman,Taylor Gardner-Hickman
263683,D. Farooq Bhat,Danish Farooq Bhat
263684,E. Ingram,Ethan John Ingram
263685,C. Taylor,Caleb Joaquin Taylor
263686,A. Mitchell,Alexander Paul Mitchell
263689,A. Lastra,Agustín Jesús Lastra
263693,V. Taborda,Vicente Taborda
263696,G. Vega,Gabriel Ramiro Vega
263701,O. Vargas,Obed Gómez Vargas
263702,S. Adeniran,Samuel Oluwabukunmi Adeniran
263703,H. Lawrence,Henry Michael Lawrence
263711,R. Huescas,Rodrigo Jhossel Huescas Hurtado
263718,F. Paradela,Federico Paradela
263721,P. Bravo,Pedro Antonio Bravo Landazuri
263724,Y. Çeltik,Yiğit Emre Çeltik
263725,Alberto,Alberto Rodríguez Martín
263733,N. Moro,Nasiru Moro
263734,Diogo Monteiro,Diogo Pinheiro Monteiro
263739,L. Macari,Lewis Jon Macari
263740,K. Hajrizi,Kreshnik Hajrizi
263745,C. Witzig,Christian Witzig
263748,A. Besio,Alessio Abilio Besio
263756,R. Márquez,Rodrigo Leonel Márquez De Meneses
263761,V. Lind,Victor Stange Lind
263763,S. Weirauch,Szymon Weirauch
263765,T. Bischof,Tom Bischof
263766,O. Al Othman,Othman Al Othman
263773,T. Beelen,Thomas Beelen
263775,Y. Salech,Yousef Salech
263778,K. Sezonienko,Kacper Sezonienko
263780,M. Ponath,Markus Ponath
263781,Vanderson,Vanderson de Oliveira Campos
263784,Rodrigues,Antônio Josenildo Rodrigues de Oliveira
263786,N. Pennington,Nicholas Pennington
263787,Victor Bobsin,Victor Bobsin Pereira
263789,Darlan,Darlan Pereira Mendes
263790,Léo Chú,Leonardo Alves Chú Franco
263796,M. Stickland,Michael George Stickland
263798,R. Roefs,Robin Roefs
263801,J. Tomlinson,Joseph William George Tomlinson
263804,Y. Konoplia,Yukhym Konoplya
263808,G. Sazdağı,Gökhan Sazdağı
263811,J. Woods,Josh Stanley Ronald Woods
263813,Luan Patrick,Luan Patrick Wiedthauper
263815,Abner Vinícius,Abner Vinícius da Silva Santos
263823,S. Mannsverk,Sivert Heggheim Mannsverk
263824,M. Al Juwair,Musab Fahd Al Juwayr
263825,A. Burlamaqui,Alessandro Burlamaqui Apaolaza
263828,Roger Fernandes,Roger Fernandes
263829,Vitinha,Vítor Manuel Carvalho Oliveira
263836,J. Orozco Chiquete,Jesús Gilberto Orozco Chiquete
263837,Miguel Puche,Miguel Puche García
263840,W. Jarvis,William Robert Jarvis
263841,P. Fahrner,Philip Fahrner
263844,N. Botić,Noah Vinko Botić
263845,Park Seung Wook,Seung-wook Park
263847,Wang Yu,Wang Yu
263851,A. Paulsen,Alexander Noah Paulsen
263853,J. Campbell,Josh Campbell
263854,J. Mendes,Josafat Wooding Mendes
263861,T. Goodrham,Tyler Charlie Goodrham
263867,A. Al Sanbi,Abdulrahman Salem Fadhel Al Sanbi
263874,M. Cvjetinović,Mladen Cvjetinović
263880,Agirrezabala,Julen Agirrezabala Astúlez
263881,M. Cissé,Moussa Cissé
263882,A. Fadera,Alieu Fadera
263883,J. Dubasin,Jonathan Dubasin
263884,S. Al Mousa,Saad Mohammed Misfer Al Mousa Al Qahtani
263887,J. Urbig,Jonas Kurt Urbig
263893,A. Sâyoud,Amir Sayoud
263895,K. Al Mhoass,Khaled Eid Mhawis Al Shammari
263897,Filipe Relvas,Filipe do Bem Relvas Vitó Oliveira
263901,E. Turns,Edward James Turns
263906,Z. Ashworth,Zachary Ashworth
263907,T. Cann,Ted Cann
263908,B. Locko,Bradley Locko Banzouzi
263914,E. Cashin,Eiran Joe Cashin
263918,L. Thompson,Liam Francis Thompson
263920,M. Ndiaye,Massamba N'Diaye
263922,M. Koné,Mohamed Koné
263923,D. Gutiérrez,Daniel Ademir Gutiérrez Rojas
263929,M. Cancellieri,Matteo Cancellieri
263931,D. Cashman,Danny Christopher Cashman
263938,I. Ogundere,Isaac Ogundere
263941,Chapela,Iván Chapela López
263947,Antony,Antony Alves Santos
263949,S. Fofana,Sadik Fofana
263950,O. Hammond,Oliver Jack Hammond
263951,F. Back,Finley Jude William Back
263953,S. Edozie,Samuel Ikechukwu Edozie
263955,B. Knight,Benjamin Leo Knight
263961,D. Khudyakov,Daniil Khudyakov
263967,N. Hansen,Nicholas Defreitas-Hansen
263968,K. Sow,Abdou Karim Sow
263970,R. Kalem,Robin Tristan Kalem
263975,K. Nmai,Kelly Harmani N'Mai
263976,O. Mosquera,Orlando Mosquera
263982,E. Adams,Eli Adams
263984,M. Berte,Mohamed Berte
263985,N. Rupp,Noah Manuel Rupp
263987,B. Brahimi,Bilal Brahimi
263990,E. Taylor,Ellis Taylor
264000,F. Bayır,Furkan Bayır
264001,O. Aydın,Oğuz Aydın
264004,A. Caicedo,Alfred Lenin Caicedo Mina
264009,Y. Gurfinkel,Yahav Gurfinkel
264010,J. Mvuka,Joel Mugisha Mvuka
264015,N. Al Hulayel,Nasser Al Hulayel
264022,Gonçalo Esteves,Gonçalo do Lago Pontes Esteves
264025,Jia Feifan,Jia Feifan
264029,Wang Yi,Wang YiDenny Wang
264033,N. Sow,Noé Sow
264035,J. Rak-Sakyi,Jesurun Rak-Sakyi
264039,L. Dobbin,Lewis Norman Dobbin
264044,M. Viti,Mattia Viti
264056,Liu Junxian,Liu Junxian
264057,J. Nieuwenhuizen,James Sigurd Nieuwenhuizen
264063,A. Badolato,Alexander Phillip Badolato
264065,A. Lopane,Alessandro Lopane
264066,S. Saatçı,Serdar Saatçı
264068,E. Cox,Ethan Anthony Robert Cox
264070,A. Popović,Alexandar Popović
264072,B. Oliveira,Bernardo Lancao Oliveira
264079,K. Diawara,Kandet Diawara
264085,D. Brekalo,David Brekalo
264088,K. Skjærstein,Knut André Søyland Skjærstein
264092,Alan Godoy,Alan Godoy Domínguez
264095,Hugo Sotelo,Hugo Sotelo Gómez
264103,Torrente,Raúl Torrente Navarro
264104,W. Goodwin,William Neil Goodwin
264110,Javi Llabrés,Javier Llabrés Exposito
264111,T. Jakobsen,Tobias Haahr Jakobsen
264115,D. Williams,Dylan Williams
264116,Iturbe,Alejandro Iturbe Encabo
264121,A. Tsoungui,Antef Tsoungui
264133,H. Valdimarsson,Hákon Rafn Valdimarsson
264137,O. Gene,Owen Gene
264139,M. Leonard,Marc Henry Leonard
264141,O. Offiah,Odeluga Joshua Offiah
264147,N. Palavecino,Jeremías Nicolás Palavecino
264157,J. Rosales,Joseph Yerimid Rosales Erazo
264159,Iker Benito,Iker Benito Sánchez
264160,Pablo Ibáñez,Pablo Ibáñez Lumbreras
264168,J. Oehmichen,Jonas Oehmichen
264170,Luis López,Luis Federico López Andúgar
264172,Carmona,José Ángel Carmona Navarro
264173,Iván Romero,Iván Romero de Ávila Araque
264174,Juanlu Sánchez,Juan Luis Sánchez Velasco
264175,Pedro Ortiz,Pedro Ortiz Bernat
264176,Kevin Medina,Kevin Villodres Medina
264179,Yayo,Pelayo González Rey
264180,A. Devine,Alfie Sean Devine
264188,T. Fukui,Taichi Fukui
264189,M. Paskotši,Maksim Paskotši
264191,G. Lagerbielke,Gustaf Johan Lagerbielke
264192,N. Moriah-Welsh,Nathan Daniel Moriah-Welsh
264194,J. Castrop,Jens Castrop
264195,Javi Martón,Javier Martón Ansó
264196,F. Seriki,Oluwafemi Ibrahim Seriki
264200,C. Humphreys,Cameron Humphreys
264201,A. Kadri,Abdelkahar Kadri
264203,R. Hamed,Rayan Hamed Hamidou
264205,N. Angulo,Nilson David Angulo Ramírez
264206,A. Bahusayn,Ahmed Saleh Bahusayn
264207,I. Koné,Ismaël Kenneth Jordan Koné
264208,N. Kruth,Noah Kruth
264209,L. Bogarde,Lamare Trenton Chansey Bogarde
264214,L. Bazzoli,Luca Juliano Bazzoli
264215,F. Michel,Falko Michel
264218,L. Ovando,Lautaro Nahuel Ovando
264219,E. Poku,Ernest Poku
264220,Y. Baas,Youri Baas
264221,A. Martha,Martha Ar'jany Jainel
264223,N. König,Noah König
264228,Naim García,Naim García García
264229,Diego García,Diego García Campos
264238,Diego López,Diego López Noguerol
264240,Gavi,Pablo Martín Páez Gavira
264245,K. Mizuta,Kaito Mizuta
264247,B. Bobzien,Ben Bobzien
264248,D. van der Kust,Djevencio Djovairo van der Kust
264251,D. Jurić,Deni Jurić
264255,J. Sraha,Jason Robert Sraha Osei
264257,T. Noslin,Tijjani Noslin
264269,A. Donnelly,Aaron Martin Donnelly
264270,Jorge Moreno,Jorge Moreno San Vidal
264272,O. Özçiçek,Ogün Özçiçek
264273,H. Skogvold,Henrik Langaas Skogvold
264277,M. Boukamir,Mehdi Boukamir
264280,Tiago Araújo,Tiago Filipe Alves Araújo
264284,R. Baniya,Rayyan Baniya
264286,Y. Özdemir,Yusuf Özdemir
264287,B. Bulut,Buluthan Bulut
264288,Alexandre Penetra,Alexandre Manuel Penetra Correia
264289,Geovani,Geovani Reis Nascimento Júnior
264290,Pablo Felipe,Pablo Felipe Pereira de Jesus
264293,H. Diarra,Mouhamadou Habib Diarra
264294,M. Løvik,Mathias Johan Fjørtoft Løvik
264295,N. Ødegård,Niklas Ødegård
264297,V. Egeli,Vetle Walle Egeli
264298,C. Bradley,Conor Bradley
264299,O. Beck,Owen Michael Beck
264300,E. Helgeland,Eivind Helgeland
264304,K. Kodisang,Kobamelo Kodisang
264305,J. Carragher,James Lee Carragher
264309,A. Güler,Arda Güler
264313,T. Schumacher,Till Sebastian Schumacher
264314,B. Gutiérrez,Bruno Giuliano Gutiérrez Vilches
264323,F. Peña Biafore,Felipe Peña Biafore
264324,Daniel Penha,Daniel dos Santos Penha
264325,M. Satriano,Martín Adrián Satriano Costa
264329,V. Solheim,Vegard Solheim
264330,C. Zafeiris,Christos Zafeiris
264334,D. Elerewe,Deji Elerewe
264337,Rodrigo Muniz,Rodrigo Muniz Carvalho
264340,K. Al Absi,Khalil Ibrahim Alabsi
264347,Medrano,Fernando Medrano Gastañaga
264348,S. Rahimi,Soufiane Rahimi
264349,J. McAtee,James John McAtee
264352,M. Hancock,Mason Colin Hancock
264353,B. Barcia,Mateo Baltasar Barcia Fernández
264362,P. Laldinpuia,Pachuau Laldinpuia
264364,D. Camara,Drissa Gui Camara
264365,I. Vázquez,Ignacio Vázquez
264366,J. Gaines,Julian Gaines
264367,K. Łopata,Kacper Mieczysław Łopata
264371,T. Fellows,Tom Allen Fellows
264372,N. Galazzi,Nicolas Galazzi
264377,L. Morgalla,Leandro-Noel Morgalla
264380,M. Sponsel,Meiko Sponsel
264388,Moleiro,Alberto Moleiro González
264390,J. Davis,Jacob Davis
264392,K. Zedadka,Karim Zedadka
264401,B. Meïté,Bamo Abdoul Meïté
264408,A. Guessand,Axel Thurel Sahuye Guessand
264409,F. Alidou,Faride Alidou
264411,S. Swinkels,Sil Laurentius Swinkels
264412,N. Meza,Nicolás Alonso Meza Muñoz
264416,M. Benita,Mimeirhel Obispo Benita
264418,J. Gorby,Jean-Baptiste Gorby
264421,T. Small,Thierry Small
264422,M. Abline,Matthis Abline
264423,T. Berdayes,Théo Berdayes Marques
264424,I. Filipović,Ivan Filipović
264431,F. Salomoni,Felipe Salomoni
264432,Abde,Abdessamad Ezzalzouli
264433,N. Palacio,Nelson Daniel Palacio Ruiz
264436,M. Ellertsson,Mikael Egill Ellertsson
264437,A. Mbengue,Amadou Salif Mbengue
264438,Gabri Martínez,Gabriel Martínez Aguilera
264440,Guille Bueno,Guillermo Bueno López
264441,A. Boakye,Augustine Boakye
264442,P. Strompf,Philipp Strompf
264445,J. Malcolm,Jovan Anthony Malcolm
264449,É. Youté Kinkoué,Etienne Ludovic Youté Kinkoué
264450,A. Marcus,Abraham Ayomide Marcus
264451,E. Vergani,Edoardo Vergani
264452,R. Meerveld,Ringo Meerveld
264453,M. van de Ven,Micky van de Ven
264458,A. Matuq,Abdullah Matuq Ahmed Saeed
264467,M. Çuni,Marvin Çuni
264477,D. Tait,Dylan Tait
264478,S. Cox,Sonny Cox
264480,S. Canestrelli,Simone Canestrelli
264485,O. Ülgün,Oğulcan Ülgün
264486,H. Mondal,Hira Mondal
264488,José Gomes,José Manuel Mendes Gomes
264489,Trilli,Álvaro Pérez Campo
264492,Yeremay,Yeremay Hernández Cubas
264493,Benny Couto,Bernardo Piexoto Couto
264499,H. Singh,Huidrom Naocha Singh
264500,R. Idowu,Roland Idowu
264501,I. Hamache,Ilyes Hamache
264502,M. Soulas,Maxime Henry Armand Soulas
264505,O. Dodgson,Owen Joel Dodgson
264506,J. Smith,Justin Smith
264507,F. Altamira,Facundo Alejandro Altamira
264509,J. Abankwah,James Bright Adusei Abankwah
264511,A. Murphy,Adam Murphy
264512,A. Camblan,Axel Camblan
264514,S. Curtis,Sam Curtis
264515,M. Divković,Marko Divković
264516,B. Hlongwane,Bongokuhle Hlongwane
264517,A. Wikman,Adam Oscar Magnus Wikman
264529,F. Schock,Florian Schock
264547,J. Riasco,José Alexander Riasco Brizuela
264554,N. Siri,Nicolás Hernán Siri Cagno
264561,J. Norris,James Barry Norris
264578,A. Max,Augusto Máx
264579,F. Potts,Freddie Potts
264580,D. Chesters,Daniel Peter Chesters
264581,J. Fevrier,Jayden Raymond Fevrier
264584,J. Markelo,Jahnoah Guevara Markelo
264588,L. Marquínez,Luis Miguel Marquinez Preciado
264589,L. Gechter,Linus Jasper Gechter
264597,Choo Sang Hun,Sang-hoon Choo
264599,M. Nemil,Muhammed Nemil Vailiyattil
264621,N. Bassette,Norman Jaquy Bassette Van Acker
264633,E. Sali,Enes Sali
264644,P. Lane,Patrick John Lane
264645,C. Slicker,Cieran Peter Slicker
264649,E. Džogović,Eldin Dzogovic
264652,B. Barcola,Bradley Barcola
264657,R. Halhal,Redouane Halhal
264661,J. George,Justin George
264662,G. Singh,Gurkirat Singh
264665,Magunazelaia,Jon Magunazelaia Argoitia
264677,C. Conn-Clarke,Christopher Seamus Michael Conn-Clarke
264681,J. Wilson-Esbrand,Joshua Darius Kamani Wilson-Esbrand
264683,R. Ciervo,Riccardo Ciervo
264692,D. Strelec,Dávid Strelec
264695,O. Denham,Oliver James Denham
264696,K. Keïta,Abdul Kader Keita
264697,M. Amoura,Mohamed El Amine Amoura
264699,K. Asllani,Kristjan Asllani
264701,A. Zakharyan,Arsen Zakharyan
264702,K. Takai,Kota Takai
264705,M. Mahmoud,Mohamed Belhadj Mahmoud
264711,F. Ferraro,Fabio Michel Ferraro
264718,J. Bejarano,Joel Bejarano Azogue
264721,H. Hore,Henry Hore
264728,A. Kaplan,Ahmetcan Kaplan
264731,A. Phillips,Ashley Phillips
264733,M. García,Manuel García
264734,G. Gent,Georgie Simon Gent
264736,Loïc Williams,Loïc Williams Ntambue Kayumba Gironés
264743,I. Dramé,Issiar Dramé
264745,O. Enersen,Ole Kristian Bergem Enersen
264746,H. Leonard,Harry Paul Leonard
264749,M. Madjed,Montader Madjed
264763,F. Chiarodia,Fabio Cristian Chiarodia
264764,C. Walsh,Conor Walsh
264770,J. Ortíz,Juan Carlos Ortíz
264775,V. Rodríguez,Vicente Bautista Rodríguez Cedeño
264785,T. Zoukrou,Tanguy Xavier Banhie Zoukrou
264786,D. Mazou-Sacko,Derek Mazou-Sacko
264788,S. Narayanan,Sivasakthi Narayanan
264790,A. Gabriel,Adam Gabriel
264792,I. Galván,Ignacio Galván
264796,J. Concha,Jairo Jair Concha Gonzales
264802,O. Gallagher,Oisín Jack Gallagher
264804,Dalisson,Dalisson de Almeida Leite
264817,E. Hadaya,Elias Hadaya
264820,F. Batista,Facundo Agustín Batista Ochoa
264821,Z. El Sheiwi,Ziad El Sheiwi
264822,C. Gammelgaard,Christian William Gammelgaard Grøndal
264823,A. Al Ayeri,Abdulmalik Ahmed Abdulaziz Al Oyayari
264825,I. Mohamed,Iyad Mohamed
264828,Kortajarena,Iker Kortajarena Canellada
264838,Nacho Martín,Ignacio Martín Gómez
264842,Calebe,Calebe Ferreira da Silva
264843,M. Dijksteel,Malik Marcel Dijksteel
264846,Mosquera,Cristhian Andrey Mosquera Ibarguen
264851,O. Mason,Owen Mason
264856,A. Tikvić,Antonio Tikvić
264862,M. Akliouche,Maghnes Akliouche
264863,H. Jurado,Heriberto de Jesús Jurado Flores
264867,A. Gattermayer,Angelo Gattermayer
264869,F. Lemaréchal,Félix Lemaréchal
264877,M. Oswald,Moritz Oswald
264880,L. Tchaouna,Loum Tchaouna
265179,A. Andresen,Aske Leth Andrésen
265185,M. Wels,Moritz Wels
265188,G. Scalvini,Giorgio Scalvini
265194,Iker Bravo,Iker Bravo Solanilla
265195,E. Jelert,Elias Jelert Kristensen
265197,A. Benarous,Ayman Omar Benarous
265198,E. Sihlaroglu,Efe Kaan Sihlaroğlu
265390,Y. Regeer,Youri Pieter Regeer
265396,Carlos Martín,Carlos Martín Domínguez
265405,Owono,Jesús Lázaro Owono Ngua Akeng
265407,M. Al Qahtani,Mohammed Hamad Al Qahtani
265412,H. Vale,Harvey James Vale
265418,H. Sohna,Harrison Sheriff Sohna
265422,J. Farrell,Jacob Brett Farrell
265425,M. Moormann,Martin Moormann
265431,E. Radaslavescu,Eduard Gabriel Radaslavescu
265437,Gabilondo,Jokin Gabilondo Garmendia
265446,J. Bolívar,José Vidal Bolívar Ormeño
265447,C. Torrejón,Claudio Fermín Torrejón Tineo
265450,J. Bakayoko,Saint-Cyr Johan Bakayoko
265454,L. Hnamte,Lalrinliana Hnamte
265457,S. Suresh,Sachin Suresh
265458,B. Varghese,Bijoy Varghese
265459,T. Morton,Tyler Scott Morton
265460,H. Tiwari,Hrithik Tiwari
265465,M. Maglica,Matej Maglica
265468,D. Taylor,Dale Taylor
265476,J. Rostaing,Jeremy Martín Rostaing Verástegui
265478,E. Viveros,Emiliano Sebastián Viveros Mereles
265484,D. Lembikisa,Dexter Joeng Woo Lembikisa
265486,L. Kåhed,Lucas Kåhed
265514,J. James,Jordan Anthony James
265518,O. Fraulo,Oscar Luigi Fraulo
265520,Unai Marrero,Unai Marrero Larrañaga
265521,Peru Rodríguez,Peru Rodríguez Larrañaga
265526,G. Restes,Guillaume Restes
265535,R. Meissen,Rick Meissen
265543,A. Pérez,José Agustín Pérez Siri
265544,T. Le Bris,Théo Le Bris
265545,B. Mouazan,Baptiste Mouazan
265548,M. Dackers,Marcus Matthias Dackers
265552,D. Ouattara,Dango Aboubacar Faissal Ouattara
265556,O. Barreto,Orlando Junior Barreto Viera
265560,Daniel Queipo,Daniel Queipo Menéndez
265561,Álex Oyón,Alejandro García Oyón
265573,C. Tripp,Callum Maximillian Tripp
265575,B. Faulkner,Bobby Faulkner
265576,L. Querfeld,Leopold Querfeld
265577,F. Asllani,Fisnik Asllani
265578,I. Akhomach,Ilias Akhomach Chakkour
265579,R. Vučić,Romeo Vučić
265580,D. Stalmach,Dariusz Stalmach
265581,H. Steele,Harrison James Steele
265596,S. Gale,Sam Rodin Gale
265597,J. Gbodé,Joseph Gbode
265600,R. Bardghji,Roony Bardghji
265601,J. Kudsk,Jeppe Kudsk Pedersen
265609,G. Enrique,Guillermo Nicolás Enrique
265610,R. Adé,Ricardo Adé
265617,B. Delgado,Bagner Samuel Delgado Loor
265626,M. Llontop,Mathías Daniel Llontop Díaz
265627,J. Rivera,José Daniel Rivera Martínez
265628,D. Riznyk,Dmytro Riznyk
265631,P. Kusztal,Patryk Kusztal
265636,C. Riquelme,Cristián Alonso Riquelme Piña
265637,Cho Jae Hun,Jae-hun Cho
265643,E. Krahn,Elijah Akwasi Krahn
265645,K. Abrefa,Kelvin Opoku Abrefa
265650,Saúl Coco,Saúl Basilio Coco Bassey Oubiña
265651,L. Calodat,Lucas Calodat
265658,E. King,Eli Josef King
265659,M. Singh,Manvir Singh
265671,Dani Tasende,Daniel Esmorís Tasende
265675,J. Camargo,Jesús David Camargo Villafañe
265680,J. Yendis,Jesús Natividad Yendis Gómez
265689,Y. Diaby,Yadaly Diaby
265693,J. Kiwior,Jakub Piotr Kiwior
265694,C. Sze,Christopher John Bernard Sze
265695,M. Soulé,Matías Soulé Malvano
265696,O. Rosengren,Otto Rosengren
265700,M. Conway,Maxwell Conway
265701,V. Sejk,Václav Sejk
265726,César Tárrega,César Tárrega Requeni
265728,N. Funez,Nazareno Manuel Funez
265731,Suleiman Camara,Suleiman Camara Sanneh
265732,Àlex Sala,Álex Sala Herrero
265733,D. Camara,Dawda Camara Sankharé
265734,W. Kumado,William Kumado
265735,Y. Agnero,Mel Yannick Joel Agnero
265738,R. Amane,Akoua Romeo Amane
265741,Z. Buurmeester,Zico Buurmeester
265747,R. Janse,Rijk Janse
265749,K. Topp,Keke Maximilian Topp
265750,F. Wienand,Felix Bernd Wienand
265754,D. Salifou,Dikeni-Rafid Salifou
265761,C. Volpato,Cristian Volpato
265762,F. Missori,Filippo Missori
265763,M. Braune,Maximilian Braune
265766,L. Boggio,Luciano Boggio Albín
265774,K. De Winter,Koni De Winter
265777,M. Burstow,Mason Paul James Burstow
265782,G. Saro,Gianluca Saro
265786,D. Enríquez,Diego Mauricio Enríquez Gutiérrez
265788,Z. Iqbal,Zidane Iqbal
265789,C. Savage,Charlie William Henry Savage
265793,L. Plange,Luke Elliot Plange
265797,Y. Furukawa,Yosuke Furukawa
265799,M. Olesen,Mathias Flaga Olesen
265800,Ferran Jutglà,Ferran Jutglà Blanch
265801,K. McAteer,Kasey Ian McAteer
265812,Dani Lorenzo,Daniel Lorenzo Guerrero
265822,E. Herrera,Ezequiel Ernesto Herrera Gómez
265826,J. Tomlinson,Joshua Geoffrey Tomlinson
265829,E. Weir,Evan Weir
265993,Welington,Welington Damascena Santos
265999,Wenderson,Wenderson Oliveira do Nascimento
266000,T. Gaal,Tom Gaal
266010,G. de Regt,Gyan de Regt
266011,T. Rossmann,Tim Rossmann
266012,S. Marino,Stefano Marino
266015,A. Eriksson,Anton Mikael Eriksson
266026,Manu Rico,Manuel Rico del Valle
266029,D. Stensson,Daniel Tom John Stensson
266031,Rubén Iranzo,Rubén Iranzo Lendínez
266032,J. Gittens,Jamie Jermaine Bynoe-Gittens
266033,D. Edelman,Daniel Ethan Edelman
266039,Pubill,Marc Pubill Pagés
266041,L. Koleosho,Luca Warrick Daeovie Koleosho
266049,A. Fatah,Amar Abdirahman Ahmed Fatah
266050,J. Ceesay,Jesper Ismaila Ceesay
266061,S. Kawasaki,Sota Kawasaki
266069,Gerard Yepes,Gerard Yepes Laut
266071,S. Maikuma,Seiya Maikuma
266074,S. Perkins,Sonny Tufail Perkins
266075,A. Tîrlea,Alexandru Mircea Țîrlea
266084,G. Mina,Glendys Carlos Mina Cortez
266095,C. O'Riordan,Connor Patrick O'Riordan
266096,Tomás Araújo,Tomás Lemos Araújo
266097,Geny Catamo,Geny Cipriano Catamo
266099,P. Pagis,Pablo Pagis
266100,Villahermosa,Daniel Villahermosa Martínez
266109,L. Wallner,Lukas Wallner
266110,T. Neugebauer,Tomasz Neugebauer
266113,N. Mäenpää,Niilo Mäenpää
266117,Javi Moreno,Javier Moreno Arrones Gil
266118,J. Gómez,Jonathan Germán Gómez Mendoza
266122,J. Tabiner,Joel William Tabiner
266123,O. Provstgaard,Oliver Provstgaard Nielsen
266125,A. Hoskonen,Arttu Hoskonen
266127,L. Hall,Lewis Kieran Hall
266136,Peter,Peter Federico González Carmona
266145,C. Wehbe,Charbel Anthuan Wehbe González
266148,C. Hollman,Corey John Hollman
266150,F. Surman,Finn Surman
266155,G. Hall,George Cardinal Joseph Hall
266158,Estanis Pedrola,Estanislau Pedrola Fortuny
266159,Arnau Comas,Arnau Comas Feixas
266160,Mika Mármol,Mika Mármol Medina
266161,G. Ríos,Gonzalo Alejandro Ríos
266162,L. Fridrikas,Lukas Fridrikas
266170,Dawhan,Dawhan Fran Urano da Purificação Oliveira
266171,J. Pintado,Juan de Dios Pintado Leines
266173,V. Larsson,Victor Larsson
266174,F. Winsth,Freddy Roland Winsth
266175,E. Bećirović,Edvin Bećirović
266176,O. Wallin,Björn Oscar Tiger Wallin
266180,M. Talovierov,Maksym Vadymovych Talovierov
266183,J. Njinmah,Justin Gideon Njinmah
266196,Park Seong Hun,Seong-hun Park
266197,Kim Shin Jin,Shin-jin Kim
266198,Park Jang Han Gyeol,Jang Han-gyeol Park
266208,D. Esapa Osong,Detlef Esapa Osong
266209,J. Hakiki,Jad Hakiki
266210,G. Molloy,Gavin Molloy
266218,S. Guerra,Saulo Henry Guerra Pérez
266235,L. Copado,Lucas Fernando Copado Schrobenhauser
266236,A. Ibrahimović,Arijon Ibrahimović
266237,P. Wanner,Paul Wanner
266245,N. Irankunda,Nestory Irankunda
266253,Fresneda,Iván Fresneda Corraliza
266256,A. Adams,Akor Jerome Adams
266257,E. İlkhan,Emirhan İlkhan
266260,J. Suzuki,Junnosuke Suzuki
266269,Eom Seung Min,Seung-min Um
266270,A. Ramsey,Aaron James Ramsey
266272,M. Adeline,Martin Gabriel Belaïd Adeline
266277,V. Bichakhchyan,Vahan Bichakhchyan
266282,K. Kahlina,Kristijan Kahlina
266299,F. Magri,Frank Mario Magri
266303,A. Abdulai,Azeem Kerr Abdulai
266304,G. Cittadini,Giorgio Cittadini
266308,L. Bursich,Lautaro Iván Bursich
266310,C. Zabala,Cristian Exequiel Zabala
266312,K. Matsuki,Kuryu Matsuki
266319,Lee Jun Ho,Joon-ho Lee
266323,Kim Joon Hong,Jun-hong Kim
266328,J. Connolly,James Alfred Connolly
266331,Hugo Álvarez,Hugo Álvarez Antúnez
266334,S. Rogers,Samual Jarard Rogers
266335,L. Petrasso,Luca Allan Petrasso
266337,V. Eriksson,Victor Eriksson
266343,F. Suárez,Facundo Ezequiel Suárez
266362,Cho Seong Been,Seong-been Cho
266363,Yeo Seung Won,Seung Won Yeo
266373,B. Bender,Benjamin Bender
266374,M. Ryneš,Matěj Ryneš
266375,O. Bouda,Ousseni Bouda
266382,R. Celentano,Roman Marcello Celentano
266386,J. Cedeño,Henrys Junior Alcalá Cedeño
266389,P. Schulte,Patrick Timothy Schulte
266390,S. Zawadzki,Sean Zawadzki
266394,Kim Jeong Hyun,Jeong-hyun Kim
266395,P. Otele,Philip Porwei Otele
266400,T. Hume,Trai Hume
266417,D. van der Haar,Damian van der Haar
266422,C. Jander,Caspar Jander
266424,Z. Johnson,Zak Robert Johnson
266430,O. Uddenäs,Fredrik Oscar Olle Uddenäs
266433,A. Kade,Anton Kade
266436,Javi Guerra,Javier Guerra Moreno
266437,D. Keramitsis,Dimitrios Keramitsis
266438,N. Koulis,Niko Koulis
266446,M. Baur,Mika Baur
266448,A. van Axel Dongen,Amourricho Jahvairo Déshauntino van Axel Dongen
266453,Gonçalo Borges,Gonçalo Óscar Albuquerque Borges
266461,João Mendes,João Miguel Teixeira Mendes
266462,F. Bassey,Fortune Akpan Bassey
266467,J. Seelt,Jenson Seelt
266474,C. Çanak,Cihan Çanak
266486,M. Douane,Maïdine Douane
266496,Min Gyeong Hyeon,Kyeong-hyeon Min
266500,J. Rowe,Jonathan David Henry Rowe
266501,B. Pierret,Balthazar Jean Philippe Marie Pierret
266502,Z. Lovelace,Zakariya Lovelace
266507,A. Alvarado,Alejandro Alvarado Jr.
266517,K. Gadellaa,Kevin Gadellaa
266518,N. Tsakiris,Nikolas Diego Tsakiris
266528,G. McConnell,Felipe Glenn Nascimento McConnell
266539,Hwang In Taek,In-taek Hwang
266541,Yu Je Ho,Je-ho Yu
266543,A. Ahoussou,Kouadio Guy Ange Ahoussou
266552,G. Nyheim,Gustav Kjølstad Nyheim
266554,M. Di Benedetto,Matías Ezequiel Di Benedetto Mazzei
266564,N. Stevanović,Nikola Stevanović
266567,V. Musliu,Visar Musliu
266577,J. Golding,James Golding
266585,D. Mosquera,Daniel Fernando Mosquera Bonilla
266586,L. Mafouta,Louis Mafouta
266596,J. Fazzini,Jacopo Fazzini
266605,C. Wiley,Caleb Ryan Wiley
266606,D. Eid,Daniel Fritz Eid
266609,T. Iroegbunam,Timothy Emeka Iroegbunam
266610,J. Orozco,Jaziel Alberto Orozco Landeros
266615,D. Kerr,Deandre Christopher Kerr
266616,Y. Sor,Yira Collins Sor
266618,F. Wustinger,Florian Wustinger
266623,L. Chipperfield,Liam Scott Chipperfield
266624,T. Allende,Tadeo Allende
266629,S. Klein,Samuel Klein
266632,L. Liș,Marian Laurențiu Liș
266636,A. Obert,Adam Obert
266641,F. Feller,Frank Feller
266648,G. Carneiro,Gonzalo Rodrigo Carneiro Méndez
266649,N. Verdoni,Nando Verdoni
266651,D. Vukojević,Dijan Vukojevic
266653,B. Pereira,Brayann Leanceley Christva Pereira
266654,A. Sidibe,Alassane Sidibe
266655,T. De Nipoti,Tommaso De Nipoti
266659,J. Taaje,Jesper Taaje
266660,Óscar Rivas,Óscar Rivas Viondi
266667,M. Alonso,Mauricio Sebastián Alonso Pereda
266668,L. Loor,Layan Manuel Loor Requelme
266669,E. Clavijo,Daniel Emiliano Clavijo Romero
266673,Ó. Cortés,Oscar Manuel Cortés Cortés
266676,M. Ylitolva,Miska Ylitolva
266681,M. Delorge,Mathias Delorge Knieper
266682,W. Sands,William Franklin Sands
266685,L. Jaquez,Luca Antony Jaquez
266686,N. Buck,Noel Arthur Coleman Buck
266688,E. Destan,Enis Destan
266692,A. Oroz,Alexander Antonio Oroz Huerta
266699,L. Zárate,Luis Felipe Zárate Cardozo
266709,J. McKiernan,John Joshua McKiernan
266717,L. MacNaughton,Lukas MacNaughton
266718,K. Nassiri,Kiyan Nassiri Giri
266720,R. Shabong,Ricky John Shabong
266721,A. Suryavanshi,Abhishek Dhananjay Suryavanshi
266722,N. Rossen,Nils Rossen
266725,F. Londoño,Flabián Londoño Bedoya
266728,D. Bîrligea,George Daniel Bîrligea
266731,M. Bjørlo,Morten Bjørlo
266734,M. Tzionis,Marinos Tzionis
266736,B. Esselink,Bert Johan Esselink
266740,E. Alagich,Ethan Maya Alagich
266750,Roh Hee Dong,Hee-dong Roh
266751,H. Jung,Ho-yeon Jung
266755,V. Dubinchak,Vladyslav Dubinchak
266756,A. Lowry,Alexander lowry
266762,S. Jaurena,Sebastián Jonathan Jaurena
266763,E. Dall,Eskild Munk Dall
266774,Bae Jun Ho,Jun-ho Bae
266775,Park Jong Hyun,Jong Hyun Park
266786,Jeon Yong Jun,Yong-jun Jeon
266788,Lee Won Woo,Won-woo Lee
266789,Hwang Jae Won,Jae-won Hwang
266790,Park Jae Hyun,Jae-hyun Park
266792,V. Dican,Victor Robert Dican
266794,T. Altıkardeş,Taha Altıkardeş
266797,G. Álvarez,Pedro Gastón Álvarez Sosa
266803,R. Sava,Răzvan Sergiu Sava
266805,L. Bartlett,Lucas Allen Bartlett
266815,B. Gannon-Doak,Ben Gannon Doak
266827,I. Fletcher,Isaac Andrew Fletcher
266828,C. Kavanagh,Calum Graham Kavanagh
266831,I. Sebaoui,Ilias Sebaoui
266833,S. Al Harthi,Saleh Mussad Mubarak Al Harthi
266838,A. Alonso,Antony Daniel Alonso Espinoza
266842,N. Broome,Nathan Lee Broome
266844,L. Lozano,Leandro Nicolás Lozano Fernández
266848,O. Ngom,Oumar Ngom
266852,T. Ku-DiPietro,Theodore Ku-DiPietro
266858,J. Jeno,Jekob Abiezer Malacki Jeno
266866,Éderson,Éderson José dos Santos Lourenço da Silva
266867,I. Tapia,Iván Alejo Tapia
266871,L. Warrington,Lewis Wesley Warrington
266872,F. Gatti,Federico Gatti
266873,F. Burns,Finley Jack Burns
266875,J. Bakke,Johan Johanessen Bakke
266886,L. Tolaj,Lorent Tolaj
266889,N. Cervantes,Noa Cervantes
266890,Pedro Ganchas,Pedro Luís Machado Ganchas
266891,M. Lazetić,Marko Lazetić
266895,N. Tresoldi,Nicolò Tresoldi
266897,J. Olaitan,Junior Olaitan Ishola
266898,L. Etoga,Cyrille Loïc Onana Etoga
266905,Henrique Araújo,Henrique Pereira Araújo
266906,S. Ostrzinski,Silas Ostrzinski
266927,F. Ihler,Frederik Dahl Ihler
267392,S. Medina,Sebastián Luciano Emanuel Medina
267397,J. Hernández,José Manuel Hernández Chávez
267402,Choi Ye Hoon,Ye-hoon Choi
267406,M. Silvera,Maximiliano Joaquín Silvera Cabo
267409,R. Saravia,Rodrigo Agustín Saravia Salvia
267410,J. Pignani,Juan Pablo Pignani
267412,R. Örqvist,Dennis Anders Rasmus Örqvist
267419,D. Duffy,Dylan Duffy
267424,N. Asiri,Naif Mohammed Marwai Al Fulaytah Asiri
267425,A. Nolan,Alex Nolan
267426,D. Karlsbakk,Daniel Seland Karlsbakk
267430,N. Deossa,Nelson Alexander Deossa Suárez
267433,Moon Hyun Ho,Hyeon-ho Moon
267446,D. Kasius,Denso Kasius
267460,J. Nickisch,Jonas Nickisch
267465,A. Salama,Amine Salama
267467,T. Ismaheel,Taofeek Ajibade Ismaheel
267473,S. Nwankwo,Silas Nwankwo
267476,T. Adaramola,Omotayo Daniel Adaramola
267480,J. González,Juan Ignacio González Quiroga
267481,F. Bruera,Facundo Bruera
267485,L. Blum,Lewin Blum
267486,A. Hunziker,Andrin Hunziker
267491,F. Román,Fernando José Román Torales
267568,J. O'Neil,Jairo Sebastián O'Neil López
267573,L. Sánchez,Luciano Federico Sánchez
267577,Juanpe Gil,Juan Pedro Gil Bueno
267593,D. Fila,Daniel Fila
267594,D. Jurásek,David Jurásek
267599,P. Beach,Patrick Thomas Beach
267602,G. Benedetti,Gastón Benedetti Taffarel
267607,F. Castañeda,Frank Andersson Castañeda Vélez
267624,S. Cisse,Seydouba Cissé
267625,D. Zalazar,David Leonel Zalazar
267626,M. Galarza,Matías Alejandro Galarza
267627,F. Díaz,Franco Martín Díaz
267628,K. Pereira,Kevin Tadeo Pereira Leguizamón
267632,L. Pászka,Lóránd Pászka
267633,Luís Esteves,Luís André Leite Esteves
267636,C. dos Santos,Carlos Joaquim Antunes dos Santos
267637,L. Gueho,Loup Diwan Gueho
267680,A. Fatawu,Issahaku Abdul Fatawu
267681,N. Valentini,Nicolás Valentini
267684,N. Hagen,Nicholas George Hagen Godoy
267685,K. Eriksen,Kristian Eriksen
267690,V. Skjærvik,Vetle Skjærvik
267694,H. Opsahl,Halvor Rødølen Opsahl
267698,S. Figueredo,Sebastián María Figueredo Vilar del Valle
267702,K. Doumbia,Kamory Doumbia
267717,Manu Lama,Manuel Lama Maroto
267720,M. Suchomel,Martin Suchomel
267736,L. Healy,Lorcan Healy
267739,T. Donaghy,Thomas Donaghy
267744,Z. Obiero,Zechariah Nahum Obiero
267752,Park Kyu Min,Kyu-min Park
267761,M. Sulzner,Marco Alessandro Sulzner
267768,C. Whelan,Colm Whelan
267771,E. Caffrey,Evan Caffrey
267778,Leonardo Buta,Leonardo Daniel Ulineia Buta
267782,B. Conté,Bambasé Conté
267783,A. Simmelhack,Alexander Illum Simmelhack
267784,I. Leguizamón,Iván Ezequiel Leguizamón
267787,AJ Marcucci,Anthony Marcucci Jr.
267790,O. Ågren,Oskar Ågren
267795,T. Silva,Tomás Ariel Silva
267796,S. Ngoma,Serge Patrick Ngoma Jr.
267800,J. Milne,Jack Milne
267801,R. Sailor,Ryan Sailor
267825,Tiago Orobó,Tiago Pereira da Silva
267827,R. Azybi,Raed Hussain Mohammed Ozaybi
267831,B. Bentaberry,Bryan Daniel Bentaberry Varela
267844,Kim Ji Soo,Ji-soo Kim
267847,K. Thompson,Kosi Trevor David Thompson
267849,T. O'Reilly,Tommi Dylan Brooklyn O'Reilly
267853,M. González,David González
267860,V. Gómez,Diego Valentín Gómez
267861,S. Castro,Santiago Tomás Castro
267862,N. Veratschnig,Nikolas Konrad Veratschnig
267866,J. Fernández,Julián Fernández
267867,Wanya Marçal,Wanya Marçal Madivádua
267868,S. Braybrooke,Samuel Charles Braybrooke
267869,N. Markanich,Nicholas Markanich
267872,N. Allen,Noah James Allen
267873,K. Arriaga,Kervin Fabián Arriaga Villanueva
267874,G. Marks,George Marks
267881,S. Kitano,Sota Kitano
267883,J. Ryan,John Patrick Ryan
267888,C. Sosa,Carlos José Sosa Moreno
267894,J. Solís,Jhon Elmer Solís Romero
267899,G. Vidović,Gabriel Vidović
267900,M. Luciano,Martín Abel Luciano
267902,D. Glaby,Dylan Emanuel Glaby
267905,B. Yıldırım,Bertuğ Özgür Yıldırım
267920,A. Freeman,Alexander Michael Freeman
267929,V. Adamo,Valentín Nicolás Adamo Reyes
267931,C. Pérez,César Ignacio Pérez Maldonado
267941,D. Kanu,Daniel Kanu
267942,T. Campbell,Tyreece Anthony Tupac Shakur Campbell
267946,Lim Jun Sub,Joon-seob Im
267947,Han Jong Mu,Jong-mu Han
267958,Tomás Mendes,Tomás Alage Mendes Mendes
267960,Andrés Castrín,Andrés López Gallo
267973,E. Bardeli,Enzo Bardeli
267974,M. Meerdink,Mexx Meerdink
267976,Pablo Torre,Pablo Torre Carral
267987,I. Maestro Puch,Ignacio Daniel Maestro Puch
267989,Á. Vaca,Angel Vaca Pesoa
267991,M. Perrone,Máximo Perrone
267993,N. Grigoryan,Narek Grigoryan
267994,S. Abramowicz,Sławomir Abramowicz
267995,J. Ragen,Jackson Ragen
268007,D. Romero,Daykol Alejandro Romero Padilla
268009,K. O'Toole,Kevin O'Toole
268010,B. Medina,Brayan Stiven Medina Hurtado
268065,F. Etim,Friday Ubi Etim
268067,C. Ravych,Christiaan Ravych
268068,X. Martlé,Xander Robert Martlé
268069,B. Langenbick,Bas Langenbick
268074,M. Gianoli,Martín Germán Gianoli Abellán
268075,L. Correa,Lucas Leonel Correa Sebben
268081,S. Trimboli,Simone Trimboli
268082,L. Noubi,Lucas Dominique Noubi Ngnokam
268083,A. Osorio,Abiel Alessio Osorio
268095,R. Shein,Rocco Robert Shein
268098,P. Baráth,Péter Baráth
268099,P. Szappanos,Péter Szappanos
268102,S. Negru,Stephen Negru
268106,M. Dekker,Maxim Dekker
268108,D. Baron,Dirk Jan Baron
268116,T. Rothe,Tom Alexander Rothe
268128,D. Sîrbu,Dan Sîrbu
268130,I. Murphy,Ian Murphy
268131,C. Egan-Riley,Conrad Jaden Egan-Riley
268259,N. Weiper,Nelson Felix Patrick Weiper
268267,D. Kyerewaa,Daniel Kankam Kyerewaa
268273,T. Klidje,Thibault Klidjé
268275,Miguel Sousa,Miguel Ferreira de Sousa
268277,M. Thomson,Miller Thomson
268283,A. Velasco,Andy René Velasco García
268286,Rodrigo Henrique,Rodrigo Henrique Santana da Silva
268291,A. Zambrano,Arnaldo Andrés Zambrano Parraga
268300,K. Kelsy,Kevin Jesús Kelsy Genez
268306,C. Congreve,Cameron Congreve
268312,S. Kumbedi,Saël Kumbedi Nseke
268313,Zeca,Jose Joaquim de Carvalho
268330,A. Ojeda,Axel Agustín Ojeda
268331,L. Gagnidze,Luka Gagnidze
268338,S. Williams,Samuel Rowan Williams
268342,Park Cheol Woo,Cheol-woo Park
268375,F. Sjøvold,Fredrik Sjøvold
268394,T. Gillier,Thomas Clemente Philippe Gillier Correa
268395,V. Kochergin,Vladyslav Kochergin
268396,D. Pizarro,Damián Nicolás Pizarro Huenuqueo
268401,F. Loftesnes-Bjune,Filip Loftesnes-Bjune
268402,D. Gjengaar,Dennis Gjengaar
268411,Vinícius Tobías,Vinicius Augusto Tobias da Silva
268413,M. Ree,Magnus Rugland Ree
268414,W. Kambwala,Willy Kambwala Ndengushi
268416,B. Tapp,Bradley Anthony Tapp
268420,Bak Jae Yong,Jae-yong Park
268421,M. Tel,Mathys Henri Tel
268428,M. Backhaus,Mio Backhaus
268429,D. Kubatta,David Kubatta
268430,O. Mhamdi,Oualid Mhamdi
268431,R. Dejesús,Ronaldo De Jesús López
268433,K. Franklin,Kobe Lloyd Franklin
268434,J. Hugill,Joseph Brennen Hugill
268435,C. McNeill,Charlie Martin McNeill
268436,I. Hansen-Aarøen,Isak Hansen-Aarøen
268437,O. Forson,Omari Nathan Forson
268438,A. Garnacho,Alejandro Garnacho Ferreyra
268439,T. Collyer,Tobias Christopher Collyer
268440,L. Sy,Lamine Sy
268441,L. Pye,Logan Pye
268443,D. Gore,Daniel Gore
268444,E. Ennis,Ethan Ennis
268449,T. Jansink,Timo Jansink
268450,S. Scheperman,Sem Scheperman
268452,G. David,Gabriel Eugen David
268460,G. Kuol,Garang Mawien Kuol
268462,D. Boloca,Daniel Boloca
268464,G. Charpentier,Gabriel André Joseph Charpentier
268466,S. Kalaj,Sergio Kalaj
268468,A. Barišić,Leon Adrian Barišić
268474,L. Lucca,Lorenzo Lucca
268483,P. Judd,Preston Judd
268484,B. Mansilla,Brian Nicolás Mansilla Islas
268498,L. Willen,Lukas Willen
268503,A. Beck,Asker Beck Jensen
268504,A. Daghim,Adam Daghim
268506,J. Andersen,Jacob Andersen
268508,J. Caicedo,Jordy Josué Caicedo Medina
268511,W. Cheddira,Walid Cheddira
268519,A. Abid,Adnane Abid
268527,G. Aguilar,Gustavo Ángel Aguilar Encina
268529,S. Forde,Shaqai Tyreece Steven Forde
268530,J. Morris,James William Morris
268533,M. Hanraths,Mika Timothy Hanraths
268534,A. Diouf,Andy Alune Diouf
268536,J. Eitschberger,Julian Eitschberger
268540,L. Billington,Lewis Carl Billington
268544,M. Cooper,Murphy Joseph Mahoney Cooper
268550,J. Feeney,Joshua Feeney
268558,T. Palacios,Tiago Tomás Palacios
268561,B. Ghalidi,Brahim Ghalidi
268573,F. Baschirotto,Federico Baschirotto
268576,M. Collocolo,Michele Collocolo
268581,S. Toloza,Santiago Federico Toloza
268583,F. Marschall,Filip Marschall
268597,J. Erabi,Jusef Erabi
268606,F. Issaka,Frederick Habib Yampabu Issaka
268610,G. Flores,Gilberto Ivan Flores Melgarejo
268611,J. Ordoñez,Joel Leandro Ordóñez Guerrero
268618,L. Audoor,Lynnt Audoor
268619,L. Brey,Leandro Leonel Brey
268620,J. Pombo,Joaquín Pombo Streinberger
268621,G. Hernández,Gastón Alan Hernández
268622,J. Belocian,Jeanuël Belocian
268623,M. Bignetti,Matteo Bignetti
268629,S. Waller,Sam William John Waller
268630,I. Price,Isaac Jude Price
268631,H. Tyrer,Harry Alfred Tyrer
268633,C. Whitaker,Charlie Jay Whitaker
268651,Y. Karademir,Yiğit Karademir
268652,K. Wiethaup,Kevin Wiethaup
268656,A. Zanoli,Alessandro Zanoli
268672,A. Cagnano,Andrea Cagnano
268674,A. Gabrielloni,Alessandro Gabrielloni
268678,T. Taşçı,Muhammet Tunahan Taşçı
268683,M. Folorunsho,Michael Ijemuan Folorunsho
268685,J. Hopkins,Jackson Paul Lee Hopkins
268697,H. El Kaouakibi,Hamza El Kaouakibi
268703,N. Cambiaghi,Nicolò Cambiaghi
268704,D. Mensah,Davis Mensah
268710,K. Vargas,Kenneth Gerardo Vargas Vargas
268715,A. Martínez,Adrián Alonso Martínez Batista
268719,B. Aguilera,Brandon Aguilera Zamora
268724,K. Vaesen,Kyan Vaesen
268725,J. Bernát,Ján Bernát
268727,M. Jonathans,Miliano Jonathans
268728,A. Salah-Eddine,Anass Salah-Eddine
268729,F. Goure,Bi Irié Fernand Gouré
268732,M. Seoane,Mateo Seoane
268737,S. Nypan,Sverre Halseth Nypan
268738,M. Broholm,Marius Sivertsen Broholm
268740,D. Bassi,Daniel Joshua Bassi Jakobsen
268747,L. Wollschläger,Luca Wollschläger
268749,B. Aguilar,Brian Mauricio Aguilar Caraballo
268751,I. Koutsoupias,Ilias Koutsoupias
268753,F. Tait,Fabian Tait
268754,G. Zaro,Giovanni Zaro
268755,S. Davi,Simone Davì
268756,D. Casiraghi,Daniele Casiraghi
268758,M. Rover,Matteo Rover
268759,R. Odogwu,Raphael Chidi Odogwu
268760,F. Galuppini,Francesco Galuppini
268762,M. Curto,Marco Curto
268763,E. Nuamah,Ernest Nuamah Appiah
268771,B. Khoukhi,Boualem Khoukhi
268772,A. Ali,Almoez Ali Zainalabedeen Mohamed Abdulla
268776,H. Ahmed,Homam Al Amin Mohamed Ahmed
268778,K. Boudiaf,Karim Boudiaf
268780,M. Muntari,Mohammed Muntari
268781,Pedro Miguel,Pedro Miguel Carvalho Deus Correia
268782,B. Al Rawi,Bassam Hisham Ali Al Rawi
268783,M. Barsham,Meshaal Aissa Mohammed Barsham
268787,K. Olaigbe,Kazeem Aderemi Olaigbe
268790,G. Piccinini,Gabriele Piccinini
268802,F. Miretti,Fabio Miretti
268803,T. van Gilst,Tristan van Gilst
268804,Mario Gila,Mario Gila Fuentes
268805,D. Jean Jacques,Danley Jean Jacques
268820,M. Smit,Milan Smit
268837,Rodrigo Ribeiro,Rodrigo Duarte Ribeiro
268839,O. Wright,Ollie Wright
268860,P. Peda,Patryk Peda
268864,Y. Jabrane,Yahya Jabrane
268866,Y. Attiat-Allah,Yahia Attiyat Allah
268868,Tiago Gouveia,Tiago Maria Antunes Gouveia
268874,B. Ortega,Bryant Jesús Ortega Carmona
268875,S. Pizzignacco,Semuel Pizzignacco
268877,Y. Abdurisag,Yusuf Abdurisag
268879,A. Fathi,Ahmed Fathi Mansi Abdoulla
268886,B. Ihionvien,Bradley Ihionvien
268888,J. Cotterill,Joel Allen Cotterill
268889,Álvaro Carreras,Álvaro Fernández Carreras
268894,T. Sparrow,Thomas Lance Sparrow
268895,Kang Sang Yoon,Sang-yun Kang
268896,H. Larsson,Hugo Emanuel Larsson
268897,M. Zilli,Massimo Zilli
268903,R. Mundle,Romaine Lee Mundle
268904,K. Cesay,Kallum Cesay
268907,A. Müjde,Atakan Müjde
268909,T. Springett,Tony Gary Springett
268912,M. Turk,Martin Turk
268913,A. Circati,Alessandro Circati
268915,Tian Yuda,Tian Yuda
268916,M. Krattenmacher,Maurice Krattenmacher
268917,Moxmet Nebijan,Nebijan Muhmet
268920,M. Rakneberg,Mikkel Rakneberg
268923,A. Pergreffi,Antonio Pergreffi
268926,E. Duca,Edoardo Duca
268927,I. Cissoko,Ibrahim Cissoko
268930,He Yiran,He Yiran
268934,N. Bonfanti,Nicholas Bonfanti
268936,M. Piacentini,Matteo Piacentini
268937,F. Ponsi,Fabio Ponsi
268959,Liu Yixin,Liu Yixin
268982,J. Gaber,Jassem Gaber Elsayed Abdulsallam
268986,A. Suhail,Ahmed Suhail Al Hamawende
268990,H. Bağcı,Halil Bağcı
269003,A. Sylla,Abakar Loubadhe Sylla
269005,B. Raines,Brooklyn Sigel Raines
269017,Li Yongjia,Li Yongjia
269027,Asqer Afrden,Afrden Asqer
269030,Liu Guobao,Liu Guobao
269031,Yi Xianlong,Yi Xianlong
269032,Chen Zeshi,Chen Zeshi
269033,Lu Yongtao,Lu Yongtao
269037,Wei Suowei,Wei Suowei
269040,Huo Shenping,Huo Shenping
269042,Wei Minghe,Wei Minghe
269084,U. Tohumcu,Umut Deger Tohumcu
269087,L. Yoro,Leny Yoro
269088,A. Nuñez,Alan Herminio Núñez Duarte
269089,José Marsà,José Martínez Marsà
269093,Kim Jin Ho,Jin-ho Kim
269096,M. Weiß,Max Weiß
269099,E. Maviram,Nor-Nor Emmanuel Maviram
269105,Zhou Zhengkai,Zhou Zhengkai
269110,Chen Xuhuang,Chen Xuhuang
269111,Liu Baiyang,Liu Baiyang
269115,Meng Jingchao,Meng Jingchao
269116,K. Lisztes,Krisztián Lisztes
269120,N. Hopland,Nikolai Søyset Hopland
269127,Ji Jiabao,Ji Jiabao
269132,G. Díaz Núñez,Gabriel Díaz Núñez
269133,F. Engelhardt,Florian Engelhardt
269136,K. Mainoo,Kobbie Mainoo
269137,B. Poveda,Bruno Rodrigo Poveda Zeballos
269138,Li Yuefeng,Li Yuefeng
269141,Yan Bingliang,Yan Bingliang
269146,Álex Primo,Alejandro Primo Hernández
269149,E. Newby,Elliot Christian Newby
269150,E. Pye,Ethan Joseph Pye
269151,O. Wolff,Owen Wolff
269153,A. Gaaei,Anton Gaaei
269155,Matheus Índio,Matheus Salgueiro Pains
269156,O. Moxon,Owen James Moxon
269159,M. van Brederode,Myron van Brederode
269164,M. Abdelmonem,Mohamed Abdelmonem
269175,O. Tanner,Ollie Tanner
269176,A. Veliz,Alejo Véliz
269181,D. Coppola,Diego Coppola
269182,A. Raimondo,Antonio Raimondo
269184,J. Mwanga,Junior Mwanga
269186,O. Óskarsson,Orri Steinn Óskarsson
269187,E. Sarıkaya,Efe Sarıkaya
269192,A. Çınar,Anıl Yiğit Çınar
269197,Mantilla,Álvaro Mantilla Pérez
269199,L. Antonetti,Leandro Antonetti López
269223,Diego González,Diego González Cabanes
269224,Iván Gil,Iván Gil Calero
269227,Álex Pastor,Álex Pastor Carayol
269228,Altimira,Adrià Altimira Reynaldos
269230,N. Sadiki,Noah Junior Sadiki
269232,S. Karssies,Sam Luca Karssies
269233,T. Fredricson,Tyler Fredricson
269237,A. Kurtulan,Arda Okan Kurtulan
269243,D. Vlak,Dion Vlak
269246,M. Eerdhuijzen,Mike Eerdhuijzen
269247,D. James,Dean Ruben James
269248,D. Murkin,Derry John Murkin
269250,Yago Santiago,Yago de Santiago Alonso
269251,F. Benítez,Frankarlos Cruz Benítez Gutiérrez
269256,W. Ould-Chikh,Walid Ould-Chikh
269257,A. Plat,Alex Plat
269258,C. Twigt,Calvin Twigt
269259,L. Zeefuik,Lequincio Zeefuik
269262,M. Oyedele,Maximillian Oyedele
269264,M. Kaars,Martijn Kaars
269269,J. Golz,Jakob Karl Gerhard Golz
269271,F. Stanković,Filip Stankovic
269276,G. Oristanio,Gaetano Pio Oristanio
269278,D. Gómez,Diego Alexander Gómez Amarilla
269288,B. Goncalves,Bryan Goncalves
269292,G. Prestianni,Gianluca Prestianni Gross
269293,J. Maggiotti,Julien Maggiotti
269301,N. Kristof,Nicolas Kristof
269302,M. Neubauer,Maurice Neubauer
269305,R. Fellhauer,Robin Fellhauer
269306,Israel Suero,Israel Suero Fernández
269307,S. Sahin,Semih Şahin
269310,M. Feil,Manuel Feil
269312,T. Baldanzi,Tommaso Baldanzi
269314,D. Heber,Daniel Heber
269315,J. Ríos Alonso,José-Enrique Ríos Alonso
269317,S. Voelcke,Sascha Voelcke
269318,C. Harenbrock,Cedric Harenbrock
269320,N. Kaiser,Nils Florian Kaiser
269329,W. Evans,William Albert Evans
269340,K. Karasek,Kacper Karasek
269385,T. Santos,Thomas Santos Christensen
269397,L. Hey,Lucas Boel Hey
269398,S. Ngabo,Sanders Ngabo
269400,S. Magnússon,Sævar Atli Magnússon
269402,H. Smolčić,Hrvoje Smolčić
269406,A. Gorcea,Andrei Cristian Gorcea
269411,Marian Huja,Marian Fernando Huja
269412,V. Țicu,Valentin Constantin Țicu
269414,S. Diarra,Sory Ibrahim Diarra
269418,A. Jercălău,Andrei Cristian Jercălău
269420,Leonardo Lelo,Leonardo Filipe da Cruz Lelo
269421,Jota Silva,João Pedro Ferreira Silva
269424,S. Mino,Sota Mino
269427,M. Strzeboński,Miłosz Strzeboński
269433,H. Al Dubais,Hisham Al Dubais
269434,S. van Gassel,Stijn van Gassel
269435,P. Kuiper,Pascal Kuiper
269471,J. Baas,Julian Baas
269472,N. Agrafiotis,Nikolas Agrafiotis
269475,Z. Sapsford,Zachary Albert Sapsford
269476,Hu Hetao,Hu Hetao
269480,Ran Weifeng,Ran Weifeng
269484,M. Iminqari,Mutellip Iminqari
269489,Fábio Ronaldo,Fábio Ronaldo Costa Conceição
269493,Alexsandro,Alexsandro Victor de Souza Ribeiro
269495,F. Buonanotte,Facundo Valentín Buonanotte
269497,L. Zvonarek,Lovro Zvonarek
269501,F. Perruzzi,Francisco Perruzzi
269506,D. Piła,Dominik Piła
269507,S. Kapuadi,Steve Kapuadi
269509,D. Douděra,David Douděra
269510,V. Jurečka,Václav Jurečka
269511,M. Jedlička,Martin Jedlička
269512,K. Daněk,Kryštof Daněk
269513,J. Mejdr,Jan Mejdr
269514,Mai Gaoling,Mai Gaoling
269520,Yang Yilin,Yang Yilin
269526,Deng Xiongtao,Deng Xiongtao
269529,Liang Nuoheng,Nok-Hang Leung
269530,Liu Haofan,Liu Haofan
269531,Zhong Haoran,Zhong Haoran
269536,Zhao Bo,Zhao Bo
269537,Bao Shengxin,Bao Shengxin
269539,Wang Dongsheng,Wang Dongsheng
269552,Xia Xiaoxi,Xia Xiaoxi
269554,A. Barrionuevo,Alan Enzo David Barrionuevo
269558,B. Domínguez,Benjamín Domínguez
269560,T. Stahl,Toni Stahl
269562,S. Ltaief,Sayfallah Ltaief
269565,S. Diaby,Souleymane Diaby
269566,A. Gantenbein,Adrian Tobias Gantenbein
269572,B. Cadamarteri,Bailey-Tye Cadamarteri
269579,Lü Zhuoyi,Lü Zhuoyi
269599,J. Gauto,Juan Carlos Gauto
269604,R. Heußer,Robin Heußer
269616,J. Shehu,Juljan Shehu
269617,J. Mina,Juan José Mina González
269619,M. Estigarribia,Marcelo Luciano Estigarribia
269620,M. Portillo,Marcos Ezequiel Portillo
269622,F. Redondo,Federico Redondo Solari
269626,Đ. Petrović,Đorđe Petrović
269632,Fran Álvarez,Francisco Javier Álvarez Rodríguez
269635,V. Murria,Vadik Murria
269637,Collado,Diego Collado Raya
269638,Alberto del Moral,Alberto del Moral Saelices
269639,Arana,Juan Carlos Arana Gómez
269641,Iker Álvarez,Iker Álvarez de Eulate Molne
269643,Alex Forés,Álex Forés Mendoza
269644,Pacheco,Antonio Pacheco Ruiz
269649,K. Doukoure,Kevin Doukoure Grobry
269671,J. Singh,Yumkhaibam Jiteshwor Singh
269682,A. Makki,Ali Abdulqader Suleiman Makki
269683,E. Hawsawi,Islam Ahmed Shuaib Hawsawi
269684,Y. Al Najai,Yahya Mahdi Hassan Naji
269690,M. Duarte,Manuel Agustín Duarte
269691,J. Taylor,Joseph William John Taylor
269694,R. Vitek,Radek Vítek
269697,N. Hawsawi,Nawaf Abdulrahman Hamza Al Hawsawi
269701,N. Brown,Nathaniel Brown
269704,S. Laquidain,Santiago Laquidaín
269705,D. Scherhant,Derry Lionel Scherhant
269707,G. Kobylak,Gabriel Kobylak
269719,S. Hidalgo,Santiago Hidalgo Massa
269725,L. Mouton,Louis Mouton
269726,A. Aiki,Ayman Aiki
269728,J. Bahoya,Jean-Mattéo Bahoya Négoce
269729,Y. Belkhdim,Yassin Belkhdim
269731,S. Nsimba,Aimé Steven Nsimba Labe
269732,R. Ríos Novo,Rocco Ríos Novo
269739,A. Meli,Juan Andrés Meli
269740,L. Bucca,Leonel Bucca
269744,Rui Mendes,Rui Jorge Monteiro Mendes
269745,O. El Azzouzi,Oussama El Azzouzi
269747,J. Dirksen,Julius Dirksen
269748,C. Billemaz,Clément Billemaz
269752,T. Vandenberghe,Tom André Vandenberghe
269754,A. Sæther,Adrian Sæther
269757,L. Alvheim,Leander Næss Alvheim
269758,V. Loturi,Victor Lokai Loturi
269759,M. Weidel,Marius Weidel
269793,L. Meyer,Leny Remo Meyer
269795,M. Delavallée,Martin Delavallée
269796,J. Soler,Julio César Soler Barreto
269809,J. Vergés,Joaquín Vergés
269822,M. Martin,Michael Martin
269823,E. Bajraktarević,Esmir Bajraktarević
269825,K. Smith,Kane Smith
269827,E. Erentürk,Erhan Erentürk
269832,T. Muro,Tomás Ramiro Muro
269842,S. Yamada,Shin Yamada
269850,M. Kostka,Michael Kostka
269855,B. Beganović,Belmin Beganović
269857,M. Thomann,Martin Thomann
269859,A. Vermeeren,Arthur Denis Vermeeren
269863,J. Eze,Joshua Chima Eze
269866,T. Danhof,Tim Danhof
269869,N. Jessen,Niklas Jessen
269874,Gonçalo Costa,Gonçalo Faria Costa
269875,S. Ba,Sanoussy Ba
269880,A. Christodoulou,Andreas Christodoulou
269888,M. Polster,Manuel Polster
269889,U. Ortegoza,Diego Ulises Ortegoza
269894,N. Al Bishi,Nasser Mohammed Ali Al Farhani Al Bishi
269899,N. Miroshi,Novatus Dismas Miroshi
269902,G. Rossi,Genaro Ariel Rossi
269903,O. Schwartau,Oscar Schwartau
269912,C. Brackelmann,Calvin Marc Brackelmann
269913,K. Vargas,Kerwin Andrés Calderón Vargas
269915,L. Pastrán,Lautaro Leonel Pastrán Tello
269916,M. Hagemoser,Max Hagemoser
269922,D. Huseinbašić,Denis Huseinbašić
269923,J. Russell-Rowe,Jacen Rex Orlando Russell-Rowe
269930,G. O'Donkor,Gatlin Teye O'Donkor
269931,B. Radcliffe,William Benjamin Callister Radcliffe
269932,M. Al Khaibari,Mohammed Al Khaibari
269934,S. Núñez,Santiago Misael Núñez
269935,G. Piñeiro,Gonzalo Agustín Piñeiro
269940,X. Blomme,Xander Blomme
269942,S. Blum,Shawn Marc Blum
269947,K. Spadanuda,Kevin Spadanuda
269948,T. Booth,Thomas Luke Booth
269949,C. Finney,Charlie Joe Finney
269950,M. Holíček,Matúš Holíček
269951,T. Kastanaras,Thomas Kastanaras
269952,Y. Borges Sanches,Yvandro Borges Sanches
269953,B. Miovski,Bojan Miovski
269954,D. James-Taylor,Douglas Edward James Taylor
269955,J. Heekeren,Justin Heekeren
269956,K. Van Den Kerkhof,Kevin Daniel Guitoun Van Den Kerkhof
269960,D. Poreba,David Poręba
269962,D. Elfadli,Daniel Elfadli
269963,B. Halbouni,Belal Halbouni
269964,Léo Scienza,Leonardo Weschenfelder Scienza
269970,M. Jerke,Michał Jerke
269971,A. Posiadała,Albert Posiadała
269994,M. Wenig,Marcel Thomas Wenig
269996,B. Mogultay,Baran Moğultay
270000,A. Al Anzi,Abdullah Sufuq F. Al Anazi
270001,S. Al Najdi,Salem Abdullah Salem Al Najdi
270008,T. Gayret,Timur Gayret
270012,H. Koudossou,Henri Koudossou
270013,A. Zehnter,Aaron Zehnter
270014,T. Deniz,Tunay Deniz
270017,T. Horvat,Tomi Horvat
270023,T. Janotta,Theo Janotta
270027,J. Bookjans,Jakob Bookjans
270033,T. Oermann,Tim Oermann
270034,F. Wilfinger,Fabian Wilfinger
270036,A. Segovia,Alexis Sebastián Segovia
270037,R. Schneider,Randy Schneider
270038,J. Hammel,Justin Pete Hammel
270039,Diego Moreira,Diego Manuel Jadon da Silva Moreira
270044,L. Mazagg,Lukas Mazagg
270046,L. Sadílek,Lukáš Sadílek
270050,M. Biereth,Mika Miles Biereth
270053,C. Kouakou,Banhourin Chris Emmanuel Kouakou
270054,P. Sequeira,Patrick Gilmar Sequeira Mejías
270060,Samuel Soares,Samuel Jumpe Soares
270064,I. Monterisi,Ilario Monterisi
270065,B. Lloyd,Ben Lloyd
270068,Cadu,Carlos Eduardo Lopes Cruz
270072,M. Sylla,Morlaye Sylla
270073,A. El Zein,Abu-Bekir Ömer El-Zein
270077,K. Koulierakis,Konstantinos Koulierakis
270084,M. Dorval,Mehdi Emile Dorval
270086,António Silva,António João Pereira de Albuquerque Tavares da Silva
270088,S. Giordano,Simone Giordano
270098,F. Abiuso,Fabio Abiuso
270101,E. Saporiti,Edoardo Saporiti
270104,A. Bettaieb,Adel Bettaieb
270107,L. Langoni,Luca Daniel Langoni
270109,Martim Neto,Martim Carvalho Neto
270110,F. Ruschke,Felix Ruschke
270111,B. Dietze,Benno Johannes Dietze
270113,B. Khela,Brandon Singh Khela
270116,R. Schifferl,Raphael Schifferl
270118,L. Temple,Lewis Temple
270121,N. Blair,Nathanael Dane Blair
270129,O. Kobacki,Olaf Kobacki
270131,N. Corrado,Niccolò Corrado
270133,S. Diakité,Salim Diakité
270136,B. Böckle,Benjamin Böckle
270137,C. Donovan,Christopher Donovan
270140,K. Montgomery,Kristi Julian Montgomery
270141,F. Israel,Franco Israel Wibmer
270203,Yago Cariello,Yago Cariello Ribeiro
270206,Mateo Joseph,Mateo Joseph Fernández Regatillo
270207,F. Frías,Franco Ezequiel Frías
270208,A. Gray,Archie Gray
270209,D. Gyabi,Darko Boateng Gyabi
270215,E. Cannavó,Ezequiel Cannavó
270217,A. Furlanetto,Alessio Furlanetto
270279,D. Jaunegg,David Jaunegg
270301,Peque,Gerard Fernández Castellano
270319,Park Yong Hui,Yong-hui Park
270328,D. Rrudhani,Donat Rrudhani
270331,Z. Hawsawi,Zakaria Seraj Hawsawi
270335,Arnau Solà,Arnau Solà Mateu
270336,M. Dickov,Max Dickov
270338,Vilarrasa,Ignasi Vilarrasa Palacios
270339,Diego Rosa,Diego Gabriel Silva Rosa
270340,Y. Bellache,Yuliwes Bellache
270341,Y. Massolin,Yanis Massolin
270351,K. Peersman,Kjell Peersman
270352,M. Achi,Mohamed Achi Bouakline
270355,L. Doucet,Lohann Doucet
270363,M. de Gevigney,Maël Durand de Gevigney
270368,E. Yeboah,Emmanuel Kwaku Yeboah
270371,R. Andrews,Ryan Andrews
270372,I. Gurău,Ion Cristian Gurău
270374,S. Quirk,Sebastian Anthony Quirk
270376,S. Earley,Saxon Owen Earley
270379,A. Kamara,Abu Kamara
270380,J. Warner,Jaden Lemar Warner
270381,O. Leśniak,Oskar Leśniak
270382,O. Wójcik,Oskar Wójcik
270397,S. Moya,Santiago Moya
270398,L. Kjerrumgaard,Luca Tange Kjerrumgaard
270399,C. Nouck,Charly Ngos Nouck Horneman
270400,M. Glück,Michael Harald Glück
270403,M. Wörl,Marius Wörl
270409,Savinho,Sávio Moreira de Oliveira
270415,Luna,Marcos Luna Ruiz
270454,M. Ortega,Martín Yamil Ortega
270455,J. Pattenden,Jasper Pattenden
270456,L. Souto,Lucas Alessandro Souto
270460,A. Noor,Abdulaziz Noor Sheikh Noor
270461,F. Di Michele Sanchez,Fabio Di Michele Sanchez
270463,N. Čavlina,Nikola Čavlina
270465,B. Bouanani,Badredine Bouanani
270471,A. Al-Hamawi,Amin Al Hamawi
270475,P. Brouwer,Patrick Brouwer
270478,Marquinhos,Marcos Vinícius Sousa Natividade
270485,F. Carboni,Franco Ezequiel Carboni
270490,M. Abo Abd,Mohammed Ali Abdullah Abu Abd
270491,H. Neal,Harrison Neal
270502,A. Oyono,Anthony Henri Zué Oyono Omva Torque
270503,L. Carlstrand,Linus Carlstrand
270507,L. Belardinelli,Luca Belardinelli
270512,C. Condé,Cheick Oumar Conde
270514,N. Eichinger,Noel Eichinger
270515,P. Lehmann,Paul Lehmann
270517,D. Luna,Diego Ángel Luna
270518,E. Tchato,Enzo Gianni Tchato Mbiayi
270519,W. Osula,William Idamudia Daugaard Osula
270528,Ž. Zaletel,Žan Zaletel
270529,Aceves,Álvaro Aceves Catalina
270531,O. Diomande,Ousmane Diomande
270532,D. Pejčinović,Dženan Pejčinović
270534,V. Bak,Victor Bak Jensen
270535,A. Zeljković,Ajdin Zeljković
270536,V. Byskov,Valdemar Byskov Andreasen
270538,F. Junior Adjei,Frank Junior Adjei
270540,M. Pingot,Maksymilian Pingot
270542,F. Kocaba,Filip Kocaba
270544,R. Maher,Ronan Arjun Maher
270548,D. Angleberger,Devin Angleberger
270554,F. Keidel,Felix Keidel
270559,Tiago Santos,Tiago Carvalho Santos
270560,I. Bjerkebo,Isak Bjerkebo
270571,Gabriel Sara,Gabriel Davi Gomes Sara
270575,V. Andersson,Viktor Andersson
270578,W. Willumsson,Willum Thór WillumssonWillum Þór Willumsson
270579,W. Odobert,Wilson Serge Eric Odobert
270583,N. Jahn,Niklas Jahn
270587,Rafael Brito,Rafael Alexandre de Sousa Gancho de Brito
270591,T. Gaprindashvili,Tornike Gaprindashvili
270593,D. Robinson,Darren Robert Russell Robinson
270597,A. Makoumbou,Antoine Makoumbou
270599,L. Rolón,Leonardo Alexander Rolón Acosta
270608,Y. Yarmoliuk,Yehor Yarmoliuk
270609,K. Lisbie,Kyrece Joshua Lisbie
270611,Duk,Luís Henrique Barros Lopes
270613,M. Doumbia,Mahamadou Doumbia
270614,M. Nasti,Marco Nasti
270617,A. Murphy,Alex Murphy
270633,R. Flamingo,Ryan Flamingo
270636,E. Camara,Étienne Amara Camara
270637,B. Spencer,Brodie Gilmore Spencer
270652,W. Agada,William Agada
270653,A. Gope,Amrit Gope
270655,S. Vulikić,Stipe Vulikić
270657,E. Iannoni,Edoardo Iannoni
270658,S. Angori,Samuele Angori
270670,F. Chaïbi,Farès Chaïbi
270673,W. Zaïre-Emery,Warren Zaïre-Emery
270674,Alberto Costa,Alberto Oliveira Baio
270676,S. Mills,Stanley Mills
270679,O. O'Neill,Oliver John O'Neill
270680,A. Pajaziti,Adrion Pajaziti
270683,I. Odutayo,Idris Adewale Olarewaju Odutayo
270686,Dani Silva,Daniel Filipe Bandeira e Silva
270698,Yellu Santiago,Jesús Santiago Pérez
270699,T. Al Mutairi,Turki Fahad Al Mutairi
270700,I. Hautekiet,Ibe Tom Hautekiet
270702,M. Didden,Matisse Didden
270704,D. Durivaux,Dylan Durivaux
270706,K. Cruise,Kieran Cruise
270715,J. Lewicki,Jakub Lewicki
270728,Carlos Romero,Carlos Romero Serrano
270729,Rodri Alonso,Rodrigo Alonso Martín
270731,I. Kaliuzhnyi,Ivan Kalyuzhnyi
270732,Espigares,Antonio Espigares Morillas
270735,A. Sangwan,Aakash Sangwan
270738,T. Ojeda,Thiago Ezequiel Ojeda
270741,N. Sadaoui,Noah Wail Jacob Sadaoui
270742,A. Saji,Alex Saji
270743,M. Mohammad,Manoj Mohammad
270748,J. Maxwell,James Maxwell
270756,S. Ghidotti,Simone Ghidotti
270757,J. Pradic,James Charles Pradic
270764,Léo Borges,Leonardo Borges da Silva
270787,A. Guðjohnsen,Andri Lucas Guðjohnsen
270812,Jandro Orellana,Alejandro Orellana Gómez
270820,M. Farsi,Mohamed Ramzdine Farsi
270821,M. Penders,Mike Louis Penders
270828,I. Salah,Ibrahim Salah
270834,A. Rebbach,Abderrahman Rebbach
270838,S. Joshy,Soyal Joshy
270842,R. Villalba,Rodrigo Javier Villalba Benítez
270845,M. Chaiwa,Miguel Changa Chaiwa
270846,A. Amenda,Aurèle Florian Amenda
270847,D. Kacuri,Dion Kacuri
270849,S. Lélé Diba,Samba Lélé Diba
270854,P. Milans,Pedro Milans Carámbula
270857,Mateus Fernandes,Mateus Gonçalo Espanha Fernandes
270859,Hugo Pérez,Hugo Pérez Balderas
270860,J. El-Abdellaoui,Jones El-Abdellaoui
270863,A. Borza,Sebastian Andrei Borza
270864,N. Nsingi,Nachon Nsingi Nguidi
270865,Diego Calai,Diego Callai Silva
270866,Y. Chermiti,Youssef Ramalho Chermiti
270867,A. Mazilu,Adrian Mazilu
270870,Miguel Nóbrega,Miguel Raimundo Nóbrega
270877,R. Elongo-Yombo,Rodney Elongo-Yombo
270879,David Torres,David Torres Ortiz
270885,M. Ndiaye,Mor Ndiaye
270886,K. Dong,Kyliane Dong
270888,G. Jean,Gaby Jean
270894,L. Diack,Lamine Diack
270900,A. Hoti,Andi Hoti
270901,L. Ulrich,Laurin Ulrich
270905,M. Fuseini,Mohammed Gadafi Fuseini
270913,U. Bislimi,Uran Bislimi
270919,B. Zeneli,Besfort Zeneli
270921,A. Picornell,André Picornell
270923,R. Yamamoto,Rihito Yamamoto
270926,N. Pierozzi,Niccolò Pierozzi
270928,S. Ottiger,Severin Ottiger
270929,M. Al Abdullah,Mohammed Hassan Ahmed Al Abdullah
270931,N. Lebreton,Noé Lebreton
270933,O. Lunt,Owen Alan Lunt
270937,L. Harris,Luke Bernard Harris
270939,Á. De La Cruz,Ángel Alberto de la Cruz Arias
270940,F. Torsiello,Fabio Torsiello
270944,B. Nelson,Benjamin Harvey Nelson
270955,N. Quiñónes,Nelson Giovany Quiñónes Iturre
270956,T. Battistella,Thomas Battistella
270957,Andrezinho,André Miguel Pinto Lopes
270958,A. Demirol,Alper Emre Demirol
270964,J. Bellingham,Jobe Samuel Patrick Bellingham
270965,T. Schlieck,Timo Schlieck
270971,S. Soumah,Salifou Soumah
270983,Clayton,Clayton Fernandes Silva
270994,P. Fallmann,Pascal Armando Fallmann
270995,N. Sattlberger,Nikolas Sattlberger
270996,A. Stejskal,Adam Stejskal
270997,S. Baidoo,Samson Baidoo
270999,D. Kameri,Dijon Kameri
271000,J. Omoregie,Justin Omoregie
271002,C. Üstündag,Cem Üstündag
271004,T. Geris,Thomas Geris
271005,N. Prelec,Nik Prelec
271006,Y. Paz,Yeferson Paz Blandón
271010,J. Janneh,Jocelyn Janneh
271011,A. Chhetri,Ayush Dev Chhetri
271013,P. Nuamah,Patrick Amoako Nuamah
271014,J. Nduquidi,Joseph Nduquidi Diazongua Nfingui
271017,Matheus Pereira,Matheus Pereira de Souza
271018,D. Costelloe,Dara James Morgan Costelloe
271019,G. Fabbian,Giovanni Fabbian
271025,F. Díaz,Fernando Díaz Arrellaga
271026,T. Cervera,Tobías Ariel Cervera Cadi
271028,D. Tharme,Douglas John Tharme
271031,F. Eriksson,Felix David William Eriksson
271032,M. Smets,Matte Smets
271034,Álex Padilla,Alejandro Padilla Pérez
271037,Adu Ares,Malcom Abdulai Ares Djaló
271050,D. Gomis,Donatien Gomis
271051,S. Oregel,Sergio Oregel Jr.
271053,A. Markanich Jr,Anthony Charles Markanich Jr.
271057,Gustavo Sá,Gustavo Filipe Alves de Freitas Azevedo e Sá
271061,J. Ekomié,Jacques Ekomié
271063,O. Arblaster,Oliver Luke Arblaster
271064,J. Amissah,Jordan Yamoah Amissah
271065,T. McDermott,Thomas Vincent McDermott
271066,M. Leaburn,Miles Leaburn
271075,N. Adjei,Nathaniel Adjei
271079,M. Ejdum,Max Isaac Ejdum
271080,A. Adelgaard,Aske Emil Berg Adelgaard
271090,N. Žugelj,Nino Žugelj
271092,M. Usor,Moses Usor
271099,E. Ahui,Elicha Ahui
271101,I. Strzałek,Igor Strzałek
271106,D. Padelford,Devin Padelford
271108,T. Oluwaseyi,Tanitoluwa Oluwatimikhin Oluwaseyi
271110,M. Connelly,Matthew Connelly
271112,G. Beavers,Gavin Lee Beavers
271114,D. Seimen,Dennis Seimen
271116,B. Baker,Benicio Baker-Boaitey
271118,N. Naujoks,Noah Naujoks
271119,L. Ullrich,Lukas Ullrich
271120,M. Kleijn,Mike Kleijn
271121,Q. Hartman,Quilindschy Hartman
271132,Gabriel Silva,Gabriel Silva Vieira
271135,Pedro Bicalho,Pedro Henrique Rodrigues Bicalho
271139,J. Mendy,Jacob Mendy
271143,K. Hiebert,Kyle Anthony Hiebert
271145,Abel Bretones,Abel Bretones Cruz
271146,A. Sorrentino,Alessandro Sorrentino
271147,B. van Duijl,Billy van Duijl
271150,K. van Oevelen,Kayne van Oevelen
271156,K. Ingason,Kristall Máni Ingason
271160,S. Sané,Sidi Guéssor Sané
271164,R. Gal,Rareș Florian Gal
271171,L. Lord,Louis Sascha Lord
271172,R. Pop,Rareș Mihai Pop
271184,I. Tolea,Ioan Cătălin Tolea
271191,J. Whitworth,Joseph Charles Whitworth
271195,Elias Manoel,Elias Manoel Alves de Paula
271197,L. Banda,Lameck Banda
271198,M. Berisha,Medon Berisha
271199,G. Ciocci,Giuseppe Ciocci
271201,N. Lella,Nunzio Lella
271202,N. Cavuoti,Nicolò Cavuoti
271205,I. Delpupo,Isaías Omar Delpupo
271211,J. Yılmaz,Jankat Yılmaz
271213,S. Giovane,Samuel Giovane
271215,B. Nieling,Bryant Nieling
271216,H. Griffiths,Harvey Lawson Griffiths
271218,W. Alves,William Thomas Alves
271219,A. Muja,Arbnor Muja
271222,M. Mbaye,Mamadou Mbaye
271227,D. Mubama,Divin Mubama
271228,T. Ülvan,Talha Ülvan
271235,O. Bevan,Owen Lucas Bevan
271236,N. Raveyre,Noah Joseph Guy Raveyre
271240,M. Uvais,Muhammed Uvais Moyikkal
271244,M. Baaloudj,Mehdi Baaloudj
271246,M. Damar,Muhammed Mehmet Damar
271247,S. Alvero,Skelly Alvero
271248,E. Mayenda,Eliezer Mayenda Dossou
271252,S. Ebonog,Simon Ebonog
271253,A. Al Shaefi,Ali Saeed Ali Al Shaafi
271255,A. Al Abdrabalnabi,Ali Abdulraouf Al Abdelnabi
271256,S. Ngoura,Steve Ngoura
271257,É. Logbo,Andy Elysée Logbo
271265,E. Austbø,Edvin Austbø
271266,G. Read,Givairo Read
271267,Chuki,Iván San José Cantalejo
271269,P. Saathof,Pim Saathof
271270,R. Weijenberg,Robbin Weijenberg
271272,Alcedo,Juan María Alcedo Serrano
271277,A. Juárez,Alex Lionel Juárez
271289,Joel Silva,Joel Filipe Organista da Silva
271292,J. Chibozo,Ange Josué Chibozo
271293,S. Becher,Simon Becher
271296,M. Jurásek,Matěj Jurásek
271297,Adriano Firmino,Adriano Firmino dos Santos da Silva
271300,D. Prpić,Dominik Prpić
271306,K. Fayad,Khalil Fayad
271317,Rafael Fernandes,Rafael Tavares Gomes Fernandes
271320,T. Adamsen,Tonni Adamsen
271325,A. Pepple,Aribusitamunoipirim Emmanuel Pepple
271326,D. Håkans,Daniel Noel Mikael Håkans
271333,T. Lo-Tutala,Thimothée Jacques Orcel Lo-Tutala
271344,K. Ortiz,Kevin Ortíz
271353,S. Mathisen,Sebastian Holm Mathisen
271358,del Cerro,Saúl del Cerro García
271361,E. Çetinkaya,Erdem Çetinkaya
271362,Y. Özcan,Yasin Özcan
271368,M. Baltacı,Metehan Baltacı
271373,Fran Pérez,Francisco Pérez Martínez
271378,N. Karić,Nermin Karić
271384,D. Beljo,Dion Drena Beljo
271385,E. Corvi,Edoardo Corvi
271394,J. Escartin,Josué Escartin
271395,I. Prtajin,Ivan Prtajin
271396,L. Lalchungnunga,Lalchungnunga Lalchungnunga
271399,A. Oliveri,Andrea Oliveri
271400,Igor Paixão,Igor Guilherme Barbosa da Paixão
271411,O. Zych,Oliwier Zych
271414,K. Etta Eyong,Karl Edouard Blaise Etta Eyong
271415,B. Engdahl,Ben Engdahl
271417,Y. Medina,Yaimar Abel Medina Ortiz
271421,D. Doué,Désiré Doué
271425,T. Yogane,Tony Yogane
271430,L. Woodhouse,Luca Woodhouse
271433,B. Faraas,Benjamin Thoresen Faraas
271438,Marco Moreno,Marco Moreno Ojeda
271439,Pau Casadesús,Pau Casadesús Castro
271441,B. Schlicke,Ben Schlicke
271445,A. Chang,Alfie Chang
271451,Dinis Pinto,Dinis Lourenço Casals Namura Borges Pinto
271452,B. Bouchouari,Benjamin Bouchouari
271458,Y. Okou,Yllan Okou
271459,Víctor Aznar,Victor Wehbi Aznar Ussen
271461,B. Onyemaechi,Sopuruchukwu Bruno Onyemaechi
271464,Y. Asprilla,Yaser Esneider Asprilla Martínez
271467,H. Mikaelsson,Hilmir Rafn Mikaelsson
271471,F. Oviedo,Fabricio Oviedo
271475,N. Bertola,Nicolò Bertola
271477,A. Bianco,Alessandro Bianco
271482,L. D'Andrea,Luca D'Andrea
271490,Javi Garrido,Javier Garrido López
271491,Carlos López,Carlos López Nogueras
271494,J. Voelkerling Persson,Joel Axel Krister Voelkerling Persson
271495,M. Dorgeles,Maho Yepie Dorgeles Guy-Mario Bocha
271496,K. Barslund,Kaare Brøckner Barslund
271502,Š. Berbić,Serif Berbić
271507,D. Sylla,Dembo Sylla
271511,D. Sanches Fernandes,Derensili Sanches Fernandes
271512,B. Aguirre,Brian Nicolas Aguirre
271522,A. Carter,Anthony Charles Carter
271525,D. Owusu-Sekyere,Deabeas Nii Klu Owusu Sekyere
271526,Yue Tze-Nam,Tze Nam Yue
271530,D. Ballard,Dominic Ballard
271532,Pablo Campos,Pablo Cuñat Campos
271533,B. Kristensen,Bjørn Martin Davis Kristensen
271539,Danilo Veiga,Danilo Filipe de Melo Veiga
271540,Ž. Žužek,Žan Žužek
271541,V. Vanat,Vladyslav Vanat
271542,K. Vivcharenko,Kostiantyn Vivcharenko
271543,A. Tsarenko,Anton Tsarenko
271544,O. Yatsyk,Oleksandr Yatsyk
271546,V. Morgun,Valentyn Morgun
271548,O. Ocheretko,Oleg Ocheretko
271549,M. Faryna,Maryan Faryna
271556,J. O'Sullivan,John O'Reilly-O'Sullivan
271560,R. Cleary,Reyes Demar Uriah Cleary
271562,Matheus Araújo,Matheus Nunes Fagundes de Araújo
271563,M. N'Diaye,Moussa N'Diaye
271566,J. Rooney,Jake Richard Rooney
271569,O. Al Mermesh,Osama Mubarak Hajaj Al Mermesh
271571,Gabriel Batista,Gabriel Batista de Souza
271572,A. Fontanarosa,Alessandro Fontanarosa
271573,M. Zanotti,Mattia Zanotti
271574,R. Lewis,Rico Henry Mark Lewis
271575,S. Pafundi,Simone Pafundi
271576,Zé Carlos,José Carlos Natário Ferreira
271577,I. Sulemana,Ibrahim Sulemana Kakari
271579,F. Terracciano,Filippo Terracciano
271583,G. Garofani,Giovanni Gabriele Garofani
271584,J. Slater,Jacob Vaughan Slater
271596,I. Glavinovich,Ian Glavinovich Maceratesi
271603,J. Hinchy,Jack Samuel Lawrence Hinchy
271605,J. Knollmüller,Jakob Knollmüller
271611,H. Bruseth,Heine Gikling Bruseth
271618,J. McManus,James McManus
271620,Leo Bolgado,Leonardo da Costa Bolgado
271626,E. Tezgel,Emre Tezgel
271632,J. Arias,Juan José Arias Henao
271633,K. Toscano,Kilian David Toscano Bassa
271636,M. Al Yami,Mohammed Eissa Saleh Al Yami
271637,H. Al Sibyani,Hussain Khaled Ali Al Sabiyani
271638,I. Beka,Ismajl Isak Beka
271645,T. Ouma,Timothy Noor Ouma
271650,T. Magnin,Théo Magnin
271656,Yang Ruiqi,Yang Ruiqi
271657,Xu Bin,Xu Bin
271658,X. Mbuyamba,Xavier Tshimanga Kamaluba Ntite Mukendi Mpoyi Mbuyamba
271659,A. Kemlein,Aljoscha Kemlein
271661,Y. Lienard,Yann François Lienard
271664,J. Subran,Jithin Madathil Subran
271666,J. Wareham,Jayden Darren George Wareham
271667,C. Brann,Conor Brann
271668,X. Simons,Xavier Levi Simons
271669,Juan Larios,Juan Larios López
271673,Lázaro,Lázaro Vinicius Marques
271675,A. Mayor,Adam Mayor
271682,Latasa,Juan Miguel Latasa Fernández Layos
271683,M. Milovanović,Marko Milovanović
271686,J. Johnson,Joshua Emmanuel Johnson
271688,Z. Davitashvili,Zuriko Davitashvili
271689,P. Mboup,Pathé Mboup
271691,J. Diaz,Michel Junior Diaz
271693,T. Maswanhise,Tawanda Jethro Maswanhise
271704,V. Blănuță,Vladislav Blănuță
271716,D. Gassama,Djeidi Gassama
271721,P. Diop,Pape Demba Diop
271722,O. Sych,Oleksiy Sych
271741,P. Mercado,Patrik Kleiver Mercado Altamirano
271743,A. Cozier-Duberry,Amario Cozier-Duberry
271746,A. Blake,Adrian Blake
271748,R. Steur,Roy Johannes Maria Steur
271751,H. Griffiths,Harry Griffiths
271754,A. Kocaman,Arif Kocaman
271755,Kike Salas,Enrique Jesús Salas Valiente
271756,M. Akinmboni,Matai Akinmboni
271757,Rubén Gómez,Rubén Gómez Peris
271767,M. Esponda,Marcelo César Esponda
271772,F. Massri,Felipe Andrés Massri Antihuay
271800,Y. Minteh,Yankuba Minteh
271805,Diego Sánchez,Diego Sánchez Pérez
271807,E. Nwaneri,Ethan Chidiebere Nwaneri
271816,A. Brooks,Andre Chance Brooks
271854,A. James,Aaron Thomas James
271855,F. Martínez,Fernando Daniel Martínez Sánchez
271856,A. Hainaut,Antoine Hainaut
271876,M. Baker,Matthew Baker
271878,S. Hodza,Selmin Hodža
271879,M. Reichmuth,Miguel Raffael Reichmuth
271880,N. Jiménez,Néstor Andrés Jiménez Ramírez
271882,S. Otoa,Sebastian Otoa
271900,B. Fernandes,Brison Deuben Fernandes
271916,Bryan Zaragoza,Bryan Zaragoza Martínez
271917,J. Spileers,Jorne Spileers
271918,R. Risser,Robin Risser Birckel
271919,S. Moreyra,Stéfano Nahuel Moreyra
271920,Arana,Egoitz Arana Aizpuru
271921,G. Guarino,Gabriele Guarino
271922,D. Degli Innocenti,Duccio Degli Innocenti
271923,E. Ekong,Emmanuel Ekong
271924,G. Indragoli,Gabriele Indragoli
271928,B. Tuma,Basil Tenywa Tuma
271929,M. Craig,Michael James Craig
271931,A. Nadruz,Agustín Nadruz Blanco
271932,T. van Bergen,Thom van Bergen
271933,G. Morales,Gonzalo Javier Morales
271936,N. El Ouarti,Nassim El Ouarti
271937,D. Drachal,Dawid Drachal
271940,M. Godo,Becket Fabrice-Martial Godo
271949,N. Labrović,Nediljko Labrović
271953,M. Sonko,Momodou Lamin Sonko
271955,Bomba,Marc Bombardó Poyato
271963,Pedro Borges,Pedro Elawar Félix Gonçalves Borges
271969,N. Paz,Andrés Nicolás Paz
271971,A. Gurd,Aaron Bradley Gurd
271974,B. Clark,Bobby-Lamont Clark
271975,Stefan Bajcetic,Stefan Bajčetić Maquieira
271977,H. Davies,Harvey Peter Davies
271979,Nacho Ferri,Ignacio Ferri Julià
271980,W. Clem,William Clem
271983,K. Keben,Kévin Keben Biakolo
271984,L. Ambros,Lukáš Ambros
271986,K. Fletcher,Kristian George Fletcher
271988,M. Touré,Musa Toure
271989,L. Banu,Luca Nicolae Banu
271993,J. Therkelsen,Jonas Torrissen Therkelsen
272303,M. Al Sahafi,Marwan Saeed Masoud Al Sahafi
272304,B. Ibrahim,Ibrahim Buhari
272305,Cristian Gutiérrez,Cristian Gutiérrez Vizcaíno
272312,P. Gogoi,Parthib Sunder Gogoi
272313,M. Puig,Maximiliano Andrés Puig
272314,Peng Peng,Peng Peng
272317,D. Martínez,David Emmanuel Martínez Morales
272322,N. Sahsah,Noah Donovan Sahsah
272323,J. Kucharski,Jaiden Kai Kucharski
272324,J. Girdwood-Reich,Jake Max Girdwood-Reich
272328,M. Pernía,Miguel Ángel Pernía Almao
272329,G. González,Gustavo Junior González Pérez
272330,H. Contreras,Harrison Contreras Mora
272336,M. Lendfers,Matt Lendfers
272346,R. Pukštas,Rokas Pukštas
272347,E. James,Edward George Martin James
272350,A. Lescano,Alan Hernán Lescano
272351,A. Di Pippa,Alan Leonel Di Pippa
272355,D. Herrington,Diesel Jay Herrington
272357,Lucas Rosa,Lucas Oliveira Rosa
272365,S. Armstrong,Sinclair Ntomuchukwu Armstrong
272369,J. Wormleighton,Joseph Oliver Wormleighton
272373,B. Rodríguez,Brayan José Rodríguez Luna
272379,S. Iling-Junior,Samuel Iling-Junior
272383,N. Glaus,Nicolas Roger Glaus
272385,O. Jones,Oliver James Jones
272395,Jesús López,Jesús López Soria
272399,L. Agyekum,Lawrence Agyekum
272401,S. Glenfield,Samuel Che Glenfield
272407,C. Keita,Cheick Keita
272417,S. Silva,Santiago Ibraim Silva Azambuja
272421,D. Romero,Diego Romero Lanz
272422,M. Fernández Benítez,Martín Fernández Benítez
272423,M. Mancebo,Marco Leonardo Mancebo Clavero
272427,Alberto Flores,Alberto Flores López
272430,Ale García,Pedro Alejandro García Mejías
272433,Herrando,Jorge Herrando Oroz
272444,J. Dadge,James Dadge
272445,Álvaro Rodríguez,Álvaro Daniel Rodríguez Muñoz
272446,Fábio Jaló,Fábio Rúben Soares Jaló
272449,Pablo Barrios,Pablo Barrios Rivas
272453,Pablo Durán,Pablo Durán Fernández
272454,M. Schmid,Maximilian Schmid
272455,Pablo Marín,Pablo Marín Tejada
272461,R. Youlley,Rhys Youlley
272464,A. Gueguin,Axel Gueguin
272465,C. Roberts,Caleb Roberts
272472,S. Zakaria,Salah Zakaria Mohamed Mousa Hassan
272486,Diego Méndez,Diego Méndez Molero
272487,Dani Pérez,Daniel Pérez Guerrero
272490,L. Costa,Leonard Richard Costa Martínez
272497,J. Quarshie,Joshua Quarshie
272500,C. Baleba,Carlos Noom Quomah Baleba
272503,Sergio Mestre,Sergio Mestre Sánchez
272505,Endrick,Endrick Felipe Moreira de Sousa
272514,T. Ayari,Taha Ayari
272515,A. Mendy,Antoine Mendy
272518,A. Nibe,Andreas Nibe Hansen
272529,M. Isah,Mustapha Isah Ubandoma
272530,D. Payne,Deron Payne
272538,F. Hetzsch,Finn Hetzsch
272540,J. Ngom Mbekeli,Jerome Ngom Mbekeli
272542,P. Kelly,Patrick Kelly
272545,I. Cojocaru,Ionuț Sebastian Cojocaru
272557,M. Hoppe,Mattis Hoppe
272559,Wang Yiwei,Wang Yiwei
272562,J. Drew,Jed Francis Drew
272566,Á. Csongvai,Áron Csongvai
272568,I. Diakité,Ibrahim Diakité
272569,K. Rodríguez,Kevin José Rodríguez Cortéz
272571,L. Jovanović,Luka Jovanović
272573,E. Rodríguez,Emiliano Rodríguez
272596,B. Tahirović,Benjamin Tahirović
272599,T. Ollila,Tuomas Ollila
272600,Marc Casadó,Marc Casadó Torras
272602,V. Carboni,Valentín Carboni
272603,N. Norris,Nolan Norris
272604,A. Ahmed,Ali Ahmed
272611,O. Drammeh,Omar Bully Drammeh
272612,B. Gruda,Brajan Gruda
272613,Né Lopes,Manuel Alberto Cunha Lopes
272616,L. Raillot,Lilian Raillot
272617,K. Wilson,Kyrell Wilson
272622,S. Ghojaehmet,Shahzat Ghojaehmet
272624,P. Reinhardsen,Peter Reinhardsen
272644,H. Ogunneye,Habeeb Ogunneye
272646,J. Öst,Jesse Öst
272648,T. Keskinen,Topi Keskinen
272650,G. Hoddle,George Hoddle
272651,T. Cannon,Thomas Christopher Cannon
272655,A. Fesshaie,Alexander Fesshaie Beraki
272656,V. Gonçalves Andersson,Victor David Gonçalves Andersson
272659,E. Aksakal,Ensar Aksakal
272660,T. Momuluh,Thaddäus-Monju Momuluh
272668,A. El Ouazzani,Amine El Ouazzani
272672,L. Ness,Lucas Benjamin Ness
272673,Z. Mitchell,Zach Mitchell
272675,K. Ciubotaru,Kevin Ciubotaru
272687,B. Cremaschi,Benjamin Cremaschi
272690,G. Mottes,Gonzalo Daniel Mottes
272699,J. Pérez,Juan Camilo Pérez Vasco
272702,R. Shipston,Rio Shipston
272705,N. Mawene,Noah Beaumont Mawene
272708,P. Madanha,Panashe Peter Madanha
272709,G. Lindgren,Gustav Lindgren
272712,E. Stroud,Elliot Stroud
272718,Joel Roca,Joel Roca Casals
272723,L. Di Lollo,Lautaro Federico Di Lollo
272725,M. Prati,Matteo Prati
272726,G. Ambrosino,Giuseppe Ambrosino Di Bruttopilo
272733,Oberdan,Oberdan Alionço de Lima
272734,B. Reyna,Roberto Bryan Reyna Casaverde
272735,S. Mucha,Szczepan Mucha
272736,B. Wales,Bobby Wales
272737,A. Simmons,Aidan Simmons
272748,M. Mewlan,Mewlan Mijit
272753,K. Lopez,Kevin Miguel Ángel López
272755,J. Castro,Jacob Alex Castro
272756,F. Loyola,Favian Loyola
272759,Li Ning,Li Ning
272761,Lyu Jiaqiang,Lü Jiaqiang
272769,N. Schiks,Niek Schiks
272776,L. Kuavita,Léandre Filipe Kuavita
272777,B. Humphreys,Bashir Humphreys
272781,E. Ben Seghir,Eliesse Ben Seghir
272783,A. Atta,Arthur Atta
272785,C. Mawissa,Christian Mawissa Elebi
272787,S. Simoni,Simon Simoni
272792,Duan Dezhi,Duan Dezhi
272808,F. Bohnert,Florian Bohnert
272813,J. Reid,Jayden Reid
272814,Zhao Jia'nan,Zhao Jianan
272817,B. Cambridge,Brandon Cambridge
272825,Geovane Jesus,Geovane de Jesus Rocha
272828,M. Qasheesh,Majed Mohammed Ali Qasheesh
272829,Ângelo,Ângelo Gabriel Borges Damaceno
272830,M. Faqihi,Muath Abdulaziz Ahmad Fagihy
272832,S. Kozuki,Soichiro Kozuki
272833,M. Al Rajih,Mubarak Abdulrahman Mubarak Al Rajeh
272834,João Neves,João Pedro Gonçalves Neves
272835,H. Picard,Hugo Picard
272839,M. Giménez,Matías Daniel Giménez Rojas
272844,L. Arce,Ismael Lucas Ariel Arce
272853,M. Rajović,Mileta Rajović
272857,S. Rodríguez,Santiago Alejandro Rodríguez
272860,P. Souto,Pedro Souto
272861,N. Watson,Nicólas Ezequiel Watson
272862,M. O'Mahony,Mark O'Mahony
272863,F. Umeh,Franco Umeh-Chibueze
272872,R. Květ,Roman Květ
272874,A. Engels,Arne Engels
272875,T. Bouchlarhem,Théo Bouchlarhem
272876,D. Kamenović,Dimitrije Kamenović
272877,C. Byrne,Cian Byrne
272881,S. Baetaih,Saeed Khalid Baattia
272886,N. Khumbeni,Nelson Wilfred Khumbeni
272887,X. Valdez,Xavier William Valdez Derrig
272891,V. Bergh,Viktor Bergh
272893,G. Paredes,Gabriel Paredes
272894,K. Danois,Kévin Danois
272895,C. Hughes,Charles Roger Hughes
272896,Y. Lührs,Yannik Luka Lührs
272902,T. Sultani,Tomás Ezequiel Sultani
272904,Pedro Alemañ,Pedro Alemañ Serna
272906,D. Al Enazi,Dhari Sayyar Al Anazi
272908,O. Camara,Ousmane Nana Camara
272909,M. Janssen,Marek Janssen
272911,F. Watson,Franco Nahuel Watson
272912,D. Puebla,Damián Puebla
272913,A. Sögaard,Joseph Amadeus Sögaard
272916,N. Vasić,Nikola Karađorđe Vasić
272918,F. Nissen,Fredrik Philip Ferdinand Nissen
272919,R. Omorowa,Efosa Richie Omorowa
272920,L. Małachowski Thorell,Ludwig Malachowski Thorell
272926,L. Bergvall,Lucas Erik Holger Bergvall
272927,T. Bergvall,Theo Bergvall
272930,S. Kotto,Samuel Junior Kotto
272931,H. Bolin,Hugo Bolin
272932,M. Widell,Melker Widell
272939,M. Abaldo,Matías Ezequiel Abaldo Menyou
272941,E. Grozdanić,Emin Grozdanic
272943,M. Ilenič,Mitja Ilenič
272944,R. Badescu,Robert Gabriel Bădescu
272945,N. Capraro,Nicolás Capraro
272946,R. Insua,Rodrigo Axel Insúa
272947,M. Peinipil,Mauro Martín Peinipil
272949,M. Brondo,Manuel Brondo Spinelli
272951,K. Castaño,Kevin Duván Castaño Gil
272952,A. Kurochkin,Anton Kurochkin
272958,R. Owusu-Oduro,Rome Jayden Owusu-Oduro
272959,V. Granath,Villiam Granath
272961,D. Virginio Deen,Daniël Virginio Deen
272962,N. Mohammed,Naeem Mohammed
272965,I. Alemayehu,Isak Alexander Alemayehu Mulugeta
272967,D. Al Saed,Danilo Andrés Al Saed Alvarado
272968,F. Ottosson,Karl Filip Ottosson
272974,G. Allala,Gian Franco Allala Menéndez
272978,J. Hato,Jorrel Hato
272980,O. Aertssen,Olivier Aertssen
272982,C. Rasmussen,Christian Theodor Kjelder Rasmussen
272983,J. Banel,Jaydon Amauri Banel
272986,K. Kamara,Kaedyn Kamara
272990,B. Oyola,Braian Ezequiel Oyola
272992,Bruno Mota,Bruno Rodrigues Mota
273007,Sha Yibo,Sha Yibo
273008,J. Schreuders,Jorg Schreuders
273012,S. Valdéz,Sebastián Anibal Váldez
273018,Andrey Santos,Andrey Nascimento dos Santos
273020,J. Low,Joseph David Low
273022,Yeray,Yeray Cabanzón de Arriba
273027,C. Keeley,Conor Keeley
273028,M. Del Blanco,Mateo Del Blanco
273044,M. Brøndbo,Magnus Brøndbo
273046,L. Prasse,Luca Prasse
273047,A. Jungdal,Andreas Kristoffer Jungdal
273051,J. Domina,Jerónimo Dómina
273079,J. Ludueña,Juan Pablo Ludueña
273080,R. Castillo,Rodrigo Castillo
273081,B. Barros Schelotto,Bautista Barros Schelotto Suárez
273082,T. Waddingham,Thomas Waddingham
273089,E. Salinas,Edilson Noé Salinas
273090,M. Mendoza,Mateo Tomás Mendoza
273100,E. Krasniqi,Ermal Krasniqi
273114,J. Lemmer,Jakob Lemmer
273120,A. Vásquez,Anthony Vásquez Arcila
273122,A. Watts,Akil Amen-Diop Watts
273123,N. Zézé,Nathan Zézé
273124,Célio Pompeu,Célio Antonio Pompeu Pinheiro Martins
273127,A. Cigaņiks,Andrejs Cigaņiks
273128,R. Durosinmi,Rafiu Adekunle Durosinmi
273459,C. Rigg,Christopher John Rigg
273463,João Gomes,João Victor Gomes da Silva
273464,J. Gordon,John-Kymani Linton Michael Gordon
273522,S. Ntamack,Samuel Bernard Ntamack Ndimba
273526,P. Kikianis,Panagiotis Kikianis
273529,A. Bonetig,Alexander Bonetig
273530,M. Younis,Marcus Younis
273533,F. Bouebari,Franci Clarck Bouebari Kitsamoutse
273535,B. Bilongo,Bryant Akono Bilongo
273537,K. Corbanie,Kobe Corbanie
273538,N. Goitea,Nicolás Omar Eduardo Goitea
273545,A. Olsen,Aaron Kiil Olsen
273546,G. Ilenikhena,George Osrzehmen Ilenikhena
273548,P. Stroud,Peter Forrest Stroud
273550,J. Dean,Robert Jonathan Dean Jr
273552,K. Hughes,Keegan Monroe Hughes
273553,G. Segal,Gabriel North Segal
273558,S. McMullan,Stephen Desmond Soraghan McMullan
273560,M. Rocha,Matías Emiliano Rocha Calderón
273564,G. Orban,Gift Emmanuel Orban
273573,M. Healy,Matthew James Healy
273577,J. Valiente,Joaquín Valiente Cioli
273581,Diego Aznar,Diego Aznar Valero
273582,J. Lukiċ,Jovan Lukić
273583,D. Tegues,Deivid Celestino Tegues Hernández
273584,J. Duarte,Jesús David Duarte Arias
273593,G. Friberg,Gustav Friberg
273596,K. Karlsson,Kazper Rikard Karlsson
273598,M. Adu-Poku,Michael Adu-Poku
273599,H. Amass,Harry John Amass
273600,J. Grieves,Jack Grieves
273602,A. Giorgini,Andrea Giorgini
273603,M. Antoni,Mateo Antoni Pavón
273604,L. Rodríguez,Luciano Rodríguez Rosales
273610,A. Ferrari,Andrés Martín Ferrari Malviera
273613,A. Ahlstrand,Albin Ahlstrand
273614,C. Niyukuri,Claus Babo Niyukuri
273615,S. Østraat,Sander Kaldråstøyl Østraat
273616,R. Esse,Romain Joy Kouakou Esse
273619,M. Mellon,Michael Jordan Donald Mellon
273621,J. Beadle,James Giles Beadle
273628,T. Slotsager,Tobias Slotsager
273633,Lee Jung Taek,Jung-taek Lee
273641,Sun Guoliang,Sun Guoliang
273649,F. Berglie,Fredrik Tobias Berglie
273651,J. Quansah,Jarell Amorin Quansah
273652,T. Cipot,Tio Cipot
273663,Pedro Santos,Pedro Carvalho Santos
273666,A. Sbaï,Mohamed Amine Sbaï
273667,J. Diehl,Justin Diehl
273674,R. Bucur,Raul Gabriel Bucur
273678,G. Gheorghe,Gabriel Gheorghe
273681,A. Piedrahita,Alejandro Piedrahita Díaz
273683,D. Rodríguez,Derlis Osmar Rodríguez Maciel
273690,Mateus,Mateus Oliveira Mendes
273692,K. Balmer,Kofi Balmer
273693,D. Ozoh,David Ikechukwu Ozoh
273694,Busanello,Gabriel Dal Toé Busanello
273707,L. Hernández,Lucas Camilo Hernández Perdomo
273711,S. Solari,Santiago Germán Solari Ferreyra
273712,G. Kanellopoulos,Georgios Kanellopoulos
273730,E. Cabrera,Elías Lautaro Cabrera
273731,R. Formento,Rodrigo Nicolás Formento Chialanza
273748,J. Panichelli,Joaquín Panichelli
273750,Gonçalo Nogueira,Gonçalo Teixeira Nogueira
273752,W. Goes,Wouter Goes
273754,A. Prakash,Ahan Prakash
273755,H. Nongtdu,Halen Nongtdu
273756,A. Chhikara,Ayush Chhikara
273760,N. Barla,Nikhil Barla
273764,U. Sánchez,Ulises Benjamín Sánchez
273767,N. Meriano,Nicolás Meriano
273768,S. Longo,Santiago Andrés Longo
273770,I. Tapia,Ignacio Tapia
273771,S. Telalović,Semir Telalović
273773,G. Nikum,Gyamar Nikum
273778,T. Goller,Tim Goller
273787,Hwang Do Yun,Do-yoon Hwang
273788,Son Seung Beom,Seung-beom Son
273794,Kim Hyeon Deok,Hyeon-deok Kim
273795,Cho Young Kwang,Young-kwang Cho
273800,Choi Woo Jin,Woo-jin Choi
273803,J. Badelj,Juraj Badelj
273810,Ji Sang Wook,Sang-wook Gi
273814,Choi Sung Bum,Sung Bum Choi
273815,Moon Seong Woo,Seong Woo Moon
273826,Emiro Garcés,Carlos Emiro Garcés Torres
273827,G. Puerta,Gustavo Aldolfo Puerta Molano
273835,L. Raolisoa,Lilian Raolisoa
273839,P. Charles,Pierce Charles
273840,Beni,Benedito Mambuene Mukendi
273843,A. Arce,Álex Adrián Arce Barrios
273850,S. Boselli,Juan Sebastián Boselli Graf
273854,E. Álvarez,Emiliano Álvarez
273855,D. Stojinović,Dušan Stojinović
273858,A. Ali,Abdihakin Ali
273863,F. Espinoza,Felipe Ignacio Espinoza Ramírez
273866,F. Alfonso,Franco Tomás Alfonso
273870,Y. Paintsil,Winston Robin Yaw Paintsil
273872,D. Radnóti,Radnóti Dániel István
273875,Álex Valle,Álex Valle Gómez
273877,V. Mohanan,Vibin Mohanan
273878,N. Sudeesh,Nihal Sudeesh
273879,M. Zothanpuia,Mark Zothanpuia
273880,B. Yumnam,Bikash Yumnam
273882,B. Klaverboer,Bernt Klaverboer
273883,C. Casadei,Cesare Casadei
273884,C. Ordoñez,Christian Nahuel Ordoñez
273885,L. Reichardt,Leon Reichardt
273889,T. Smith,Tom Smith
273893,F. Dahl,Fredrik Kristensen Dahl
273897,M. Harboush,Mohammed Essa Harbush
273898,J. Anderson,Joseph William Anderson
273904,F. Sánchez,Felipe Sánchez
273905,A. Sosa,Alan Alejandro Sosa
273906,Renato Veiga,Renato de Palma Veiga
273913,G. Morachioli,Gregorio Morachioli
273915,N. Štulić,Nikola Štulić
273917,G. Aurelio,Giuseppe Aurelio
273918,Vivaldo,Vivaldo Leandro Semedo Moura Sousa
273921,A. Villalobos,Manuel Agustín Villalobos
273922,W. Chalá,Walter Jhonnier Chalá Rosales
273926,N. Butler-Oyedeji,Nathan Jerome Chatoyer Butler-Oyedeji
273927,E. Agyei,Enock Atta Agyei
273930,J. Soonsup-Bell,Jude Jacob Soonsup-Bell
273931,E. Bakatukanda,Elias-Geoffrey Bakatukanda
273932,G. Gineitis,Gvidas Gineitis
273933,K. Ouattara,Kassoum Ouattara
273935,Alemão,João Victor Tornich
273936,A. Dembélé,Ali Bina Dembélé
273948,K. Oppong,Kojo Peprah Oppong
273949,S. Bolma,Stephen Bolma
273950,M. Baggesen,Marcus Baggesen
273952,Vinícius Nogueira,Vinícius Nogueira de Oliveira
273962,M. Soumano,Moussa Soumano
273964,V. Depietri,Valentín Depietri
273969,B. Ramírez,Bryan Josías Ramírez León
273976,D. Barrera,Diego Nicolás Barrera
273978,J. Dunsby,Jakob Maslø Dunsby
273979,C. McGuckin,Ciaran Reece McGuckin
273982,R. Melo,Rodrigo Iñaki Melo
273984,E. Bores,Eduardo David Bores Díaz
273987,P. Pernicone,Patricio Ezequiel Pernicone
273998,André Gomes,André Nogueira Gomes
274000,E. Saad,Elias Saad
274004,Kiki Silva,Francisco Pedro Tiago Silva
274005,J. Bertolissio,Joel Bertolissio
274006,M. François,Marlee Jean Francois
274010,M. Añasco,Maximiliano Nahuel Añasco Dornells
274011,J. Castillo,Jesús Castillo Peña
274022,Kim Ju Chan,Joo-chan Kim
274024,E. Karzev,Eden Karzev
274026,Kang Hyun Je,Hyeon-je Kang
274035,Lee Seung Won,Seung-won Lee
274038,N. Oliveira,Nicolas-Bernd Oliveira Kisilowski
274041,Kim Do Hyun,Do-hyun Kim
274046,L. Ferreira,Lucas Agustín Ferreira Zagas
274050,Yu Sun,Sun Yu
274055,I. Hughes,Isaac Robert Hughes
274057,T. Rommens,Tuur Rommens
274065,D. Rankine,Dion Joseph Rankine
274069,B. Hughes,Brodi Hughes
274078,Vasco Sousa,Vasco José Cardoso Sousa
274080,Mario García,Mario García Alvear
274081,G. Rodríguez,Gregorio Rodríguez
274082,A. Matturro,Alan Agustín Matturro Romero
274083,E. Villanueva,Eduardo Andrés Villanueva Silva
274089,N. Pyyhtiä,Niklas Anton Juhana Pyyhtiä
274090,F. Paoletti,Flavio Paoletti
274091,J. Halwachs,Julian Halwachs
274093,D. Herold,David Herold
274094,K. Swyer,Kamarai Simon-Swyer
274096,C. Ligue,Calixte Paul Ligue
274099,Paulinho,Paulo Rafael Pereira Araújo
274101,J. Janitzek,Justin Janitzek
274102,O. Scarles,Oliver Scarles
274105,Manu Silva,Manuel Jorge Silva
274107,CJ Fodrey,Calvin Jay Fodrey
274115,Cho Min Kyu,Min-kyu Cho
274116,Jo Hyun Tae,Hyun-tae Jo
274117,Cho Jin Hyuk,Jin-hyuk Cho
274121,C. Casper,Charlie Casper
274122,M. Barrios,Martín Barrios Santos
274124,J. Paredes,Junior José Paredes Jaspe
274125,S. Morales,Santiago Morales
274126,P. Brunner,Paris Josua Brunner
274130,S. Korać,Seid Korač
274132,J. Goicochea,Juan Pablo Goicochea del Carpio
274133,M. Heier,Melker Heier
274134,A. Jensen,Alexander Jensen
274144,L. Montenegro,Lisandro Sebastián Montenegro
274145,M. Zalazar,Maximiliano Ezequiel Zalazar
274187,Gabriel Pereira,Gabriel Pereira Magalhães dos Santos
274188,Depú,Laurindo Dilson Maria Aurélio
274191,D. Yokota,Daisuke Yokota
274195,A. Torrico,Andrés Torrico Franco
274196,M. Fonseca,Matias Fonseca
274197,F. Gelli,Francesco Gelli
274199,M. Fischer,Mikkel Rosleff Fischer
274207,B. Antúnez,Bruno Antúnez D'Espaux
274208,I. Kostis,Ilias Kostis
274209,Carlos Álvarez,Carlos Álvarez Rivera
274212,Pau Sans,Pau Sans López
274213,D. Lončar,Danijel Lončar
274219,A. Abdullahi,Ahmed Abdullahi
274220,M. Capan,Marko Capan
274226,M. Kömür,Mert Kömür
274228,A. Sasu,Aron Kwame Jolle Sasu
274231,Ó. Perea,Óscar Andrés Perea Abonce
274232,Jung Jin Woo,Jin-woo Jeong
274246,L. Miley,Lewis Miley
274254,D. Romero,Dorny Alexander Romero Chalas
274259,Robson Matheus,Robson Matheus Tomé de Araújo Benegas
274262,L. Quintana,Lucas Ariel Quintana Rodríguez
274264,J. Niemiec,Jona Niemiec
274266,A. García Basso,Agustín Eugenio García Basso
274268,M. Marqués,Mikael Josh Marques de Pombal Vivar
274269,P. Walters,Paul Walters
274270,Rui Modesto,Rui Manuel Muati Modesto
274272,N. Cobb,Noah Cobb
274273,A. Fortune,Ajani Fortune
274278,Lee Taek Keun,Taek-geun Lee
274288,O. Gloukh,Oscar Gloukh
274342,R. Bustos,Ronald Steven Bustos Torrelio
274350,E. Çakır,Eren Çakır
274352,M. Kuzucu,Mehmet Kuzucu
274355,Iker Muñoz,Iker Muñoz Cameros
274358,Lalo Aguilar,Gonzalo Aguilar López
274359,N. Opoku,Nathaniel Opoku Onyina
274363,J. Guerra,Javier Guerra Villaroel
274369,M. Perković,Mauro Perković
274377,E. González,Enso David Gonzalez Medina
274378,M. Fernández,Marcelo Fabián Fernández Benítez
274382,L. Abascia,Lucas Nicolás Abascia
274387,R. Walters,Reuell Joshua Walters
274389,K. Edwards,Khayon Edwards
274390,J. Henry-Francis,Jack Henry-Francis
274394,S. Fusire,Sean Sheunesu Fusire
274397,M. Rădulescu,Mihnea Gabriel Rădulescu
274401,J. Bisanz,Juan Francisco Bisanz
274404,B. Ward,Benn David Ward
274405,J. Bauress,Joseph Michael Bauress
274406,P. Dahbo,Pontus Bror Harry Dahbo
274408,S. Salle,Santiago Salle
274409,Park Se Jin,Se-jin Park
274411,Han Tae Hui,Tae-hui Han
274413,Jung Yoon Seo,Yoon-seo Jung
274414,Yoo Ji Un,Ji-un You
274419,Choi Chi Ung,Chi-ung Choi
274422,Lee Hyun Yong,Hyeon-yong Lee
274425,Lee Dae Gwang,Dae-kwang Lee
274437,Jorge Teixeira,Jorge Luiz Barbosa Teixeira
274439,A. Baron,Anthony Kévin Baron
274440,I. Fofana,Ibrahim Cheick Junior Fofana
274442,A. Joujou,Antoine Joujou
274444,A. Przyborek,Adrian Przyborek
274445,K. Konaté,Karim Konaté
274447,N. Mukau,Ngal'ayel Mukau
274448,M. Tielemans,Mathijs Tielemans
274449,M. Nassoh,Mohamed Nassoh
274451,J. Dempsey,Jesse Dempsey
274452,L. Vorlický,Lukáš Vorlický
274456,W. Davis,Warren Davis
274458,E. López,Enzo Adrián López
274463,C. Konaté,Cheick Oumar Konaté
274465,João Marques,João Miguel Vieira Freitas da Silva Marques
274472,N. Lowe,Nathan Lowe
274474,D. Okagbue,David Okagbue
274478,T. Vanhoutte,Timon Maurice Vanhoutte
274479,J. Oram,Jake Anthony Oram
274486,Marvel,Marvelous Antolín Garzón
274489,F. Pekruhl,Fabian Pekruhl
274490,R. Rosario,Rayvien Rosario
274491,A. González,Alexander Nicolás González Pérez
274492,M. Perez,Miguel Perez
274494,F. Al Abdulrazzaq,Fahad Khalid Al Abdulraziq
274503,H. Ancajima,Hugo Axell Ancajima Effio
274516,I. Osman,Osman Ibrahim Abrahim
274521,S. Quirós,Santiago Alexander Quirós
274522,F. López,Franner Xavier López Castillo
274525,F. Oliveros,Franyer José Oliveros Infante
274526,E. Durakovic,Emin Durakovic
274527,L. Grgić,Leon Grgić
274528,L. Schouten,Lewis Schouten
274533,D. Munie,Daniel Munie
274534,A. Privett,Andrew Privett
274535,M. Arfsten,Maximilian Arfsten
274536,M. Bombito,Moïse Bombito Lumpungu
274537,P. Quinton,Philip Quinton
274540,A. Heredia-Randen,Andreas Heredia-Randen
274542,S. Jimenez,Stiven Jimenez
274548,B. Gezek,Baran Ali Gezek
274549,T. Sarıarslan,Talha Sarıarslan
274553,A. Anello,Agustín Anello Giaquinta
274554,R. Brajković,Roko Brajković
274555,Mario Martín,Mario Martín Rielves
274559,K. Páez,Ray Kendry Páez Andrade
274564,L. Martínez,Luis Gilberto Martínez Soto
274565,J. Hofmann,Jannik Hofmann
274569,T. Avilés,Tomás Agustín Avilés
274570,D. Barrea,Daniel Barrea
274574,N. Pierre,Nelson Pierre
274581,H. Endeley,Herbert Endeley
274616,S. Kılıçsoy,Semih Kılıçsoy
274617,M. Pannewig,Mats Henry Pannewig
274630,J. Thomson,Jack Thomson
274636,A. Bannon,Alex Bannon
274665,S. Mohammed,Abdul Shakur Mohammed
274672,Seo Myeong Kwan,Myeong-kwan Seo
274682,A. Seghetti,Alessandro Seghetti
274684,N. Scardina,Nicholas Scardina
274685,P. Agyemang,Patrick Agyemang
274686,N. Berchimas,Nimfasha Berchimas
274692,R. Labeau Lascary,Rémy Labeau Lascary
274694,Cho Sung Gwon,Sung-gwon Cho
274696,L. Köster,Louis Köster
274699,S. Tzimas,Stefanos Tzimas
274701,J. Romsaas,Jakob Napoleon Romsaas
274702,L. Lipani,Luca Lipani
274707,K. Amaniampong,Kaden Nana Kwaku Attakora Amaniampong
274717,A. Villa,Alexis Napoleón Villa León
274719,Y. Erique,Yeltzin Hernán Erique Villigua
274721,F. Accornero,Federico Accornero
274722,G. Gocholeishvili,Giorgi Gocholeishvili
274723,K. Toirov,Khusrav Toirov
274724,V. Kabaev,Vladyslav Kabaev
274726,N. Voloshyn,Nazar Voloshyn
274728,S. Diallo,Samba Diallo
274729,M. Dyachuk,Maksym Dyachuk
274730,D. Ignatenko,Denys Ignatenko
274732,D. Kryskiv,Dmytro Kryskiv
274734,C. Petro,John Charles Petro
274735,P. Klemens,Pascal Klemens
274736,J. Saborido,Juan Ignacio Saborido
274741,C. Zambrano,Cristhoper Douglas Zambrano Méndez
274742,O. Thorn,Oscar Thorn
274828,Álex Calvo,Alejandro Calvo Mata
274830,M. Gurgul,Michał Gurgul
274834,M. Rots,Mats Rots
274839,Jung Ji Hoon,Ji-hoon Jeong
274841,D. McGuire,Duncan MacAllister McGuire
274844,J. Vester,Jakob Vester Nielsen
274845,M. Tourraine,Mathys Tourraine
274852,A. Wogan,Andrew Wogan
274853,D. Madritsch,Diego Madritsch
274855,M. Koskela,Miika Koskela
274865,J. Majchrzak,Jordan Aleksander Majchrzak
274896,G. Padrón,Gerardo José Padrón Colmenares
274897,H. Linares,Heiber Eduardo Linares Martínez
274906,M. Chytil,Mojmír Chytil
274912,D. Nduka,Donald Nduka
274913,C. Bonsu Baah,Christopher Bansu Baah
274915,E. Diouf,El Hadji Malick Diouf
274923,N. Pallas,Noah Pallas
274924,L. Opitz,Leon Opitz
274927,K. Hlynsson,Kristian Nökkvi Hlynsson
274928,S. Esposito,Sebastian Esposito
274934,D. Watson,David Shankland Watson
274942,C. Glover,Caden Edward Glover
274944,D. Downs,Damion Lamar Downs
274947,M. Pellegrino,Marco Pellegrino
274948,U. Charles,Uba Charles Nwokoma
274949,N. Herrera,Nahuel Herrera Viera
274952,O. Højlund,Oscar Winther Højlund
274959,J. Batty,Jake Thomas Batty
274970,E. Eneli,Chukwuemeka Somto
274974,M. Carrizo,Máximo Augusto Carrizo Ballesteros
274976,Alonso Coello,Alonso Coello Camarero
274977,Marciano,Marciano Sanca Tchami
274978,M. Brandán,Álvaro Moisés Brandán Calachi
274979,J. Hjertø-Dahl,Jens Hjertø-Dahl
274987,Masca,Francisco Fumaça Mascarenhas Costa Pessoa
274988,E. Harrison,Elyh Harrison
274992,S. Sjøvold,Stian Sjøvold Thorstensen
274993,M. Wörner,Marco Wörner
274998,J. Shore,Jonathan Shore
274999,K. Okpala,Kennedy Onyedika Okpala
275000,A. Grønneberg,Alf Lukas Noel Grønneberg
275001,R. Torales,Richard Daniel Torales Peralta
275003,A. Paredes,Jesús Abel Paredes Melgarejo
275006,M. Faal,Modou Lamin Faal
275008,J. Neeley,Jack Neeley
275011,K. Sims,Kees Edward Smids Sims
275016,Gustavo Marins,Gustavo Henrique Marins Silva
275019,E. Diop,Edan Diop
275024,J. Kalumba,Justin-Noël Kalumba Mwana Ngongo
275027,G. Diouf,Gora Diouf
275028,Arthur,Arthur Augusto de Matos Soares
275029,I. Maza,Ibrahim Maza
275032,N. Mićović,Novak Mićović
275042,A. Salazar,Andrés Salazar Osorio
275043,A. Cerda,Axel Milovan Cerda Ponce
275044,D. Corral,Diego Corral Contreras
275045,N. Letelier,Nicolás Ignacio Letelier García
275046,B. Damiani,Bruno Damiani Píriz
275048,C. Talbi,Chemsdine Talbi
275050,K. Sabbe,Kyriani Sabbe
275051,R. Vermant,Romeo Vermant
275054,E. Ocampo,Édier Ocampo Vidal
275056,S. Alioum,Saidou Alioum Moubarak
275059,A. Ødegård,Arne Hopland Ødegård
275062,D. Guðjohnsen,Daníel Tristan Guðjohnsen
275067,Lamine Fanne,Mouhamed Lamine Fanne Dabo
275070,Otávio,Otávio Ataíde da Silva
275076,Kang Joon Hyuck,Joon-hyuck Kang
275077,F. Topić,Fran Topić
275079,E. Bishesari,Elis Stefan Bishesari
275080,K. Bilalović,Kenan Bilalović
275087,R. Sagrado,Richie Sagrado Sebastiao
275090,L. Villiger,Lars Villiger
275100,J. Mosqueira,Joaquín Mosqueira
275101,B. Kamungo,Bernard Kamungo
275102,S. Magassa,Soungoutou Magassa
275108,W. Bogacz,Wiktor Bogacz
275126,Aleix Garrido,Aleix Garrido Cañizares
275128,A. Al Julaydan,Ahmed Yousef Ahmed Al Julaydan
275130,N. Elphege,Nesta Elphege
275134,J. Valadon,Jordi Francis Valadon
275137,V. Atangana,Valentin Atangana Edoa
275138,L. Camara,Lamine Camara
275139,M. Živković,Moreno Živković
275153,M. Jeng,Malcolm John Matarr Jeng
275161,D. Andersson,David Andersson
275162,T. Barbieri,Tommaso Barbieri
275163,R. Belahyane,Reda Belahyane
275170,A. Børset,Anders Rønne Børset
275172,A. Nureli,Nureli Abbas
275179,A. Barbotte,Alcides Javier Barbotte Fariña
275180,T. Servín,Thiago Adrián Servín Aguilar
275183,J. Mellberg,John Mellberg
275184,D. Ezeh,David Ezeh
275190,Zheng Haoqian,Zheng Haoqian
275192,L. Vušković,Luka Vušković
275195,Y. Pîrvu,Yanis Nikolas Christian Pîrvu
275196,R. Vata,Rocco Vata
275201,F. Thorvaldsen,Filip Erik Thorvaldsen
275205,T. Fernández,Thiago Cruz Fernández
275206,L. Comenencia,Livano Comenencia
275207,F. Leysen,Fedde Leysen
275208,G. Doué,Guéla Doué
275209,L. Assadi,Lucas Humberto Assadi Reygadas
275211,D. Gebuhr,Dario Ndubuisi Gebuhr
275212,G. Vivi,Gino Vivi Quesada
275221,I. Aliyu,Ibrahim Aliyu
275224,C. Kouadio,Christ Sarkodjé Kouadio
275225,A. Roman,Alin Roman
275227,A. Dumitru,Antonio Mihai Dumitru
275233,M. Kowalczyk,Mateusz Kowalczyk
275238,N. Sigur,Niko Kristian Sigur
275241,P. Vydra,Patrik Vydra
275244,I. Samuels-Smith,Ishé Samuels-Smith
275246,T. Watson,Thomas Watson
275248,T. Helguera,Thiago Emanuel Helguera Merello
275249,N. Amasifuén,José Nicolás Amasifuén de Paz
275251,M. Cuevas,Mauricio Aimar Cuevas
275252,S. Afrifa,Stephen Afrifa-Kodua
275253,D. Ruíz,David Antonio Ochoa Posas
275257,M. Romero,Juan Manuel Romero Báez
275258,A. Boşluk,Arif Boşluk
275261,G. Nevett,George Nevett
275262,J. Sticker,Jonah Benedict Sticker
275267,M. Di Pizio,Miguel France Di Pizio
275271,O. Boesen,Oskar Adam Rudkjøbing Boesen
275272,M. Roberts,Myles Roberts
275274,M. Ouro-Tagba,Mansour Ouro-Tagba
275279,E. Iwe,Emmanuel Iwe
275283,S. Jansson,Sigge Skorpan Jansson
275288,M. Mbaye,Malick Mbaye
275289,B. Isola,Baptiste Isola
275290,M. Karlsson,Markus Karlsson
275291,N. Pisilli,Niccolò Pisilli
275292,A. Atum,Axel Atum
275294,R. Donkor,Ronald Donkor
275295,B. Bang-Kittilsen,Bork Classønn Bang-Kittilsen
275296,N. Galves,Nolan Galves
275297,L. Morrison,Liam Morrison
275298,A. Pavlović,Aleksandar Pavlović
275300,C. O'Brien,Connor O'Brien
275301,T. Sanusi,Trevan Sanusi
275304,Ji Shengpan,Ji Shengpan
275317,M. Patouillet,Mathieu Patouillet
275318,Jian Tao,Jian Tao
275319,Tang Chuang,Tang Chuang
275320,Q. Ezimet,Ezimet Qeyser
275322,Liao Rongxiang,Liao Rongxiang
275323,F. Willcox,Freddy Willcox
275324,A. Diao,Assane Diao Diaoune
275325,T. Martinelli,Tommaso Martinelli
275327,L. Štubljar,Lovro Štubljar
275328,C. Uzun,Can Yılmaz Uzun
275331,L. Möller,Liam Möller
275332,A. Bøndergaard,Asbjørn Bøndergaard
275333,Alberto Marí,Alberto Marí Sánchez
275336,T. O'Connor,Tomás O'Connor
275337,C. Makosso,Christ Melik Makosso
275338,C. Baker,Cody William Baker
275343,B. Rodríguez,Baltasar Luis Gallego Rodríguez
275347,M. Langstaff,Macaulay Kevin Langstaff
275351,L. Mahovo,Lucien Mahovo
275353,Z. El Ouahdi,Zakaria El Ouahdi
275360,Vinícius Lopes,Vinícius Lopes da Silva
275371,A. Saldivia,Alan Gabriel Saldivia Vázquez
275372,P. Diallo,Papa Amadou Diallo
275374,N. Ilaș,Narcis Ilaș
275401,M. Frigan,Matija Frigan
275411,T. Land,Tygo Land
275415,Jorge Pascual,Jorge Pascual Medina
275418,Y. Taha,Younes Taha El Idrissi
275419,D. Verduin,Duke Verduin
275429,D. Sotelo,David José Sotelo
275436,N. Darvich,Noah Yanis Darvich
275438,J. Pérez,Juan José Pérez Suaza
275443,F. Cavegn,Fabrizio Cavegn
275446,J. Mayer,Jonas Mayer
275461,D. Salgado,Dilan Amaro Salgado Soto
275462,C. Cabellos,Jeffrey Catriel Cabellos Vásquez
275468,Andrés García,Andrés García Robledo
275474,Liu Jun,Liu Jun
275487,B. Akinsola,Babatunde Jimoh Akinsola
275490,D. Tufekčić,David Tufekčić
275492,R. Holten,Rasmus Holten
275493,Luis Chacón,Luis Rodríguez Chacón
275497,Brais Martínez,Brais Martínez Prado
275499,M. Al Dawsari,Muhammad Dakhil Allah Al Dawsari
275507,M. Sarr,Mamadou Sarr
275515,E. Echenique,Ender Jesús Echenique Peña
275516,T. Strata,Tony Strata
275517,B. Touré,Ben Hamed Touré
275520,Manu Bueno,Manuel Bueno Sebastián
275522,L. Miller,Lennon Lee Miller
275544,M. Al Shuwayrikh,Mohammed Al Shwirekh
275545,Alan,Alan de Souza Guimarães
275549,A. Al Khaibari,Abdulelah Muhammad Al Khaibari
275554,A. Pietrelli,Alessandro Pietrelli
275557,H. Al Zabdani,Hussain Hassan Mushaib Al Zabdani
275559,A. Al Hotailah,Abdulaziz Saleh Al Hatila
275561,E. Al Muwallad,Eid Mohammed Saeed Al Muwallad
275564,M. Naif,Mohammed Naif Saleh Al Jahif
275570,S. Al Zaid,Suhayb Ayman Al Zaid
275571,A. Al Olewah,Abdulaziz Saud Al Elewai
275592,R. van Bommel,Ruben van Bommel
275594,T. Janisch,Tim Janisch
275595,A. Franco,Alex Fernando Franco Zayas
275599,S. Revan,Sebastian Revan
275600,M. Akahomen,Marvin Akahomen
275602,G. Valenzuela,Gerardo Valenzuela
275604,F. Roslyng,Frederik Roslyng
275610,T. Wójtowicz,Tomasz Wójtowicz
275620,A. Daho,Alex Daho
275621,G. Rapp,Gottfrid Rapp
275622,Hormigo,Diego Hormigo Iturralde
275631,K. Radulović,Kevin Radulovic
275634,A. Briedl,Alexander Briedl
275638,M. Seidl,Matthias Seidl
275639,S. Seidl,Simon Seidl
275641,F. Mayulu,Fally N'Dofunsu Mayulu
275642,A. Fetahu,Anteo Fetahu
275644,G. Szalai,Szalai Gábor Sándor
275645,N. Caliskan,Noel Caliskan
275648,A. Pop,Alexandru Mihai Constantin Pop
275649,Shi Songchen,Shi Songchen
275650,I. Memet,Imran Memet
275651,Peng Xiao,Peng Xiao
275652,Liu Xiaolong,Liu Xiaolong
275659,He Bizhen,He Bizhen
275663,Min Zixi,Min Zixi
275666,Zhang Tao,Zhang Tao
275673,Xu Zhenyao,Xu Zhenyao
275674,Ma Haoqi,Ma Haoqi
275682,K. Lhungdim,Khaiminthang Lhungdim
275683,M. Salah,Mohammed Salah
275686,T. Sousa,Travian Anthony Sousa
275687,A. Pradhan,Ashis Pradhan
275690,M. Pala,Mithat Pala
275691,I. Olawoyin,Ibrahim Olawoyin Olasunkanmi
275696,F. Đukić,Filip Djukic
275703,T. Lauritsen,Tobias Lauritsen
275704,F. Danho,Florian Thomas Danho Séké
275706,B. Beyer,Brian Beyer
275714,E. Maurin,Evans Fabrice Maurin
275721,T. Spycher,Tim Spycher
275733,N. Steffen,Niklas Steffen
275736,D. Kaygin,Dennis Kaygin
275739,O. El Sawy,Omar Sayed Mohamed Mahmoud El Sawy
275741,M. Lindberg,Marcus Lindberg
275742,F. Carlsen,Fredrik Carlsen
275754,L. Rosenboom,Lasse Rosenboom
275763,K. Spence,Kian Spence
275771,Igor Thiago,Igor Thiago Nascimento Rodrigues
275783,Kialonda Gaspar,Esmevânio Kialonda Gaspar
275785,Ronald,Ronald Pereira Martins
275856,N. Bakker,Nordin Bakker
275858,L. Duijvestijn,Lance Duijvestijn
275861,J. van de Kamp,Jochem Ritmeester van de Kamp
275867,S. Resink,Stije Resink
275871,A. Sulemani,Arion Sulemani
275878,E. Biumla,Emmanuel Junior Biumla Bayiha
275882,R. Gallo,Rodrigo Leonel Gallo
275901,Z. Mitrov,Zoran Mitrov
275912,F. Pittarello,Filippo Maria Pittarello
275918,N. Cvetković,Nenad Cvetkovic
275943,E. Kohler,Ethan David Kohler
275951,M. Pięczek,Marcel Pięczek
275952,R. Yakuba,Roman Yakuba
275960,D. Ihendu,Kelechi Daniel Ihendu
275965,C. Reilly,Charlie Reilly
275972,B. Pointon,Bobby Michael Pointon
275974,N. Ordaz,Nathan Rafael Ordaz
275976,M. Abu Fani,Mohammad Abu Fani
275978,P. Ratkov,Petar Ratkov
275982,I. Yegoian,Irakli Yegoian
275985,Alberto Reina,Alberto Reina Campos
275986,Álex Sancris,Alejandro San Cristóbal Sánchez
275988,K. Fisher,Kellen Fisher
276001,L. Libutti,Lorenzo Libutti
276003,D. Sounas,Dimitrios Sounas
276004,T. Buchmann,Tarek Buchmann
276007,P. Katseris,Panos Katseris
276017,A. Julloux,Adrien Julloux
276022,A. Boutrah,Amine Boutrah
276023,G. Kondo,Geoffrey Kondo
276027,R. Ghrieb,Rayan Ghrieb
276029,F. Mbemba,Freddy Situmona Mbemba
276033,P. Enrici,Patrick Enrici
276035,N. Buso,Nicolò Buso
276040,D. Caña,Denzel Fared Caña Cabello
276044,J. Herrera,Joel Douglas Herrera Gonzales
276047,V. Harper,Vincent Harper
276048,M. Fernandez-Pardo,Matias Fernandez-Pardo
276052,H. Blank,Hendry Aron Blank
276055,C. Waller,Charlie Waller
276057,Z. Schreiber,Zane William Schreiber
276060,F. Delap,Finn Anthony Delap
276066,D. Marczuk,Dominik Marczuk
276068,M. Mróz,Marek Mróz
276070,T. Devlin,Terry Devlin
276076,I. Alimi,Isnik Alimi
276083,Toni Abad,José Antonio Abad Martínez
276085,Sergio Ortuño,Sergio Ortuño Díaz
276087,D. Stamatakis,Dimitrios Stamatakis
276090,Jorquera,Joel Jorquera Romero
276093,E. Addai,Emmanuel Addai
276102,E. Sittaro,Emanuel Omar Sittaro Miranda
276104,G. Requena,Gonzalo Requena
276107,S. Fernández,Santiago Abel Fernández
276111,M. Soldo,Marko Soldo
276117,V. Reyes,Vicente Phillip Reyes Núñez
276118,A. Wagbe,Aurel Badji Wagbe
276119,N. Remberg,Nicolai Remberg
276122,A. Pašić,Alem Pašić
276123,D. Kovačević,Damjan Kovacevic
276129,N. Bajlicz,Nicolas Bajlicz
276130,C. Kleine-Bekel,Colin Noah Kleine-Bekel
276132,R. Creț,Răzvan Bogdan Creţ
276140,M. Tući,Marko Tući
276142,M. Zhelev,Milen Zhelev
276143,A. Singh,Ashangbam Aphaoba Singh
276159,T. Nikitscher,Tamás Nikitscher
276163,B. Tóth,Barna Tóth
276165,N. Niehoff,Niklas Niehoff
276167,M. Ivezić,Marko Ivezić
276168,N. Grimbs,Nico Grimbs
276169,I. Boatwright,Israel Ramón Boatwright de la Cruz
276170,A. Diaby,Abdoulaye Diaby
276171,S. Vladi,Shkëlqim Vladi
276172,L. Lüthi,Loïc Lüthi
276173,F. van Breemen,Finn van Breemen
276178,E. Havel,Elias Havel
276187,G. Hoefsloot,Gus Tinus Hoefsloot
276188,M. Ouédraogo,Mohamed Ouédraogo
276189,D. Beširović,Dino Beširović
276190,M. Seybold,Marvin Seybold
276191,P. Maier,Philipp Maier
276195,M. Hannemann,Moritz Hannemann
276198,Á. Yaakobishvili,Áron Yaakobishvili
276205,M. Drešković,Meldin Dreskovic
276207,H. Ojediran,Hamzat-Basit Ojediran
276211,A. Kyziridis,Alexandros Kyziridis
276216,E. Banzuzi,Ezechiel Banzuzi
276220,K. Szűcs,Kornél Szűcs
276232,D. Lukács,Dániel Lukács
276235,F. Mughe,François Régis Mughe
276244,E. Sutcliffe,Ethan Sutcliffe
276247,V. Hamdiu,Valon Hamdiju
276249,L. Bayliss,Lachlan Ryan Bayliss
276251,J. Torsvik,Jonas Tviberg Torsvik
276252,M. Farji,Marko Lawk Farji
276256,M. Diakhon,Mamadou Diakhon
276257,F. Fall,Fallou Fall
276258,T. Koudou,Thérence Ange Koudou
276259,A. Fábry,Andrej Fábry
276270,B. Bauer,Benedikt Bauer
276271,T. Eisenhuth,Tobias Eisenhuth
276272,N. Ganaus,Noah Ganaus
276278,P. Sučić,Petar Sučić
276283,F. Gruber,Fabio Gruber
276287,J. ter Horst,Jano ter Horst
276288,L. Frenkert,Lukas Frenkert
276289,Y. Bouchama,Yassine Bouchama
276292,F. Bähr,Florian Bähr
276295,T. Barry,Thierno Barry
276302,M. Topić,Mirko Topić
276305,R. Van Helden,Rein Van Helden
276309,A. Larose,Antoine Larose
276311,S. Castañeda,Santiago Castaneda
276312,J. Mause,Jannik Mause
276314,R. Belghali,Rafik Belghali
276315,A. Piedfort,Arthur Piedfort
276316,H. Teklab,Henok Teklab
276319,P. Stock,Paul Stock
276320,D. Bogićević,Donny Bogićević
276321,D. Pantschenko,Daniel Pantschenko
276322,L. Olmeta,Lisandru Olmeta
276324,T. Dago,Trévis Dago
276325,S. Güler,Serhat-Semih Güler
276327,P. Nkoa,Salomon Patrick Amougou Nkoa
276332,R. De Havilland,Ryan James De Havilland
276337,A. Keller,Aaron Keller
276342,T. Gözüsirin,Tarik Gözüsirin
276343,A. Hawsawi,Abdulelah Mohammed Saeed Hawsawi
276344,I. Răducan,Iustin Alexandru Răducan
276346,M. Melia,Mason Melia
276347,J. Surovčík,Jakub Surovčík
276352,J. Hutters,Jonathan Jørgensen Hutters
276353,M. Kirsch,Marian Kirsch
276354,J. Krzywański,Jan Krzywański
276356,G. Christensen,Gustav Ørsøe Christensen
276358,G. Ranos,Grant-Leon Ranos
276363,K. Tejan,Kay Tejan
276365,M. Brandt,Max Julian Brandt
276367,L. Curda,Laurin Curda
276369,M. Abbey,Moses Abbey
276371,M. Hansen,Mattes Hansen
276372,I. Ansah,Ilyas Ansah
276375,A. Ljungberg,August Johan Ljungberg
276377,L. Høgsberg,Lucas Høgsberg
276385,D. Skura,Declan Skura
276386,T. Finch,Tom Finch
276392,S. Gönül,Soner Gönül
276393,Y. Çift,Yunus Emre Çift
276394,A. Sağat,Ahmet Sağat
276395,F. Rózga,Filip Jan Rózga
276398,A. Camara,Adama Mohamed Camara
276406,O. Yılmaz,Oğuzhan Efe Yılmaz
276408,F. Pruhs,Florian Pruhs
276412,Hevertton,Hevertton Ciriaco Santos
276422,G. Kvernadze,Giorgi Kvernadze
276425,Luís Semedo,Luís Hemir Silva Semedo
276429,R. Velasco,Robin Velasco
276430,L. Sommer,Leon Sommer
276436,B. Hills,Bradley Hills
276438,K. Conteh,Kamil Amadu Conteh
276442,Gilberto,Gilberto Dambi Batista
276443,D. Veroli,Davide Veroli
276450,H. Postl,Harald Postl
276451,A. Vasić,Aljoša Vasić
276452,Teles,Samuel Teles Pereira Nunes da Silva
276460,S. Moore,Sean Moore
276461,L. Kelly-Heald,Lukas Eric Kelly-Heald
276471,Altimira,Sergi Altimira Clavell
276477,A. Marcandalli,Alessandro Marcandalli
276485,P. Masini,Patrizio Masini
276489,D. Preu,David Preu
276493,S. Mouriño,Álvaro Santiago Mouriño González
276497,L. Stefanović,Lazar Stefanović
276516,Vitor Gabriel,Vitor Gabriel Claudino Rego Ferreira
276518,M. Łubik,Marcel Łubik
276520,Li Sirong,Li Sirong
276528,C. Echeverri,Claudio Jeremías Echeverri
276531,M. Reindorf,Michael Reindorf
276534,B. Westermeier,Ben Luca Westermeier
276543,N. Mupemba,Noa-Grace Di-Tshibalabala Mupemba
276544,A. Cherni,Mohammed Amin Cherni
276547,Loide Augusto,Loide António Augusto
276555,A. Pereira,Alan Gustavo Pereira Guillén
276558,P. Riveros,Paul Vicente Riveros Allende
276561,D. Bennie,Daniel Ian Bennie
276562,J. Pearman,Jaylan Pearman
276566,M. Rafferty,Marcus Rafferty
276567,J. Abdullai,Wolji Jalal Abdulai
276571,Tian Ziyi,Tian Ziyi
276572,E. Pecorino,Emanuele Pecorino
276583,L. Burcu,Livan Baha Burcu
276591,A. Tsiftsis,Antonis Tsiftsis
276594,N. Cadiou,Noah Cadiou
276600,Lee Hyun Ju,Hyun-ju Lee
276602,A. Ouédraogo,Forzan Assan Ouédraogo
276603,R. Degregorio,Ramiro Matías Degregorio
276604,S. Vera,Santino Vera
276609,K. Al Subaie,Khalid Mohammed Al Subaie
276610,L. Oppie,Louis Oppie
276614,M. Gurbanli,Musa Qurban oğlu Qurbanlı
276616,Hong Yun Sang,Yun-sang Hong
276618,D. Irimia,David Mario Irimia
276619,Rafael Navarro,Rafael Navarro Leal
276622,J. Inserra,Joshua Inserra
276625,C. Mihai,Cristian Petrișor Mihai
276627,F. Lino,Franco Osuru Lino
276629,N. Rodrigues,Nathan Asher Rodrigues
276630,F. Nazareth,Franklin Robin Nazareth
276632,A. El Azzouzi,Anouar El Azzouzi
276633,N. Mendy,Nobel Mendy
276634,J. Adjetey,Jonas Adjei Adjetey
276638,A. Onyegbule,Brian Adriano Ogechukwu Onyegbule
276644,S. Stroscio,Simone Stroscio
276645,E. Rastoder,Elmin Rastoder
276646,R. Hranáč,Robin Hranáč
276652,A. Irimia,Dragoș Alexandru Irimia
276656,Z. De Jesus,Zachary Payne De Jesus
276657,A. El Wafi,Ayman El Wafi
276658,Martim Marques,Martim Alexandre Costa Marques
276659,K. Kujabi,Kalifa Kujabi
276660,N. Futkeu,Noel Futkeu
276666,A. Lyng,Alexander Lyng
276668,E. Lofolomo,Enrique Lofolomo
276670,T. Ouattara,Tiemoko Ouattara
276673,A. Al Ouwiradi,Abdulaziz Abdul Rahma Al Awairdhi
276674,F. Pseftis,Fotis Pseftis
276675,J. Bichsel,Joel Bichsel
276677,I. Bowat,Ibane Bowat
276679,S. Traoré,Seydou Traoré
276680,J. Ziółkowski,Jan Ziółkowski
276681,F. Rejczyk,Filip Rejczyk
276682,C. Ndour,Cher Ndour
276689,A. Klukowski,Antoni Klukowski
276692,A. Gheorghiță,Andrei Cosmin Gheorghiță
276693,Carlos Jatobá,Carlos Eduardo Bacila Jatobá
276694,J. Manzambi,Johan Manzambi
276695,S. Charles,Shea Emmanuel Charles
276697,Y. Sturm,Yann Sturm
276705,E. Pieragnolo,Edoardo Pieragnolo
276706,A. Vergara,Antonio Vergara
276708,J. Cardozo,Juan José Cardozo López
276710,A. Chinteș,Alin Marian Chinteș
276712,C. Neghli,Camiel Neghli
276716,Ž. Vipotnik,Žan Vipotnik
276720,K. Megwa,Kanayochukwu Megwa
276725,L. Palmisani,Lorenzo Palmisani
276731,M. Pruchniewski,Mateusz Pruchniewski
276735,I. Rondić,Imad Rondić
276736,T. Begić,Tjaš Begić
276742,Y. Lachhab,Youness Lachhab Didi
276743,R. Kouda,Rachid Kouda
276744,R. Tănasă,Răzvan Andrei Tănasă
276745,Álvaro Núñez,Álvaro Núñez Cobo
276747,A. Laâziri,Achraf Laâziri
276754,G. Corona,Giacomo Corona
276756,B. Yameogo,Bachirou Yaméogo
276758,B. Barański,Bartłomiej Barański
276760,N. Marec,Noah Marec
276761,M. Diop,Mamadou Diop
276769,J. Dembe,John Paul Dembe
276770,B. Al Hamad,Bassam Hamoud Al Hamad
276773,M. Heule,Michael Heule
276776,A. Al Shammari,Abdulrahman Hadl Al Shammari
276780,S. Salem,Saud Salem
276781,Ö. Gümüş,Ömer Faruk Gümüş
276783,T. Kloss,Tim Kloss
276784,S. Singh,Salam Johnson Singh
276787,A. Sishuba,Ayanda Sishuba
276789,L. Ross,Luca Ross
276798,N. Sekulov,Nikola Sekulov
276804,M. Compagnon,Mattia Compagnon
276806,O. Goodman,Owen Olamidayo Goodman
276808,M. Sahlouli,Muhammad Ahmed Yahya Sahlouli
276811,M. Fillafer,Maximilian Fillafer
276814,C. Drinan,Conor Drinan
276819,T. Rubio,Tobías Javier Rubio
276820,M. Moreno,Matías Agustín Moreno
276822,S. López,Santiago López Grobin
276823,R. Popescu,Robert Popescu
276824,M. Hamdi,Mathis Hamdi
276827,A. Kanté,Abdoulaye Raslan Kanté
276828,G. Lozano,Gustavo Lozano
276829,F. Iacovich,Fabricio Iacovich
276831,A. Palavecino,Agustín Blas Palavecino
276839,S. Desplanches,Sebastiano Desplanches
276840,N. Amanatidis,Nathan Christopher Amanatidis
276845,A. Robinson,Alexander Scott Robinson
276860,A. Adeyemo,Ade Adeyemo
276863,M. Dal,Maxim Bora Dal
276866,Iñigo Piña,Iñigo Sebastián Magaña
276867,B. Schamine,Facundo Benjamín Schamine
276872,E. Crombez,Enzo Crombez
276877,K. Lukoszek,Kamil Lukoszek
276895,Alemão,Alexandre Zurawski
276899,Z. Smajlović,Zinedin Smajlović
276900,Hugo Cunha,Hugo Alberto Pires da Cunha
276901,Afonso Moreira,Afonso Bastardo Moreira
276903,M. Benjamins,Marvin Benjamins
276905,N. Girma,Natan Girma
276909,Wagner Pina,Wagner Fabrício Cardoso de Pina
276916,Diogo Dias,Diogo Alexandre Aranha Dias
276917,A. Arena,Alessandro Arena
276925,N. Closset,Nicolas Jacques Closset
276927,K. White,Kyle Richard White
276931,J. Obikwu,Justin Patrick Nnamdi Obikwu
276933,N. Buayi-Kiala,Nathan Buayi-Kiala
276940,E. Kraja,Erdis Kraja
276942,S. Palmer-Houlden,Sebastian Palmer-Houlden
276943,G. Forsyth,Gabriel Forsyth
276944,T. Simkin,Tommy Simkin
276946,T. Jabol-Folcarelli,Tim Jabol-Folcarelli
276947,F. Conte,Facinet Conte
276949,Dotor,Carlos Dotor Gonzalez
276951,R. Pagano,Riccardo Pagano
276956,Sergio Arribas,Sergio Arribas Prieto
276958,M. Pedersen,Mats Pedersen
276960,B. Ceballos,Brayan Andrés Ceballos Jiménez
276964,J. Robatsch,Jannik Thomas Robatsch
276967,L. Stewart,Layton Rhys Stewart
276969,L. Avdullahu,Leon Avdullahu
276976,Javi Hernández,Francisco Javier Hernández Coarasa
276978,O. Devonport,Owen Devonport
276979,E. Højlund,Emil Winther Højlund
276980,A. Henderson,Alex Henderson
276984,N. Darjee,Nitesh Darjee
276985,S. Kynshi,Samuel James Lyngdoh Kynshi
276988,A. Bellaarouch,Alaa Bellaarouch
276993,N. Brdar,Noah Filip Brdar
276994,H. Williams,Harry Williams
276998,Diogo Nascimento,Diogo André Santos Nascimento
277002,Y. Vötter,Yannick Vötter
277007,L. Shipley,Lewis Shipley
277017,Jin Shunkai,Jin Shunkai
277019,L. Mihai,Luca Alessandro Mihai
277022,J. Simić,Jan-Carlo Simić
277025,S. Dweh,Sampson Kargeoh Dweh Jr.
277026,J. Gonstad,Julian Bakkeli Gonstad
277029,Miguel Román,Miguel Román González
277030,K. Bozhanaj,Kleis Bozhanaj
277031,A. Khusanov,Abdukodir Khusanov
277034,I. Orlikowski,Igor Orlikowski
277047,Carlos Eduardo,Carlos Eduardo Borges Parente
277052,M. Boateng,Malachi Boateng
277060,G. Sigua,Gabriel Sigua
277063,A. Abo Rasain,Ahmad Saud Ahmad Abu Rasen
277068,Lucas Pires,Lucas Pires Silva
277069,Luismi Cruz,Luis Miguel Cruz Hernández
277070,T. Touré,Tidjany Chabrol Touré
277072,B. Bafdili,Bilal Bafdili
277117,E. Borrelli,Edoardo Borrelli
277118,M. Faye,Mikayil Ngor Faye
277119,M. Yeo,Moussa Kounfolo Yeo
277121,N. Þórisson,Nökkvi ThórissonNökkvi Þeyr Þórisson
277144,Ü. Akdağ,Ümit Akdağ
277167,Y. Njoh,Yonis Njoh
277178,O. Diakité,Oumar Diakité
277179,Fermín,Fermín López Marín
277180,B. Lagae,Bram Lagae
277181,R. Profini,Rafael Profini
277189,J. Otero,Javier Alejandro Otero León
277193,Pedro Henrique,Pedro Henrique Azevedo Pereira
277194,Newerton,Newerton Martins da Silva
277197,D. Castillo,Denil Daniel Castillo Preciado
277201,S. Al Rouqi,Sattam Al Roqi
277206,I. Bangoura,Ibrahima Sory Bangoura
277207,O. Annell,Oskar Robert Annell
277210,J. Rossel,Juan Francisco Rossel Corozo
277211,Franculino,Franculino Gluda Djú
277214,J. Schingtienne,Joël Marcel Schingtienne
277216,M. Bamba,Mohamed Bamba
277217,T. Şahin,Muhammet Taha Şahin
277225,Jon Martín,Jon Martín Vicente
277227,A. Lebarbier,Alex Douma Johan Lebarbier
277228,T. Krishna,Tejas Krishna
277229,R. Pandre,Ranjeet Singh Pandre
277230,R. Tachikawa,Rei Tachikawa
277233,M. Mahzari,Mohammed Matar Mohsen Mahzari
277235,F. Al Shamrani,Farhah Ali Saeed Al Shamrani
277237,M. Hope,Mikkel Kalvenes Hope
277238,T. Nyhammer,Troy Engseth Nyhammer
277239,Adri Suárez,Adrián Suárez Ortega
277244,Rafa Marín,Rafael Marín Zamora
277248,T. Olmos,Tomás Olmos
277250,S. Lucero,Esteban Samuel Lucero
277251,A. Morinigo,Alan Tobías Morinigo
277252,S. Dahl,Samuel Elias Dahl
277266,B. Rice,Bailey Rice
277267,Juan Sebastián,Juan Sebastián Serrano
277269,Adrián Liso,Adrián Liso Lahoz
277270,J. Zé,Arlet Junior Zé
277272,J. Yfeko,Johnly Levi Yfeko
277279,R. Al Dawsari,Rayan Khalid Al Dossary
277281,R. Kampa,Robert Kampa
277283,J. Hinshelwood,Jack Luca Hinshelwood
277284,A. Yanar,Ali Emre Yanar
277285,S. Nioule,Severin Nioule
277288,R. Deas,Robbie Guthrie Deas
277289,S. Rubežić,Slobodan Rubežić
277290,J. Busse,Jonah Busse
277293,A. Mebude,Adedire Emmanuel Awokoya-Mebude
277295,O. Bobb,Oscar Bobb
277301,Gabriel Pirani,Gabriel Cordeiro Pirani
277302,D. Baiera,Andrew Baiera
277303,M. Bakrar,Monsef Bakrar
277305,S. Langås,Sondre Klingen Langås
277309,H. Meister,Henrik Wendel Meister
277310,O. Liimatta,Otso Liimatta
277311,Álvaro Martín,Álvaro Martín de Frías
277315,K. Nelson,Kitt Edward Nelson
277316,M. Al Alaeli,Mishal Youssef Eshaq Al Alaeli
277317,B. Al Doaa,Bela Mousa Ali Al Dawaa
277318,M. Abdulrahman,Mohammed Abdulrahman Yousef
277322,Rodrigo Pinheiro,Rodrigo Pinheiro Ferreira
277324,F. Roa Conchie,Fin Ngahina Roa Conchie
277325,J. Seary,Joshua David Seary
277327,F. Esposito,Francesco Pio Esposito
277330,R. Mamla,Rafał Mamla
277343,N. Asiimwe,Nathan Asiimwe
277345,J. Fitzpatrick,Joshua Fitzpatrick
277346,K. Anderson,Karoy Zidane Lovebourne Anderson
277353,J. Thomas,Joshua John Thomas
277354,L. Maronnier,Lucas Maronnier
277356,M. Diop,Mouhamed Diop
277360,I. Yadwad,Irfan Yadwad
277361,P. Kumar,Prateek Kumar Singh
277366,A. Marriott,Alfie Marriott
277373,Y. Kabadayi,Yusuf Karhan Kabadayı
277377,C. Micovschi,Claudiu Valentin Micovschi
277411,T. Hernes,Travis Enrique Hernes
277412,J. Shorrock,Jack Shorrock
277413,R. Walters,Rhys Anthony Walters
277419,Jaime Vázquez,Jaime Vázquez Cuervo Arango
277421,Marco Esteban,Marco Esteban Fernández
277425,Enol Rodríguez,Enol Rodríguez Heres
277426,Carlos Forbs,Carlos Roberto Forbs Borges
277427,N. O'Reilly,Nico O'Reilly
277430,Z. Baker,Zak Baker
277431,R. Lipinski,Raphaël Lipinski
277432,P. Dorgu,Patrick Chinazaekpere Dorgu
277438,K. Majekodunmi,Kaelan Andrew Moore Majekodunmi
277439,V. Brazhko,Volodymyr Brazhko
277442,K. Bilovar,Bilovar Kristian Ruslanovych
277445,A. Eckmayr,Alexander Eckmayr
277446,P. Piffer,Paul Piffer
277447,S. Lemkin,Stav Lemkin
277448,Eguinaldo,Eguinaldo de Sousa Lemos
277454,A. Al Enazi,Abdulrahman Ahmed Daghman Al Ashja'i Al Anazi
277456,O. Kashchuk,Oleksiy Kashchuk
277457,K. Zahiroleslam,Kahveh Zahiroleslam
277459,A. Abdo,Abdullah Ahmad Abdulaziz Abdo
277460,A. Masoud,Abdullah Masoud Kamel Ahmed
277462,A. Kassarah,Ahmed Hussain Kassarah Al Nakhli
277463,D. Brown,Dajaune Anthony Brown
277464,S. Bansé,Sacha Jordan Bansé
277465,I. Babadi,Isaac Achmed Koroma Junior Babadi
277470,S. Hrstić,Srdjan Hrstić
277471,A. Al Duqail,Abdulraouf Abdulaziz Essa Al Duqayl
277473,J. Reec,Jing Machar Reec
277474,F. Al Sibyani,Faisal Ismail S. Al Subiani
277475,Y. Al Zubaidi,Yaseen Attiah Al Zubaidi
277478,A. Singh,Tekcham Abhishek Singh
277479,S. Bhat,Suhail Ahmad Bhat
277482,L. Sauer,Leo Sauer
277483,G. Zechiël,Gjivai Zechiël
277484,M. Courcoul,Marius Courcoul
277485,S. Chérif,Sidiki Chérif
277487,A. Darisi,Abdulkarim Mohamed Darisi
277488,A. Fallatah,Ayman Yousef Ibrahim Fallatah
277489,P. Singh,Konsam Phalguni Singh
277490,B. Samte,Buanthanglun Samte
277491,D. Singh,Soraisham Dinesh Singh
277492,S. Nambrath,Shighil Nambrath
277493,F. Chawngthansanga,Fredy Chawngthansanga
277494,T. Singh,Huidrom Thoi Singh
277495,A. Al Harbi,Abdulaziz Nayef Muslim Al Harbi
277498,J. Assoumou,Kouadou Jaurès Assoumou
277499,T. Delphis,Thibault Delphis
277501,P. Dahl,Petter Nosakhare Dahl
277502,M. Touho,Mathis Touho
277503,C. Akpa,Clément Akpa
277509,T. Menzel,Tony Menzel
277512,C. Vickers,Caylan David Vickers
277515,S. Shpendi,Stiven Shpendi
277516,J. Shepherd,Jack Shepherd
277517,L. Angulo,Luis Miguel Angulo Sevillano
277518,He Xiaoke,He Xiaoke
277519,Juan Gutiérrez,Juan Gutiérrez Martínez
277522,N. Paull,Nathan James Paull
277524,A. Pantazopoulos,Anthony Pantazopoulos
277525,O. Priestman,Oscar James Moncrieff Priestman
277532,M. Asamoah,Maleace Kobby Afriyie Asamoah
277535,Gang Min Seong,Min-sung Kang
277537,Natan,Natan Bernardo de Souza
277538,Kwon Sun Ho,Sun-ho Kwon
277540,T. Meyer,Tim Meyer
277545,M. Singh,Maheson Singh Tongbram
277547,S. Stewart,Seán Stewart
277549,C. Taylor,Clayton John Taylor
277551,C. McMenamin,Conor McMenamin
277552,T. Bindon,Tyler Grant Bindon
277553,J. Paluska,Jan Paluska
277554,Adri Fuentes,Adrián Fuentes González
277561,S. Amo-Ameyaw,Samuel Christian Osaze Amo-Ameyaw
277565,A. Rrahmani,Albion Rrahmani
277567,R. Ramhlunchhunga,Ramhlunchhunga Ramhlunchhunga
277568,K. Alikulov,Khusniddin Alikulov
277570,A. Akhtar,Asheer Akhtar
277571,D. Peraić-Cullen,Dylan Peraić-Cullen
277574,H. Mohammed,Hazem Mohammad Abdullah Abbas
277578,A. Bojang,Adama Bojang
277580,J. Gupta,Jay Gupta
277581,Samu,Samuel Omorodion Aghehowa
277584,J. Colwill,Joel William Colwill
277586,M. Turner,Matthew David Turner
277588,K. Heide,Konstantin Günter Georg Heide
277589,D. Szala,Dominik Jerzy Szala
277590,I. Chirila,Iustin Constantin Chirilă
277591,F. Lissah,Filip Lissah
277593,S. Kuzmić,Srđan Kuzmić
277594,Óscar Aranda,Óscar Aranda Subiela
277597,F. González,Facundo González Molino
277598,D. Soumaré,El Hadji Djibril Soumaré
277599,F. Distefano,Filippo Distefano
277601,E. Soglo,Emran Soglo
277613,H. Douglas,Hamish Douglas
277614,A. Valverde,Claudio Agustin Valverde Molaro
277615,R. Müller,Robin Guy Müller
277618,A. Friday,Adams Friday
277619,J. Reynolds,Justin Reynolds
277624,M. Borchers,Mads Borchers
277626,A. Zeqiri,Altin Zeqiri
277627,D. Varešanović,Dal Varesanovic
277630,Everson Junior,Everson Junior Pereira da Silva
277634,I. Saio,Ivan Saio
277635,M. Jensen,Markus Gustav Jensen
277636,R. Burnete,Rareș Cătălin Burnete
277642,Astralaga,Ander Astralaga Aranguren
277643,Lamine Yamal,Lamine Yamal Nasraoui Ebana
277644,T. Negrel,Tom Negrel
277645,Afonso Rodrigues,Afonso de Oliveira Rodrigues
277657,K. Andrews,Kai Andrews
277658,R. Kolli,Rayan Jawad Kolli
277659,M. Gbane,Roman Mory Diaman Gbane
277661,André Seruca,André Seruca de Oliveira
277663,M. Belloumi,Mohamed Bachir Belloumi
277664,E. van Ee,Espen van Ee
277665,S. Merkaj,Silvio Merkaj
277668,F. Krätzig,Frans Krätzig
277669,T. Hülsmann,Tom Ritzy Hülsmann
277671,E. Keskin,Enes Keskin
277672,O. Braude,Oliver Johansen Braude
277673,A. Priske,August Priske Flyger
277684,Dani Requena,Daniel Requena Sánchez
277689,C. Harder,Conrad Harder Weibel Schandorf
277692,V. Crespi,Valerio Crespi
277693,A. Mărginean,Iulius Andrei Mărginean
277695,D. Ghilardi,Daniele Ghilardi
277696,A. Sersanti,Alessandro Sersanti
277698,Í. Sigurgeirsson,Ísak Andri Sigurgeirsson
277700,G. van Zwam,Giovanni van Zwam
277703,M. Egbring,Mats Montijn Egbring
277704,T. Corazza,Tommaso Corazza
277705,Y. Konak,Yunus Emre Konak
277708,Unai Gómez,Unai Gómez Etxebarria
277719,Mada,Ander Madariaga Susaeta
277742,Jeremy,Jeremy Alberto Arévalo Mera
277744,T. Aydın,Taylan Utku Aydın
277747,J. Knight-Lebel,Jamie Mathieu Knight-Lebel
277749,A. Burak,Abdulsamet Burak
277751,A. Skogmar,Adrian Siam Skogmar
277752,Guilherme Montóia,Guilherme Manuel Serrão Montóia
277755,J. Alcócer,Josimar Angelo Alcócer McCook
277763,Ş. Öztürk,Mehmet Şamil Öztürk
277767,A. Kaprálik,Adrián Kaprálik
277768,Liu Haoran,Liu Haoran
277769,F. Zuccon,Federico Zuccon
277771,S. Kristiansen,Stian Kristiansen
277782,Wang Yudong,Wang Yudong
277786,F. Peralta,Fabrizio José Peralta Ramírez
277790,L. Paz,Luis Fernando Paz Vargas
277794,A. Manyoma,Alexis Castillo Manyoma
277797,Marcos Leonardo,Marcos Leonardo Santos Almeida
277799,A. Ilić,Andrej Ilić
277801,I. Jenner,Ivar Jenner
277802,E. Motta,Edoardo Motta
277804,L. Marsh,Louie Joseph Marsh
277805,J. Kügel,Julian Kügel
277806,J. Cissé,Jonathan Cissé
277807,K. Þórðarson,Kolbeinn ThórdarsonKolbeinn Þórðarson
277809,K. Sano,Kodai Sano
277811,M. de Amorim,Mathias de Amorim
277814,G. Swiderski,Grégoire Swiderski
277820,N. Lahmadi,Noah Lahmadi
277823,D. Peretz,Daniel Peretz
277825,Jorge Benito,Jorge Benito de Valle Martín
277826,Ale Gorrín,Alejandro González Gorrín
277832,C. Ikwuemesi,Charles Chukwubuikem Ikwuemesi
277835,B. Lawal,Mohammed Bosun Lawal
277836,L. Meuli,Lucas Joaquín Meuli Palma
277839,N. Krstović,Nikola Krstović
277840,O. Gandelman,Omri Gandelman
277842,J. Brandt,Jascha Brandt
277843,S. Hansen,Sabil Osman Hansen
277844,L. Pedersen,Laurits Raun Pedersen
277846,Nico Paz,Nicolás Paz Martínez
277848,L. Falasco,Lucio Falasco
277849,L. Pascual,Luciano Valentín Pascual
277850,A. Deshwal,Ayush Deshwal
277852,C. O'Sullivan,Cory O'Sullivan
277855,I. Orazi,Ikechukwu Orazi
277860,T. King,Tom King
277864,D. Kwakman,Dave Kwakman
277865,L. Pazourek,Luca Pazourek
277869,M. Kayode,Michael Olabode Kayode
277870,C. Favasuli,Costantino Favasuli
277871,D. Tıknaz,Demir Ege Tıknaz
277872,R. Kofler,Raphael Kofler
277877,L. Wurm,Leopold Wurm
277878,Santi García,Santiago García González
277885,A. Jaunzems,Alvis Jaunzems
277887,M. Finkgräfe,Max Finkgräfe
277894,Álex Lozano,Alejandro Lozano Cárdenas
277897,B. Elliott,Benjamin Njongoue Elliott
277899,J. Lomboto,Julien Lomboto Lompombi
277901,L. Stojković,Luka Stojković
277902,L. Tómasson,Logi Tómasson
277904,E. Beach,Edward James Beach
277905,A. Hiim,Anders Hiim
277908,D. Kochen,Diego Kochen
277909,E. Kroupi,Eli Junior Eric Anat Kroupi
277910,K. Oudenne,Kolja Nuno Oudenne
277916,L. Gavran,Luka Gavran
277922,K. Doyle,Kamari Olivier Doyle
277928,M. Berger,Mannou Berger
277929,Kauã Santos,Kauã Morais Vieira dos Santos
277930,M. Jaouab,Mohamed Jaouab
277935,F. Sylla,Fodé Sanassy Sylla
277938,A. N'Gatta,Ange Loïc N'Gatta
277941,L. Kačavenda,Lukas Kačavenda
277942,W. Benard,William Benard
277943,N. Fichtinger,Nick Fichtinger
277944,O. Fayed,Omar Fayed
277947,M. Gómez,Matías Ezequiel Gómez
277954,K. Yıldız,Kenan Yıldız
277967,J. Mądrzyk,Jakub Mądrzyk
277968,D. Weidmann,Daouda Weidmann
277969,A. Faye,Abdoulaye Faye
277971,Pedro Lima,Pedro Lima Barros
277973,J. Pérez,Juan Daniel Pérez Centurión
277975,P. Guiagon,Parfait Guiagon
277976,Miguel Silva,Miguel Ângelo Gomes da Silva
277977,G. Ursu,Gabriel Ursu
277979,G. Abuashvili,Giorgi Abuashvili
277980,A. N'Doye,Assane N'Doye
277985,M. Diarra,Mahamadou Diarra
277986,T. Gale,Thierry Mikael Gale
277991,D. Gaye,Dadi Dodou Gaye
277993,R. Molotnikov,Rudi Allan-Molotnikov
277995,C. Agius,Calum Agius
277997,O. Elding,Owen Elding
278001,Dani Barcia,Daniel Barcia Rama
278003,Yusi,Youssef Enríquez
278006,D. Radu,Denis Răzvan Radu
278007,Z. Sturge,Zak Norton Sturge
278008,Iván Garriel,Iván Garriel Muñoz
278012,D. Osorio,Darío Esteban Osorio Osorio
278013,S. Sazonov,Saba Sazonov
278014,A. Riccio,Alessandro Pio Riccio
278016,Murillo,Murillo Santiago Costa dos Santos
278017,O. Kellyman,Omari Kellyman
278020,M. Galarza,Matías Galarza Fonda
278023,M. van Sas,Mikki Avelon Leander van Sas
278024,D. Ertaş,Deniz Ertaş
278025,André Luiz,André Luiz Inácio da Silva
278030,L. Stephenson,Luca Stephenson
278032,C. Mandas,Christos Mandas
278034,N. Fernandez,Nehemiah Fernandez Veliz
278035,Mella,David Mella Boullón
278040,B. Woods,Benjamin Woods
278041,F. Lallawmawma,Freddy Lallawmawma
278043,A. Naïfi,Amine Naïfi
278045,Fraga,Aitor Fraga Torres
278046,Pau Cubarsí,Pau Cubarsí Paredes
278047,Z. Booth,Chadwick Zachary Booth
278049,A. Crnac,Ante Crnac
278054,L. Sailo,Lalchhanhima Sailo
278055,S. Lotjem,Seilenthang Lotjem
278056,B. Yavuz,Batuhan Yavuz
278057,B. Meupiyou,Ndemeni Bastien Chefren Meupiyou Menadjou
278061,T. Gomis,Tidiam Diadie Stephan Gomis
278065,S. Sané,Sadibou Sané
278069,L. Palma,Luis Enrique Palma Oseguera
278071,Arnau Rafús,Arnau Rafús Aulet
278073,T. Davies,Thomas Alfred Davies
278075,I. Azarov,Irakli Azarovi
278076,M. Besaggio,Michele Besaggio
278086,L. Masoero,Lucas Gabriel Masoero Masi
278087,M. Ilie,Matei Cristian Ilie
278095,J. Van Neck,Jelle Van Neck
278096,L. Amatucci,Lorenzo Amatucci
278097,G. Earthy,George Robert Earthy
278098,K. Casey,Kaelan Casey
278099,M. Pissardo,Marco Pissardo
278101,C. Marshall,Callum Marshall
278102,G. Kodua,Gideon Nana Kwame Fosu Kodua
278104,I. Mabaya,Isaac Angus Mabaya
278105,M. Mothersille,Malik Maine Mothersille
278107,I. Camara,Ilay Camara
278112,M. Piekutowski,Miłosz Piekutowski
278118,S. Berkani,Stan Berkani
278119,I. Sané,Ibou Sané
278121,S. Aljofree,Sonny Aljofree
278126,Selvi,Silvi Clua Oya
278131,K. Al Rammah,Khaled Emad Abdullah Al Rammah
278132,R. Kaabi,Rakan Al Kaabi
278133,S. Tombakti,Sattam Tombakti
278134,H. Blair,Harvey Antonio Blair
278136,J. Richards,Jake Richards
278137,G. Nikas,Georgios Nikas
278145,S. Magomedaliyev,Şahrudin Məhəmməd oğlu Məhəmmədəliyev
278146,B. Arthur,Benjamin Arthur
278148,M. Avella,Michele Avella
278149,D. Chauhan,Dipesh Chauhan
278151,S. Hawkins,Stuart Russell Hawkins
278157,Á. Torres,Ángel Yesid Torres Quiñones
278158,Q. MacNicol,Quinn MacNicol
278159,R. Safuri,Ramzi Safouri
278164,K. Gabbidon,Kyle Gabbidon
278167,J. Laine,Janne-Pekka Samuli Laine
278168,E. Aydın,Eyüp Aydın
278172,E. Mbappé,Ethan Mbappé Lottin
278174,J. Hall,Julian Zakrzewski Hall
278177,L. Raimund,Luca Joachim Raimund
278178,T. Scheller,Tjark Lasse Scheller
278181,H. Akpa-Chukwu,Hemsley Chizorba Akpa-Chukwu
278183,F. Armstrong,Finlay Patric Armstrong
278186,J. Kania,Julian Kania
278187,T. Louchet,Tom Alexis Louchet
278190,E. Decker,Elias Decker
278192,S. Meitei,Nongmeikapam Suresh Meitei
278193,J. Johnson,Joseph Nathan Johnson
278196,B. Oram,Bekey Oram
278197,M. Nickson,Macarton Louis Nickson
278201,A. Al Masoud,Ali Al Masoud
278203,J. Kayi Sanda,Joachim Kayi Sanda
278205,Y. Aradj,Ylies Aradj
278206,M. Al Saad,Muhannad Yahya Saeed Al Saad
278207,N. Edjouma,Noah Edjouma
278213,C. Gardner,Cameron Gardner
278217,S. Morales,Santiago Morales
278220,M. Dibley-Dias,Matthew Max Dibley-Dias
278224,W. Kamijo,Wataru Kamijo
278227,T. Haji,Talal Abubakr Abdullah Haji
278228,E. Baum,Elias Niklas Baum
278229,D. Bohdanov,Dmytro Bogdanov
278230,M. Lambourde,Mathis Thierry Lambourde Frontier
278233,H. Politidis,Harry Alexandros Politidis
278234,M. Aimen,Mohammed Aimen
278237,D. Bartesaghi,Davide Bartesaghi
278239,J. Morgan,Jimmy-Jay Morgan
278247,M. Azhar,Mohammed Azhar
278248,E. Yeboah,Ephraim Yeboah
278249,L. Supyk,Luke Stuart Supyk
278252,M. Schmitt,Max Joseph Schmitt
278254,A. Ola-Adebomi,Ademola Oladipupo Ola-Adebomi
278257,H. Patre,Harsh Shailesh Patre
278258,M. Molla,Monirul Molla
278260,M. Efekele,Malamine Efekele
278261,O. Touré,Ousmane Touré
278262,L. Mincarelli,Lucas Mincarelli Davin
278279,C. Fall,Cheikh Fall
278280,F. Rinaldi,Filippo Rinaldi
278282,Y. Titi,Yvann Titi
278283,O. Sissoko,Omar Sissoko
278286,A. Gilchrist,Alfie Gilchrist
278288,A. Matos,Alex Matos
278290,R. Stutter,Ronnie Stutter
278292,J. McConnell,James McConnell
278301,P. Candelari,Pietro Candelari
278305,L. Lucchesi,Lorenzo Lucchesi
278308,Gong Si Hyeun,Si-hyeon Gong
278309,Kim Tae Jun,Tae-joon Kim
278318,A. Stanković,Aleksandar Stankovic
278319,L. Marianucci,Luca Marianucci
278321,D. Theiner,Daniel Theiner
278326,A. Cissè,Alphadjo Cissè
278331,L. Nava,Lapo Francesco Maria Nava
278333,A. Sfait,Andres Emil Sfait
278335,G. Daffara,Giovanni Daffara
278338,Saná Fernandes,Saná Eusébio Mango Fernandes
278339,M. Palestra,Marco Palestra
278340,P. Comuzzo,Pietro Comuzzo
278346,Mateus Lusuardi,Mateus Henrique Vanzelli Lusuardi
278349,D. Huijsen,Dean Donny Huijsen
278350,S. Fini,Seydou Fini
278351,K. Zeroli,Kevin Zeroli
278352,G. Stabile,Giacomo Stabile
278354,G. Bonfanti,Giovanni Bonfanti
278359,C. Bischoff,Clement Mutahi Bischoff
278360,J. Lindekilde,Jonatan Holm Lindekilde
278362,L. Flø,Lasse Flø Borregaard
278363,V. Westh,Villads Westh
278366,A. Andersen,Adam Nygaard Andersen
278367,L. Kirkegaard,Lukas Emil Kirkegaard
278369,E. Ortakaya,Emir Ortakaya
278391,Unai Hernández,Unai Hernández Lorenzo
278392,David López,David López Guijarro
278394,Fran González,Francisco Javier González Pérez
278395,Guilherme Fernandes,Guilherme Sousa Carvalho Fernandes
278399,Gonzalo,Gonzalo García Torres
278400,Iñaki González,Iñaki González Zambrano
278402,Selu Diallo,Mamadou Selu Diallo Diallo
278403,Herzog,Juan Manuel Herzog González
278404,De la Rosa,José Antonio de la Rosa Garrido
278408,Egiluz,Unai Egiluz Arroyo
278413,F. Facello,Francisco Fabián Facello
278430,L. Vargas,Lautaro Valentín Vargas
278434,T. Medina,Tobías Medina
278436,M. Troilo,Mariano Emir Troilo
278437,M. Ríos,Milton Uriel Ríos
278440,N. Durán,Nazareno Durán
278452,M. Cáceres,Mateo Valentín Cáceres
278454,D. Aquino,Dylan Fabricio Aquino
278455,A. Anselmino,Aarón Anselmino
278460,V. Moreno,Valentín Javier Moreno
278464,L. Pérez,Leonel Ulises Perez
278469,T. Ayala,Thyago Nahuel Ayala
278470,T. Adoryán,Tomás Alexander Adoryán
278474,L. Lavagnino,Lucas Ignacio Lavagnino
278479,A. Bibout,Aaron Banind Bibout
278488,O. Valencia,Omar Javier Valencia Arauz
278490,L. Brennan,Luke Brennan
278495,T. Hall,Tyler Austin Hall
278499,Alejandro Granados,Alejandro Granados Torres
278502,L. Dellavalle,Lorenzo Dellavalle
278511,G. McElroy,Gareth McElroy
278523,Rodri Mendoza,Rodrigo Mendoza Martinez Moya
278524,Mario Maroto,Mario Maroto Argüello
278530,Cuenca,Marcos Cuenca Aranda
278535,Luis Roldán,Luis Roldán López
278554,N. Devalckeneer,Niels Devalckeneer
278557,J. Donley,Jamie Paul Donley
278560,M. de Ligt,Max de Ligt
278567,João Costa,João Gabriel e Costa Cesco
278569,A. Thiaré,Aliou Thiaré
278571,Y. Issoufou,Yanis Ali Issoufou
278573,M. Toma,Mihai Vlăduț Toma
278578,J. Kusi-Asare,Jonah Daniel Kusi-Asare
278582,I. Brusberg,Isak Brusberg
278587,D. Gül,Deniz Gül
278590,S. El Jebari,Salim El Jebari
278595,Kim Do Yun,Do-yoon Kim
278596,L. Graham,Luke Graham
278598,M. Tait,Macaulay Tait
278600,J. Wilson,James Wilson
278601,Aitor Gismera,Aitor Gismera Monge
278602,M. Kirk,Makenzie Kirk
278606,S. Lawal,Samson Adeniran Lawal
278608,Adrián Niño,Adrián Niño Heredia
278623,J. Samooja,Jasper Lauri Petteri Samooja
278628,Ricardo Visus,Ricardo Visus Contreras
278630,Carrillo,Álvaro Carrillo Alacid
278636,C. O'Sullivan,Cathal O'Sullivan
278638,S. Bailey,Sam Bailey
278641,C. Reynolds,Conor Reynolds
278642,K. McDonagh,Kyle McDonagh
278643,D. Patton,Daire Patton
278659,Pau Navarro,Pau Navarro Badenes
278660,Zine,Ambrosini António Cabaça Salvador
278661,Yarek,Yarek Gąsiorowski Hernandis
278664,B. Yusuf,Bamidele Yusuf
278668,Zé Pedro,José Pedro da Silva Figueiredo Freitas
278670,R. Yadav,Robin Yadav
278671,L. Fanai,Lalremtluanga Fanai
278674,M. Sanan,Mohammed Sanan K
278679,M. Cimermancic,Markus Cimermancic
278688,O. Makhanya,Olwethu Makhanya
278694,V. Puthiya Valappill,Vishnu Puthiya Valappill
278697,M. Rafi,Mohammed Rafi
278701,M. Gjone,Martin Gjone
278702,S. Pettersen,Storm Even Bugge Pettersen
278703,K. Sætherbø,Kasper Sætherbø
278707,I. Vådebu,Isak Vådebu
278710,O. Spiten-Nysæter,Oskar Spiten-Nysæter
278717,M. Klausen,Mathias Engevik Klausen
278719,M. Børsheim,Martin Børsheim
278720,M. Haaland,Markus Haaland
278721,J. Eikrem,Jesper Eikrem
278724,E. Helland,Eivind Fauske Helland
278725,T. Pérez,Tomás Pérez
278727,V. Peñalva,Valentín Peñalva
278728,P. Müller,Philipp Müller
278730,A. Kayombo,Axel Kayombo
278734,R. León,Roberto Ignacio León
278743,F. Sartori,Fabrizio Sartori Prieto
278745,J. Contrera,Julián Contrera
278747,A. Al Nakhli,Ahmed Al Nakhli
278748,F. Al Ghamdi,Fares Al Ghamdi
278749,H. Rabea,Hassan Ali Rabea
278750,R. Münz,Reno Morris Münz
278751,T. Köhler,Tim Köhler
278752,S. Innvær,Sander Håvik Innvær
278753,J. Reitan-Sunde,Jesper Reitan-Sunde
278757,G. Aguirre,Junior Gonzalo Aguirre Arenas
278758,Jastin,Antonino Jastin García Lopéz
278759,Iker Almena,Iker Almena Horcajo
278761,M. Barreda,Mariano Barreda Botto
278773,M. Lewis-Skelly,Myles Anthony Lewis-Skelly
278777,J. Kongolo,Josue Ndenge Kongolo
278780,F. Jeltsch,Finn Jeltsch
278782,M. Mina,Marcos David Mina Lucumí
278785,J. Escobar,Josen David Escobar del Duca
278789,M. Diawara,Mahamadou Diawara
278796,S. Baseya,Steven Baseya
278804,N. Calabrese,Nicolò Calabrese
278813,Marc Guiu,Marc Guiu Paz
278814,Marcos Peña,Marcos Peña Ocaña
278815,D. Bordun,Denis Bordun
278816,F. Damkjer,Frederik Damkjer
278819,R. McCausland,Ross McCausland
278820,A. Grindhaug,Almar Gjerd Grindhaug
278823,M. Dia,Madiodio Dia
278825,Y. Ikia Dimi,Yvan Ikia Dimi
278828,J. Dixon,Jaden Dixon
278829,C. Evans,Corey Evans
278832,K. Manu,King Samuel Manu
278834,S. Suso,Klaus Sima Suso
278838,D. Scicluna,Dylan Dean Scicluna
278841,L. Garzón,Lautaro Miguel Ángel Garzón
278854,A. Kabar,Almugera Raouf Mohammed Kabar
278856,A. Obando,Allen Aldair Obando Ayoví
278864,S. Mullen,Senan Michael Mullen
278871,A. Zaloha,Artem Zaloha
278872,Killane,Álvaro Killane Giardini
278873,B. Broekmans,Boaz Broekmans
278875,Z. Gozo,Zavier Gozo
278884,O. Svatok,Oleksandr Svatok
278889,G. Bovalina,Giuseppe Bovalina
278893,M. Flotho,Moritz Flotho
278895,J. Luker,Jayden Luker
278896,R. Oné,Ryan Oné
278901,A. Bouaddi,Ayyoub Bouaddi
278902,A. Koné,Amadou Koné
278903,J. Jacquet,Jérémy Jacquet
278911,T. Gooijer,Tristan Gooijer
278912,J. Brandes,Julian Christiaan Brandes
278914,S. Silalahi,Samuel Agung Marcello Silalahi
278919,R. Donovan,Romelle Donovan
278923,Héctor Fort,Héctor Fort García
278925,A. Higgins,Akeel Higgins
278926,J. Nonge,Joseph Nonge Boende
278928,Álex Jiménez,Alejandro Jiménez Sánchez
278933,K. Flavell,Kieren James Flavell
278937,Y. Meitei,Sukham Yoihenba Meitei
278941,M. Kipgen,Manglenthang Kipgen
278946,R. Al Tulayhi,Rakan Rajeh A. Al Tulayhi
278955,M. Fry,Malcolm Fry
278957,J. Meghoma,Jayden Ade Trindade Meghoma
278958,S. Parker,Sam Parker
278964,A. Doicaru,Albert Iustin Doicaru
278965,V. Baier,Viktor Baier
278966,L. Cherubini,Luigi Cherubini
278972,W. Koptas,Wiktor Koptas
278976,P. Amoran,Peter Amoran
278982,Jordi Martín,Jorge Martín Camuñas
278984,T. Backwell,Tommy George Backwell
278986,T. Iorpenda,Thomas Achi Iorpenda
278987,K. Grant,Kamarl Antonio Grant
278988,N. Dobson,Neo Dobson
278990,Brenner,Brenner Lucas Gonçalves Santos
278995,A. De Corte,Axl De Corte
278996,O. Sadik,Omar Sadik
278999,M. Hekimoğlu,Mustafa Erhan Hekimoğlu
279000,Y. Akçiçek,Yusuf Akçiçek
279001,O. Çevikkan,Onuralp Çevikkan
279005,M. Horemans,Milo Horemans
279007,D. Tanton,Devan Austin Tanton Pedraza
279008,L. De Fougerolles,Luc Rollet De Fougerolles
279010,N. Courtens,Nolhan Courtens
279014,A. Kelly-Heald,Albert Otto Kelly-Heald
279015,V. Froholdt,Victor Mow Froholdt
279016,J. Sebas,Jeremy SebasJérémy Sebas
279022,L. Rothenhagen,Lio Mark Rothenhagen
279025,D. Wells,Dylan Wells
279026,Hugo Rincón,Hugo Rincón Lumbreras
279027,Javi Rodríguez,Javier Rodríguez Galiano
279028,M. Young,Matthew Young
279035,A. Boayar,Adam Boayar Benaisa
279042,Z. Nelson,Zack Mark Anthony Emeka Nelson
279044,Geovany Quenda,Geovany Tcherno Quenda
279045,B. Ogbus,Bruno Ifechukwu Ogbus
279048,B. Haidara,Bakary Haidara
279050,B. Antonio,Bill Leeroy Antonio
279052,H. Abdallah,Hamza Abdallah
279056,M. Neffati,Moutaz Neffati
279058,S. Kilen,Sander Hestetun Kilen
279059,C. Miño,César Eduardo Miño Amarilla
279061,A. Traore,Abdoul Karim Traoré
279063,L. Hernández,Leandro Aníbal Hernández Espinoza
279064,S. Pilios,Stavros Pilios
279074,I. Barrios,Ignacio Luis Barrios Hernández
279076,C. Inga,César Johan Inga Velásquez
279078,O. Maamma,Othmane Maamma
279092,B. Lomax,Ben Lomax
279093,F. Conti,Francesco Conti
279101,B. Yalçınkaya,Bilal Yalcinkaya
279109,Víctor Parada,Victor Parada González
279112,Damián Rodríguez,Damián Rodríguez Sousa
279114,Z. Keita,Zoumana Keita
279115,B. Yilmaz,Berkay Yilmaz
279116,D. Zeitler,Deniz Zeitler
279117,A. Dorrington,Alfie Dorrington
279122,D. Acquah,Desmond Ofori Acquah
279124,B. Ibrahim,Bradley Ibrahim
279125,T. Gruber,Tobias Gruber
279128,T. Nyoni,Treymaurice Nyoni
279130,A. Camara,Amady Camara
279145,Z. Dunne,Zach Dunne
279165,A. Ruberto,Agustín Fabián Ruberto
279166,U. Giménez,Ulises Adrián Giménez
279168,S. Beltrán,Santiago Beltrán
279169,T. Leiva,Tobías Manuel Leiva
279170,D. Zabala,Daniel Lucas Zabala
279173,F. Mastantuono,Franco Mastantuono
279174,G. Trindade,Gonzalo Agustín Trindade
279182,G. Okewoye,Gbolahan Okewoye
279183,M. Woodford,Max Woodford
279186,A. Ayoubi,Austin Jake Ayoubi
279188,Š. Hrgović,Šimun Hrgović
279193,T. Galvez,Tomas Kristian Galvez
279194,M. Mashaal,Mustafa Tarek Mashaal
279195,C. Parks,Charlie Parks
279196,N. Arias,Óscar Nahuel Arias
279198,B. Mazzeo,Benjamin Joseph Mazzeo
279200,Buba Sangaré,Aboubacar Sangaré Traoré
279201,M. Sheridan,Matthew Benjamin Sheridan
279202,F. Camarda,Francesco Camarda
279203,O. Ogbemudia,Oluwaseun God Power Osaro Ogbemudia
279209,B. Owusu,Beres Owusu
279210,D. Dongmo,Danel Dongmo
279212,L. Seifert,Luis Seifert
279213,O. Stange,Otto Emerson Stange
279217,V. Auklend,Vetle Auklend
279218,A. Etri,Ahmed Etri
279219,L. Wilhelm,Lasse Wilhelm
279220,M. Müller,Marcus Müller
279224,J. Duffus,Joshua James Leslie Duffus
279228,F. Ruggeri,Fabio Andrea Ruggeri
279236,K. Malcolm,Kyrell Malcolm
279239,J. Addai,Jayden Osei Addai
279240,A. Visser,Andy Visser
279246,R. Naderi,Ryan Don Naderi
279249,M. Mbick,Micah Mbick
279251,L. McCabe,Law McCabe
279252,M. Gogorza,Mikel Johan Gogorza Krüger-Johnsen
279256,Théo,Théo Zidane Fernández
279269,S. Parekh,Sudhiri Parekh
279299,H. Sundaramm,Hariy Sundaramm
279314,M. Manne,Maniy Manne
279315,L. Alderuccio,Lionel Alderuccio
279319,M. Radhakrishnann,Munir Radhakrishnann
279322,M. Srivastyava,Many Srivastyava
279324,V. Minghi,Vishal Minghi
279332,J. Goyal,Jajendya Goyal
279349,P. Gokchale,Punyt Gokchale
279350,O. Allgood,Orwell Allgood
279362,G. Dalrymple,Giulio Dalrymple
279377,I. Rayi,Indria Rayi
279418,M. Majumdar,Mitar Majumdar
279419,A. Bawwa,Abhaiy Bawwa
279426,L. Brunskillus,Lachlan Brunskillus
279427,C. Wang,Cadel Wang
279428,K. Nankervis,Kieran Nankervis
279431,N. Nagarr,Nirayi Nagarr
279435,S. Divan,Sanjit Divan
279438,G. Dharr,Gurdrep Dharr
279439,T. Jindalee,Thaddeus Jindalee
279440,O. Bingwas,Omar Bingwas
279441,H. Cayless,Hayden Cayless
279444,G. Prasad,Goni Prasad
279445,C. Willem,Caius Willem
279448,L. Quattrocchi,Lleyton Quattrocchi
279453,J. Drinkwater,Jaxon Drinkwater
279454,P. Dada,Parthy Dada
279455,A. Cascioli,Axle Cascioli
279456,J. Leahy,Jago Leahy
279459,B. Oaksott,Blake Oaksott
279461,J. Foothead,Jarrah Foothead
279464,A. Lethbridge,Alessandro Lethbridge
279465,P. Mabo,Percival Mabo
279467,H. Iyengar,Hrithikit Iyengar
279472,T. Singh,Tiernan Singh
279473,F. Rispoli,Fabio Rispoli
279474,A. Baallal,Abdellah Baallal
279478,J. Lacey,Joseph Steven Colin Lacey
279480,N. Al Bishri,Nawaf Nasser Mohammed Al Bishri
279487,E. Ruiz,Elkin Eduardo Ruiz Congo
279489,N. Jindaoui,Nader El-Jindaoui
279490,K. Amoako,Kofi Jeremy Amoako
279497,T. Dibling,Tyler-Jay Robert Dibling
279501,J. Vidić,Justin Vidic
279502,M. Diakité,Moussa Diakité
279503,E. Özbek,Mehmet Eray Özbek
279506,Darío Benavides,Darío Benavides Fuentes
279507,Rafa Romero,Rafael Romero Morilla
279508,T. de Graaff,Tom Gerard de Graaff
279509,H. Sahabo,Hakim Sahabo
279514,R. Beney,Roméo Beney
279519,T. Chirewa,Tawanda Blessing Chirewa
279520,L. Kavanagh,Leigh Robert Kavanagh
279529,L. Mendicino,Leonardo Mendicino
279530,M. Ens,Martin Ens
279542,M. Moerstedt,Max Moerstedt
279543,K. Adamson,Kealey Otieno Adamson
279544,A. Fadal,Ali Fadal
279546,L. Castledine,Leo Castledine
279548,C. Olmedo,César Ramón Olmedo Alcaraz
279550,Dong Hang,Dong Hang
279553,Yan Qihang,Qihang Yan
279557,M. Nagida,Mahamadou Aboubakar Nagida
279563,S. Chingambam Singh,Chingambam Shivaldo Singh
279565,Diogo Pinto,Diogo de Carvalho Pinto
279572,S. Peck,Sydie Frederick Peck
279573,L. Zogbé,Tolikpaley Luck Evrad Zogbé
279575,T. Del Lungo,Tommaso Del Lungo
279584,S. Poonia,Sahil Poonia
279591,S. Al Sharfa,Saad Fahad Al Sharfa
279593,M. Al Absi,Mohammed Saleem Hamid Al Absi
279599,L. Winkler,Levin Winkler
279603,Olabarrieta,Aingeru Olabarrieta Capelo
279604,Jauregizar,Mikel Jauregizar Alboniga
279605,Tristán,Pol Tristán Jiménez
279619,A. Urzua,Alejandro Urzua
279622,N. Aséko,Noël Aséko-Nkili
279623,S. Di Benedetto,Samuele Di Benedetto
279624,Mahamadou Susoho,Mahamadou Susoho Sissoho
279625,J. Metcalfe,Jenson Metcalfe
279626,P. Paryzek,Patryk Paryzek
279627,S. Bouabré,Saïmon Nadélia Bouabré
279641,C. Nsiala,Clinton Nsiala-Makengo
279653,Calavia,Carlos Calavia Larroya
279657,B. Nink,Ben Nink
279659,S. Ketkar,Shreyas Katkar
279660,M. Al Dowaish,Mohammed Ali Abdulaziz Al Dowaish
279667,R. Vanwesemael,Robert-Jan Vanwesemael
279669,S. Marques,Samuel Marques
279682,Arnu,Adrián Arnuncio Baquerín
279685,J. Lukas,Justin Lukas
279686,E. Vaca,Ervin Vaca Moreno
279700,M. Coulibaly,Mamadou Coulibaly
279702,S. El Mourabet,Samir El Mourabet
279703,Francisco Silva,Francisco Diogo Pereira da Silva
279705,J. Cohen,Joshua Cohen
279706,D. Ferree,Duran Michael Ferree
279709,Lucas Beraldo,Lucas Lopes Beraldo
279710,S. Hestnes,Simen Hestnes
279711,J. Hummelvoll-Nuñez,Johannes Andres Hummelvoll-Nuñez
279712,Z. Yáñez,Zidane Antonio Yañez
279713,R. Rasch,Robin Gravli Rasch
279714,M. Njie,Momodou Lion Njie
279715,J. Hjorth,Jonas Lange Hjorth
279716,H. Hoseth,Håkon Helland Hoseth
279717,A. Aleesami,Ayoub Aleesami
279725,K. Arıcan,Kağan Arıcan
279731,Gabriel Moscardo,Gabriel Silva Moscardo de Salles
279735,R. Svindland,Remi-André Svindland
279736,O. Okeke,Obilor Denzel Okeke
279738,M. Tønnessen,Mathias Tønnessen
279739,S. Sandal,Sverre Hakami Sandal
279748,E. Olivera,Ezequiel Olivera Reymundo
279766,J. McGregor,Joel McGregor
279768,Chico Lamba,Chico Faria Camará Lamba
279769,Diogo Travassos,Diogo Martins Travassos
279774,W. Da Rocha,William Da Rocha
279777,J. Ruiz,Javier Ruiz
279782,Z. Athekame,Zachary Athekame
279785,N. Al Ghulaimish,Nawaf Abdullah Al Gulaymish
279786,M. Hinestroza,Marino Hinestroza Angulo
279787,G. Tubbs,Garrison Isaiah Tubbs
279797,L. Golič,Lovro Golič
279805,N. Rodríguez,Norman Exzequiel Rodríguez Olivera
279807,A. Nhaili,Adam Nhaili
279808,S. Mito,Shunsuke Mito
279816,F. Nicola,Franco Nicola Albanell
279820,M. Iacobellis,Marco Osvaldo Iacobellis Nahara
279821,A. Irazoque,Agustin Ezequiel Irazoque
279824,S. Halvorsen,Sondre Spieler Halvorsen
279827,M. Frame,Mitchel Frame
279831,T. Porra,Tomás Uriel Porra
279832,G. Simenstad,Gard Simenstad
279838,F. Montoro,Francisco Montoro
279840,B. Bosch,Gianluca Benjamín Bosch
279841,M. Carrizo,Maher Mauricio Carrizo
279843,A. Pelon,Aurélien Pelon
279845,V. Fascendini,Valentín Demian Fascendini
279847,M. Santiago,Mariano Santiago
279850,Jo Jun Hyeon,Jun-hyun Jo
279852,Kim Dae Hyeon,Dae-hyun Kim
279856,W. Johnson,Will Johnson
279857,R. Kone,Richard Koné
279863,A. Scarone,Augusto Sebastián Scarone Segovia
279868,David Otorbi,David Otorbi Ejededawe
279871,Gui Siqueira,Guilherme Leal Siqueira
279874,A. Yaakobishvili,Antal Yaakobishvili
279876,Charlys,Charlys Matheus Lima Pontes
279877,F. Ghedjemis,Farès Ghedjemis
279879,K. Yandal,Kerem Yandal
279880,Renato Marin,Renato Bellucci Marin
279881,E. Akman,Efe Akman
279882,G. Gürpüz,Gökdeniz Gürpüz
279891,D. Mascardi,Diego Mascardi
279896,A. Bajrami,Adrian Bajrami
279897,Eric Puerto,Eric Puerto Huerta
279899,Miro,Valdemiro Pinto Domingos
279903,A. Awudu,Abdul Awudu
279918,J. Varela,José Pablo Varela Rebollo
279919,D. Nandín,Dylan Alexander Nandín Berrutti
279922,T. Verón,Tomás Verón Lupi
279925,A. Hoxha,Arbër Hoxha
279926,Dadie,Alberto Dadie Izaguirre
279928,Thalisson Kelven,Thalisson Kelven da Silva
279929,I. Sjong,Isak Aron Sjong
279930,Felipe Augusto,Felipe Augusto da Silva
279932,S. González,Santiago Iván González
279934,I. Subiabre,Ian Martín Subiabre
279937,M. Burton,Micah Aiden Burton
279942,Guilherme Biro,Guilherme da Trindade Dubas
279948,K. Kostons,Koen Kostons
280142,D. Ruward,Dylan Ruward